mtllib materials.mtl
v 0.451354 -0.4083357 0.03116897
v 0.451354 -0.4083357 0.1724311
v 0.451354 0.3073926 0.1724312
v 0.451354 0.3073926 0.03116909
v -0.518646 -0.4083357 0.03116879
v -0.518646 0.3073926 0.03116891
v -0.518646 0.3073926 0.172431
v -0.518646 -0.4083357 0.1724309
v 0.5524148 0.4958389 -0.03878111
v 0.5765301 0.4540696 -0.03878111
v 0.6006454 0.4123006 -0.03878111
v 0.5803637 0.3818781 -0.01609075
v 0.6488762 0.3287623 -0.03878108
v 0.6488763 0.135839 -0.03878111
v 0.6184537 0.135839 -0.01609081
v 0.6006455 0.05230069 -0.0387812
v 0.5524145 -0.0312376 -0.0387812
v 0.5321328 -0.01095581 -0.01609084
v 0.4688763 -0.07946825 -0.03878123
v 0.385338 -0.1276991 -0.03878126
v 0.3751972 -0.09727669 -0.0160909
v 0.1924146 -0.1276991 -0.03878134
v 0.2025556 -0.1074176 -0.005950212
v 0.1088764 -0.07946825 -0.03878134
v 0.02533823 -0.03123736 -0.03878134
v 0.04562002 -0.01095557 -0.01609102
v -0.02289265 0.05230093 -0.03878137
v -0.07112327 0.1358392 -0.03878137
v -0.07112324 0.1358392 -0.01609102
v -0.07112324 0.3287623 -0.03878134
v -0.02289239 0.4123006 -0.03878129
v 0.02533853 0.4958389 -0.03878129
v -0.05084151 0.3186216 -0.01609093
v 0.1088769 0.5440698 -0.03878123
v 0.192415 0.5923004 -0.0387812
v 0.1924149 0.5517371 -0.01609084
v 0.3853383 0.5923004 -0.03878111
v 0.4259017 0.5213146 -0.01609069
v 0.4688765 0.5440695 -0.03878111
v 0.532133 0.4654162 -0.01609075
v 0.5524147 0.4958386 0.006599605
v 0.6006454 0.4123006 0.006599605
v 0.6488762 0.3287621 0.006599605
v 0.6488762 0.135839 0.006599516
v 0.5524145 -0.0312376 0.006599486
v 0.3853381 -0.1276991 0.006599426
v 0.1924148 -0.1276991 0.006599307
v 0.02533835 -0.03123713 0.006599307
v -0.07112324 0.1358392 0.006599307
v -0.07112315 0.3287623 0.006599396
v 0.02533853 0.4958386 0.006599426
v 0.1924149 0.5923004 0.006599486
v 0.3853384 0.5923004 0.006599605
v 0.6184537 0.3186214 -0.01609072
v 0.0354794 0.4654162 -0.01609087
v 0.1329919 0.1423008 -0.03878132
v 0.132992 0.3223007 -0.03878129
v 0.2888764 0.2323008 -0.03878126
v 0.4447609 0.1423008 -0.03878123
v 0.4327032 0.3431852 -0.0387812
v 0.1988766 0.3881853 -0.03878123
v 0.3788766 0.3881853 -0.03878117
v -0.197807 0.4991941 -0.04477727
v -0.1736917 0.4574249 -0.04477727
v -0.1495764 0.4156559 -0.04477727
v -0.1698581 0.3852334 -0.02208692
v -0.1013456 0.3321176 -0.04477724
v -0.1013455 0.1391943 -0.04477727
v -0.1317681 0.1391943 -0.02208698
v -0.1495764 0.05565596 -0.04477736
v -0.1978073 -0.0278821 -0.04477736
v -0.218089 -0.007600546 -0.02208701
v -0.2813455 -0.07611299 -0.04477739
v -0.3648838 -0.1243439 -0.04477742
v -0.3750246 -0.09392142 -0.02208707
v -0.5578071 -0.1243439 -0.04477751
v -0.5476662 -0.1040623 -0.01194638
v -0.6413454 -0.07611299 -0.04477751
v -0.7248836 -0.0278821 -0.04477751
v -0.7046018 -0.007600307 -0.02208719
v -0.7731144 0.05565619 -0.04477754
v -0.8213451 0.1391945 -0.04477754
v -0.821345 0.1391945 -0.02208719
v -0.821345 0.3321176 -0.04477751
v -0.7731142 0.4156559 -0.04477745
v -0.7248833 0.4991941 -0.04477745
v -0.8010633 0.3219769 -0.0220871
v -0.6413449 0.547425 -0.04477739
v -0.5578067 0.5956557 -0.04477736
v -0.5578068 0.5550923 -0.02208701
v -0.3648835 0.5956554 -0.04477727
v -0.3243201 0.5246699 -0.02208686
v -0.2813452 0.5474248 -0.04477727
v -0.2180888 0.4687715 -0.02208692
v -0.1978071 0.4991941 0.0006034374
v -0.1495764 0.4156559 0.0006034374
v -0.1013456 0.3321173 0.0006034374
v -0.1013456 0.1391943 0.000603348
v -0.1978073 -0.0278821 0.0006033182
v -0.3648838 -0.1243439 0.0006032586
v -0.557807 -0.1243439 0.0006031394
v -0.7248834 -0.0278821 0.0006031394
v -0.821345 0.1391945 0.0006031394
v -0.821345 0.3321176 0.0006032288
v -0.7248833 0.4991941 0.0006032586
v -0.5578068 0.5956557 0.0006033182
v -0.3648834 0.5956557 0.0006034374
v -0.1317681 0.3219767 -0.02208689
v -0.7147424 0.4687715 -0.02208704
v -0.6172299 0.1456561 -0.04477748
v -0.6172298 0.3256559 -0.04477745
v -0.4613454 0.235656 -0.04477742
v -0.3054609 0.1456561 -0.04477739
v -0.3175186 0.3465405 -0.04477736
v -0.5513452 0.3915405 -0.04477739
v -0.3713453 0.3915405 -0.04477733
v 0.2827219 0.2686303 -0.05667767
v 0.3027235 0.2633886 -0.05558968
v 0.2981639 0.268775 0.05418372
v 0.2781623 0.2740164 0.05309573
v 0.3174033 0.2488465 -0.05426639
v 0.3128437 0.2542329 0.055507
v 0.3228279 0.2289007 -0.05306238
v 0.3182684 0.234287 0.05671102
v 0.3175439 0.2088952 -0.05230024
v 0.3129843 0.2142816 0.05747315
v 0.3029671 0.1941907 -0.05218419
v 0.2984075 0.1995771 0.05758919
v 0.2830032 0.1887274 -0.05274537
v 0.2784436 0.1941137 0.05702804
v 0.2630017 0.193969 -0.05383337
v 0.2584421 0.1993554 0.05594006
v 0.2483219 0.2085109 -0.05515665
v 0.2437623 0.2138972 0.05461678
v 0.2428972 0.228457 -0.05636066
v 0.2383376 0.2338433 0.05341277
v 0.2481812 0.2484624 -0.0571228
v 0.2436216 0.2538486 0.0526506
v 0.2627581 0.2631669 -0.05723882
v 0.2581985 0.268553 0.05253458
v -0.5988131 0.190747 -0.05042669
v -0.5966404 0.2707162 -0.04964888
v -0.6276703 0.2315493 -0.05233672
v -0.7604348 0.1451185 -0.05051947
v -0.7558191 0.3150556 -0.05019191
v 0.1514087 0.1873918 -0.04443052
v 0.1535814 0.2673609 -0.04365271
v 0.1225515 0.228194 -0.04634055
v -0.01021301 0.1417632 -0.0445233
v -0.005597308 0.3117003 -0.04419574
v 0.2495878 0.3699954 -0.04514053
v 0.3295812 0.3698254 -0.04634383
v 0.2895967 0.3998718 -0.04795113
v 0.199948 0.5304222 -0.04351678
v 0.3699034 0.5300663 -0.04739878
v 0.1465304 -0.2111528 -0.01319996
v 0.1554961 -0.2163293 -0.01319996
v 0.1554961 -0.2163293 0.02679998
v 0.1465303 -0.2111528 0.02679998
v 0.1606725 -0.2252951 -0.01319996
v 0.1606725 -0.2252951 0.02679998
v 0.1606725 -0.2356477 -0.01319996
v 0.1606725 -0.2356477 0.02679998
v 0.1554962 -0.2446134 -0.01319996
v 0.1554962 -0.2446134 0.02679998
v 0.1465304 -0.24979 -0.01319999
v 0.1465304 -0.24979 0.02679998
v 0.1361777 -0.24979 -0.01319999
v 0.1361777 -0.24979 0.02679995
v 0.127212 -0.2446134 -0.01319999
v 0.1272119 -0.2446134 0.02679995
v 0.1220356 -0.2356477 -0.01319999
v 0.1220355 -0.2356477 0.02679995
v 0.1220355 -0.2252951 -0.01319999
v 0.1220355 -0.2252951 0.02679995
v 0.1272119 -0.2163293 -0.01319999
v 0.1272119 -0.2163293 0.02679995
v 0.1361776 -0.2111528 -0.01319999
v 0.1361776 -0.2111528 0.02679998
v 0.2265304 -0.211153 -0.01319999
v 0.2354961 -0.2163293 -0.01319999
v 0.2354961 -0.2163296 0.02680001
v 0.2265303 -0.211153 0.02680001
v 0.2406725 -0.2252951 -0.01319999
v 0.2406725 -0.2252953 0.02680001
v 0.2406725 -0.2356479 -0.01320001
v 0.2406725 -0.2356479 0.02679998
v 0.2354962 -0.2446136 -0.01320001
v 0.2354961 -0.2446136 0.02679998
v 0.2265304 -0.2497902 -0.01320004
v 0.2265304 -0.2497902 0.02679995
v 0.2161777 -0.2497902 -0.01320007
v 0.2161776 -0.2497902 0.02679992
v 0.2072119 -0.2446136 -0.01320007
v 0.2072119 -0.2446139 0.02679992
v 0.2020355 -0.2356479 -0.01320007
v 0.2020355 -0.2356482 0.02679992
v 0.2020355 -0.2252953 -0.01320004
v 0.2020354 -0.2252953 0.02679995
v 0.2072119 -0.2163296 -0.01320004
v 0.2072118 -0.2163296 0.02679995
v 0.2161776 -0.211153 -0.01320001
v 0.2161776 -0.211153 0.02679998
v 0.06653036 -0.211153 -0.01320001
v 0.07549612 -0.2163293 -0.01320001
v 0.07549611 -0.2163296 0.02679998
v 0.06653034 -0.211153 0.02679998
v 0.08067252 -0.2252953 -0.01320001
v 0.0806725 -0.2252953 0.02679998
v 0.08067253 -0.2356479 -0.01320001
v 0.08067251 -0.2356479 0.02679998
v 0.07549617 -0.2446136 -0.01320001
v 0.07549614 -0.2446136 0.02679998
v 0.06653042 -0.2497902 -0.01320004
v 0.06653041 -0.2497902 0.02679998
v 0.05617766 -0.2497902 -0.01320004
v 0.05617764 -0.2497902 0.02679995
v 0.0472119 -0.2446136 -0.01320004
v 0.04721188 -0.2446136 0.02679995
v 0.04203551 -0.2356479 -0.01320004
v 0.04203549 -0.2356479 0.02679995
v 0.04203549 -0.2252953 -0.01320004
v 0.04203547 -0.2252953 0.02679995
v 0.04721186 -0.2163296 -0.01320004
v 0.04721183 -0.2163296 0.02679995
v 0.05617761 -0.211153 -0.01320004
v 0.05617759 -0.211153 0.02679998
v 0.206354 -0.3254716 0.02180001
v 0.2083636 -0.3179717 0.02180001
v 0.2061985 -0.3167217 0.02246988
v 0.203854 -0.3254716 0.02246988
v 0.2046136 -0.3158066 0.02430001
v 0.2020239 -0.3254716 0.02430001
v 0.2040335 -0.3154716 0.02680001
v 0.201354 -0.3254716 0.02680001
v 0.2046136 -0.3158066 0.0293
v 0.2020239 -0.3254716 0.0293
v 0.2061985 -0.3167217 0.03113014
v 0.203854 -0.3254716 0.03113014
v 0.2083636 -0.3179717 0.0318
v 0.206354 -0.3254716 0.0318
v 0.2105287 -0.3192217 0.03113014
v 0.208854 -0.3254716 0.03113014
v 0.2121136 -0.3201368 0.0293
v 0.2106841 -0.3254716 0.0293
v 0.2126938 -0.3204715 0.02680001
v 0.211354 -0.3254716 0.02680001
v 0.2121136 -0.3201368 0.02430001
v 0.2106841 -0.3254716 0.02430001
v 0.2105287 -0.3192217 0.02246988
v 0.208854 -0.3254716 0.02246988
v 0.213854 -0.3124812 0.02180001
v 0.212604 -0.3103161 0.02246988
v 0.2116889 -0.3087313 0.02430001
v 0.211354 -0.3081512 0.02680001
v 0.2116889 -0.3087313 0.0293
v 0.212604 -0.3103161 0.03113014
v 0.213854 -0.3124812 0.0318
v 0.215104 -0.3146462 0.03113014
v 0.2160191 -0.3162313 0.0293
v 0.216354 -0.3168113 0.02680001
v 0.2160191 -0.3162313 0.02430001
v 0.215104 -0.3146462 0.02246988
v 0.221354 -0.3104715 0.02180001
v 0.221354 -0.3079717 0.02246988
v 0.221354 -0.3061416 0.02430001
v 0.221354 -0.3054717 0.02680001
v 0.221354 -0.3061416 0.0293
v 0.221354 -0.3079717 0.03113014
v 0.221354 -0.3104715 0.0318
v 0.221354 -0.3129716 0.03113014
v 0.221354 -0.3148017 0.0293
v 0.221354 -0.3154716 0.02680001
v 0.221354 -0.3148017 0.02430001
v 0.221354 -0.3129716 0.02246988
v 0.228854 -0.3124812 0.02180001
v 0.230104 -0.3103161 0.02246988
v 0.2310191 -0.3087313 0.02430001
v 0.231354 -0.3081512 0.02680001
v 0.231019 -0.3087313 0.0293
v 0.230104 -0.3103161 0.03113014
v 0.228854 -0.3124812 0.0318
v 0.227604 -0.3146462 0.03113014
v 0.2266889 -0.3162313 0.0293
v 0.226354 -0.3168113 0.02680001
v 0.2266889 -0.3162313 0.02430001
v 0.227604 -0.3146462 0.02246988
v 0.2343444 -0.3179717 0.02180001
v 0.2365094 -0.3167217 0.02246988
v 0.2380944 -0.3158066 0.02430001
v 0.2386745 -0.3154716 0.02680001
v 0.2380944 -0.3158066 0.0293
v 0.2365094 -0.3167217 0.03113014
v 0.2343444 -0.3179717 0.0318
v 0.2321793 -0.3192217 0.03113014
v 0.2305944 -0.3201368 0.0293
v 0.2300142 -0.3204715 0.02680001
v 0.2305944 -0.3201368 0.02430001
v 0.2321793 -0.3192217 0.02246988
v 0.236354 -0.3254716 0.02180001
v 0.238854 -0.3254716 0.02246988
v 0.2406841 -0.3254716 0.02430001
v 0.241354 -0.3254716 0.02680001
v 0.2406841 -0.3254716 0.0293
v 0.238854 -0.3254716 0.03113014
v 0.236354 -0.3254716 0.0318
v 0.233854 -0.3254716 0.03113014
v 0.2320239 -0.3254716 0.0293
v 0.231354 -0.3254716 0.02680001
v 0.2320239 -0.3254716 0.02430001
v 0.233854 -0.3254716 0.02246988
v 0.2343444 -0.3329716 0.02180001
v 0.2365094 -0.3342216 0.02246988
v 0.2380944 -0.3351367 0.02430001
v 0.2386745 -0.3354716 0.02680001
v 0.2380944 -0.3351367 0.0293
v 0.2365094 -0.3342216 0.03113014
v 0.2343444 -0.3329716 0.0318
v 0.2321793 -0.3317215 0.03113014
v 0.2305944 -0.3308065 0.0293
v 0.2300142 -0.3304718 0.02680001
v 0.2305944 -0.3308065 0.02430001
v 0.2321793 -0.3317215 0.02246988
v 0.228854 -0.3384621 0.02180001
v 0.230104 -0.3406272 0.02246988
v 0.231019 -0.342212 0.02430001
v 0.231354 -0.342792 0.02680001
v 0.231019 -0.342212 0.0293
v 0.230104 -0.3406272 0.03113014
v 0.228854 -0.3384621 0.0318
v 0.227604 -0.336297 0.03113014
v 0.2266889 -0.334712 0.0293
v 0.226354 -0.334132 0.02680001
v 0.2266889 -0.334712 0.02430001
v 0.227604 -0.336297 0.02246988
v 0.221354 -0.3404717 0.02180001
v 0.221354 -0.3429716 0.02246988
v 0.221354 -0.3448017 0.02430001
v 0.221354 -0.3454716 0.02680001
v 0.221354 -0.3448017 0.0293
v 0.221354 -0.3429716 0.03113014
v 0.221354 -0.3404717 0.0318
v 0.221354 -0.3379717 0.03113014
v 0.221354 -0.3361416 0.0293
v 0.221354 -0.3354716 0.02680001
v 0.221354 -0.3361416 0.02430001
v 0.221354 -0.3379717 0.02246988
v 0.213854 -0.3384621 0.02180001
v 0.212604 -0.3406272 0.02246988
v 0.2116889 -0.342212 0.02430001
v 0.211354 -0.342792 0.02680001
v 0.2116889 -0.342212 0.0293
v 0.212604 -0.3406272 0.03113014
v 0.213854 -0.3384621 0.0318
v 0.215104 -0.336297 0.03113014
v 0.2160191 -0.334712 0.0293
v 0.216354 -0.334132 0.02680001
v 0.2160191 -0.334712 0.02430001
v 0.215104 -0.336297 0.02246988
v 0.2083636 -0.3329716 0.02180001
v 0.2061985 -0.3342216 0.02246988
v 0.2046136 -0.3351367 0.02430001
v 0.2040335 -0.3354716 0.02680001
v 0.2046136 -0.3351367 0.0293
v 0.2061985 -0.3342216 0.03113014
v 0.2083636 -0.3329716 0.0318
v 0.2105287 -0.3317215 0.03113014
v 0.2121136 -0.3308065 0.0293
v 0.2126937 -0.3304718 0.02680001
v 0.2121136 -0.3308065 0.02430001
v 0.2105287 -0.3317215 0.02246988
v 0.046354 -0.3254714 0.02179998
v 0.04836362 -0.3179715 0.02179998
v 0.04619856 -0.3167214 0.02246985
v 0.043854 -0.3254714 0.02246985
v 0.04461362 -0.3158064 0.02429998
v 0.04202387 -0.3254714 0.02429998
v 0.04403349 -0.3154714 0.02679998
v 0.041354 -0.3254714 0.02679998
v 0.04461362 -0.3158064 0.02929997
v 0.04202387 -0.3254714 0.02929997
v 0.04619855 -0.3167214 0.03113011
v 0.043854 -0.3254714 0.03113011
v 0.04836362 -0.3179715 0.03179997
v 0.046354 -0.3254714 0.03179997
v 0.05052868 -0.3192215 0.03113011
v 0.048854 -0.3254714 0.03113011
v 0.05211362 -0.3201365 0.02929997
v 0.05068412 -0.3254714 0.02929997
v 0.05269375 -0.3204713 0.02679998
v 0.051354 -0.3254714 0.02679998
v 0.05211362 -0.3201365 0.02429998
v 0.05068413 -0.3254714 0.02429998
v 0.05052868 -0.3192215 0.02246985
v 0.048854 -0.3254714 0.02246985
v 0.053854 -0.3124809 0.02179998
v 0.052604 -0.3103158 0.02246985
v 0.05168894 -0.3087311 0.02429998
v 0.051354 -0.308151 0.02679998
v 0.05168894 -0.3087311 0.02929997
v 0.052604 -0.3103158 0.03113011
v 0.053854 -0.3124809 0.03179997
v 0.055104 -0.314646 0.03113011
v 0.05601906 -0.316231 0.02929997
v 0.056354 -0.3168111 0.02679998
v 0.05601906 -0.316231 0.02429998
v 0.055104 -0.314646 0.02246985
v 0.061354 -0.3104713 0.02179998
v 0.061354 -0.3079715 0.02246985
v 0.061354 -0.3061414 0.02429998
v 0.061354 -0.3054714 0.02679998
v 0.061354 -0.3061414 0.02929997
v 0.061354 -0.3079715 0.03113011
v 0.061354 -0.3104713 0.03179997
v 0.061354 -0.3129714 0.03113011
v 0.061354 -0.3148015 0.02929997
v 0.061354 -0.3154714 0.02679998
v 0.061354 -0.3148015 0.02429998
v 0.061354 -0.3129714 0.02246985
v 0.068854 -0.3124809 0.02179998
v 0.070104 -0.3103158 0.02246985
v 0.07101906 -0.3087311 0.02429998
v 0.071354 -0.308151 0.02679998
v 0.07101906 -0.3087311 0.02929997
v 0.070104 -0.3103158 0.03113011
v 0.068854 -0.3124809 0.03179997
v 0.067604 -0.314646 0.03113011
v 0.06668893 -0.316231 0.02929997
v 0.066354 -0.3168111 0.02679998
v 0.06668894 -0.316231 0.02429998
v 0.06760401 -0.314646 0.02246985
v 0.07434438 -0.3179715 0.02179998
v 0.07650945 -0.3167214 0.02246985
v 0.07809438 -0.3158064 0.02429998
v 0.0786745 -0.3154714 0.02679998
v 0.07809438 -0.3158064 0.02929997
v 0.07650944 -0.3167214 0.03113011
v 0.07434437 -0.3179715 0.03179997
v 0.07217931 -0.3192215 0.03113011
v 0.07059438 -0.3201365 0.02929997
v 0.07001425 -0.3204713 0.02679998
v 0.07059438 -0.3201365 0.02429998
v 0.07217932 -0.3192215 0.02246985
v 0.076354 -0.3254714 0.02179998
v 0.078854 -0.3254714 0.02246985
v 0.08068413 -0.3254714 0.02429998
v 0.08135399 -0.3254714 0.02679998
v 0.08068413 -0.3254714 0.02929997
v 0.07885399 -0.3254714 0.03113011
v 0.076354 -0.3254714 0.03179997
v 0.07385399 -0.3254714 0.03113011
v 0.07202387 -0.3254714 0.02929997
v 0.071354 -0.3254714 0.02679998
v 0.07202387 -0.3254714 0.02429998
v 0.073854 -0.3254714 0.02246985
v 0.07434438 -0.3329713 0.02179998
v 0.07650944 -0.3342214 0.02246985
v 0.07809438 -0.3351364 0.02429998
v 0.0786745 -0.3354714 0.02679998
v 0.07809438 -0.3351364 0.02929997
v 0.07650944 -0.3342214 0.03113011
v 0.07434437 -0.3329713 0.03179997
v 0.07217931 -0.3317213 0.03113011
v 0.07059438 -0.3308063 0.02929997
v 0.07001425 -0.3304715 0.02679998
v 0.07059438 -0.3308063 0.02429998
v 0.07217932 -0.3317213 0.02246985
v 0.068854 -0.3384619 0.02179998
v 0.070104 -0.340627 0.02246985
v 0.07101906 -0.3422117 0.02429998
v 0.07135399 -0.3427918 0.02679998
v 0.07101906 -0.3422117 0.02929997
v 0.070104 -0.340627 0.03113011
v 0.068854 -0.3384619 0.03179997
v 0.067604 -0.3362968 0.03113011
v 0.06668893 -0.3347118 0.02929997
v 0.066354 -0.3341317 0.02679998
v 0.06668893 -0.3347118 0.02429998
v 0.067604 -0.3362968 0.02246985
v 0.061354 -0.3404715 0.02179998
v 0.061354 -0.3429713 0.02246985
v 0.061354 -0.3448014 0.02429998
v 0.061354 -0.3454714 0.02679998
v 0.061354 -0.3448014 0.02929997
v 0.061354 -0.3429713 0.03113011
v 0.061354 -0.3404715 0.03179997
v 0.061354 -0.3379714 0.03113011
v 0.061354 -0.3361413 0.02929997
v 0.061354 -0.3354714 0.02679998
v 0.061354 -0.3361413 0.02429998
v 0.061354 -0.3379714 0.02246985
v 0.053854 -0.3384619 0.02179998
v 0.052604 -0.340627 0.02246985
v 0.05168894 -0.3422117 0.02429998
v 0.051354 -0.3427918 0.02679998
v 0.05168894 -0.3422117 0.02929997
v 0.052604 -0.340627 0.03113011
v 0.053854 -0.3384619 0.03179997
v 0.055104 -0.3362968 0.03113011
v 0.05601906 -0.3347118 0.02929997
v 0.056354 -0.3341317 0.02679998
v 0.05601906 -0.3347118 0.02429998
v 0.055104 -0.3362968 0.02246985
v 0.04836362 -0.3329713 0.02179998
v 0.04619855 -0.3342214 0.02246985
v 0.04461361 -0.3351364 0.02429998
v 0.04403349 -0.3354714 0.02679998
v 0.04461361 -0.3351364 0.02929997
v 0.04619855 -0.3342214 0.03113011
v 0.04836361 -0.3329713 0.03179997
v 0.05052868 -0.3317213 0.03113011
v 0.05211361 -0.3308063 0.02929997
v 0.05269374 -0.3304715 0.02679998
v 0.05211361 -0.3308063 0.02429998
v 0.05052868 -0.3317213 0.02246985
v -0.02864599 -0.1004715 -0.003200024
v -0.02864599 -0.1004715 0.04679999
v -0.02864599 -0.06047153 0.04679999
v -0.02864599 -0.06047153 -0.003200024
v -0.148646 -0.1004715 -0.003200024
v -0.148646 -0.06047153 -0.003200024
v -0.148646 -0.06047153 0.04679999
v -0.148646 -0.1004715 0.04679999
v 0.3065303 -0.211153 -0.01319996
v 0.3154961 -0.2163293 -0.01319996
v 0.315496 -0.2163296 0.02679998
v 0.3065303 -0.211153 0.02679998
v 0.3206725 -0.2252951 -0.01319996
v 0.3206724 -0.2252953 0.02679998
v 0.3206725 -0.2356479 -0.01319996
v 0.3206725 -0.2356479 0.02679998
v 0.3154961 -0.2446136 -0.01319999
v 0.3154961 -0.2446136 0.02679998
v 0.3065304 -0.2497902 -0.01319999
v 0.3065304 -0.2497902 0.02679995
v 0.2961776 -0.2497902 -0.01319999
v 0.2961776 -0.2497902 0.02679995
v 0.2872119 -0.2446136 -0.01319999
v 0.2872119 -0.2446136 0.02679995
v 0.2820355 -0.2356479 -0.01319999
v 0.2820355 -0.2356482 0.02679995
v 0.2820355 -0.2252953 -0.01319999
v 0.2820355 -0.2252953 0.02679995
v 0.2872118 -0.2163296 -0.01319999
v 0.2872118 -0.2163296 0.02679998
v 0.2961776 -0.211153 -0.01319996
v 0.2961775 -0.211153 0.02679998
v 0.126354 -0.3254714 0.02179998
v 0.1283636 -0.3179715 0.02179998
v 0.1261986 -0.3167214 0.02246985
v 0.123854 -0.3254714 0.02246985
v 0.1246136 -0.3158064 0.02429998
v 0.1220239 -0.3254714 0.02429998
v 0.1240335 -0.3154714 0.02679998
v 0.121354 -0.3254714 0.02679998
v 0.1246136 -0.3158064 0.02929997
v 0.1220239 -0.3254714 0.02929997
v 0.1261986 -0.3167214 0.03113011
v 0.123854 -0.3254714 0.03113011
v 0.1283636 -0.3179715 0.03179997
v 0.126354 -0.3254714 0.03179997
v 0.1305287 -0.3192215 0.03113011
v 0.128854 -0.3254714 0.03113011
v 0.1321136 -0.3201365 0.02929997
v 0.1306841 -0.3254714 0.02929997
v 0.1326937 -0.3204713 0.02679998
v 0.131354 -0.3254714 0.02679998
v 0.1321136 -0.3201365 0.02429998
v 0.1306841 -0.3254714 0.02429998
v 0.1305287 -0.3192215 0.02246985
v 0.128854 -0.3254714 0.02246985
v 0.133854 -0.3124809 0.02179998
v 0.132604 -0.3103158 0.02246985
v 0.1316889 -0.3087311 0.02429998
v 0.131354 -0.308151 0.02679998
v 0.1316889 -0.3087311 0.02929997
v 0.132604 -0.3103158 0.03113011
v 0.133854 -0.3124809 0.03179997
v 0.135104 -0.314646 0.03113011
v 0.1360191 -0.316231 0.02929997
v 0.136354 -0.3168111 0.02679998
v 0.1360191 -0.316231 0.02429998
v 0.135104 -0.314646 0.02246985
v 0.141354 -0.3104713 0.02179998
v 0.141354 -0.3079715 0.02246985
v 0.141354 -0.3061414 0.02429998
v 0.141354 -0.3054714 0.02679998
v 0.141354 -0.3061414 0.02929997
v 0.141354 -0.3079715 0.03113011
v 0.141354 -0.3104713 0.03179997
v 0.141354 -0.3129714 0.03113011
v 0.141354 -0.3148015 0.02929997
v 0.141354 -0.3154714 0.02679998
v 0.141354 -0.3148015 0.02429998
v 0.141354 -0.3129714 0.02246985
v 0.148854 -0.3124809 0.02179998
v 0.150104 -0.3103158 0.02246985
v 0.1510191 -0.3087311 0.02429998
v 0.151354 -0.308151 0.02679998
v 0.1510191 -0.3087311 0.02929997
v 0.150104 -0.3103158 0.03113011
v 0.148854 -0.3124809 0.03179997
v 0.147604 -0.314646 0.03113011
v 0.1466889 -0.316231 0.02929997
v 0.146354 -0.3168111 0.02679998
v 0.1466889 -0.316231 0.02429998
v 0.147604 -0.314646 0.02246985
v 0.1543444 -0.3179715 0.02179998
v 0.1565094 -0.3167214 0.02246985
v 0.1580944 -0.3158064 0.02429998
v 0.1586745 -0.3154714 0.02679998
v 0.1580944 -0.3158064 0.02929997
v 0.1565094 -0.3167214 0.03113011
v 0.1543444 -0.3179715 0.03179997
v 0.1521793 -0.3192215 0.03113011
v 0.1505944 -0.3201365 0.02929997
v 0.1500143 -0.3204713 0.02679998
v 0.1505944 -0.3201365 0.02429998
v 0.1521793 -0.3192215 0.02246985
v 0.156354 -0.3254714 0.02179998
v 0.158854 -0.3254714 0.02246985
v 0.1606841 -0.3254714 0.02429998
v 0.161354 -0.3254714 0.02679998
v 0.1606841 -0.3254714 0.02929997
v 0.158854 -0.3254714 0.03113011
v 0.156354 -0.3254714 0.03179997
v 0.153854 -0.3254714 0.03113011
v 0.1520239 -0.3254714 0.02929997
v 0.151354 -0.3254714 0.02679998
v 0.1520239 -0.3254714 0.02429998
v 0.153854 -0.3254714 0.02246985
v 0.1543444 -0.3329713 0.02179998
v 0.1565094 -0.3342214 0.02246985
v 0.1580944 -0.3351364 0.02429998
v 0.1586745 -0.3354714 0.02679998
v 0.1580944 -0.3351364 0.02929997
v 0.1565094 -0.3342214 0.03113011
v 0.1543444 -0.3329713 0.03179997
v 0.1521793 -0.3317213 0.03113011
v 0.1505944 -0.3308063 0.02929997
v 0.1500143 -0.3304715 0.02679998
v 0.1505944 -0.3308063 0.02429998
v 0.1521793 -0.3317213 0.02246985
v 0.148854 -0.3384619 0.02179998
v 0.150104 -0.340627 0.02246985
v 0.1510191 -0.3422117 0.02429998
v 0.151354 -0.3427918 0.02679998
v 0.1510191 -0.3422117 0.02929997
v 0.150104 -0.340627 0.03113011
v 0.148854 -0.3384619 0.03179997
v 0.147604 -0.3362968 0.03113011
v 0.1466889 -0.3347118 0.02929997
v 0.146354 -0.3341317 0.02679998
v 0.1466889 -0.3347118 0.02429998
v 0.147604 -0.3362968 0.02246985
v 0.141354 -0.3404715 0.02179998
v 0.141354 -0.3429713 0.02246985
v 0.141354 -0.3448014 0.02429998
v 0.141354 -0.3454714 0.02679998
v 0.141354 -0.3448014 0.02929997
v 0.141354 -0.3429713 0.03113011
v 0.141354 -0.3404715 0.03179997
v 0.141354 -0.3379714 0.03113011
v 0.141354 -0.3361413 0.02929997
v 0.141354 -0.3354714 0.02679998
v 0.141354 -0.3361413 0.02429998
v 0.141354 -0.3379714 0.02246985
v 0.133854 -0.3384619 0.02179998
v 0.132604 -0.340627 0.02246985
v 0.1316889 -0.3422117 0.02429998
v 0.131354 -0.3427918 0.02679998
v 0.1316889 -0.3422117 0.02929997
v 0.132604 -0.340627 0.03113011
v 0.133854 -0.3384619 0.03179997
v 0.135104 -0.3362968 0.03113011
v 0.1360191 -0.3347118 0.02929997
v 0.136354 -0.3341317 0.02679998
v 0.1360191 -0.3347118 0.02429998
v 0.135104 -0.3362968 0.02246985
v 0.1283636 -0.3329713 0.02179998
v 0.1261985 -0.3342214 0.02246985
v 0.1246136 -0.3351364 0.02429998
v 0.1240335 -0.3354714 0.02679998
v 0.1246136 -0.3351364 0.02929997
v 0.1261985 -0.3342214 0.03113011
v 0.1283636 -0.3329713 0.03179997
v 0.1305287 -0.3317213 0.03113011
v 0.1321136 -0.3308063 0.02929997
v 0.1326937 -0.3304715 0.02679998
v 0.1321136 -0.3308063 0.02429998
v 0.1305287 -0.3317213 0.02246985
v -0.048646 -0.1504714 -0.02320001
v -0.04864602 -0.1504714 0.01679999
v -0.04864602 -0.1204712 0.01679999
v -0.048646 -0.1204712 -0.02320001
v -0.128646 -0.1504714 -0.02320004
v -0.128646 -0.1204712 -0.02320004
v -0.128646 -0.1204712 0.01679996
v -0.128646 -0.1504714 0.01679996
v -0.068646 -0.08047152 0.01679999
v -0.068646 -0.08047152 0.04679996
v -0.068646 -0.01047134 0.04679996
v -0.068646 -0.01047134 0.01679999
v -0.118646 -0.08047152 0.01679999
v -0.118646 -0.01047134 0.01679999
v -0.118646 -0.01047134 0.04679996
v -0.118646 -0.08047152 0.04679996
v 0.201354 -0.1054718 0.01180029
v 0.201354 -0.1054718 -0.03819972
v -0.478646 -0.1054714 -0.03820032
v -0.478646 -0.1054714 0.01179969
v 0.3300881 0.08907485 -0.04466879
v 0.250091 0.08962369 -0.04543075
v 0.2899238 0.05939174 -0.04730454
v 0.3789787 -0.07158637 -0.04356477
v 0.209008 -0.07042384 -0.04650906
v 0.4200331 0.2658885 -0.04514694
v 0.4223045 0.1859236 -0.04607436
v 0.4510713 0.2268057 -0.04836795
v 0.5788584 0.3204401 -0.0466311
v 0.5836653 0.1505399 -0.04992676
v 0.2124793 0.2450545 -0.04923838
v 0.2319551 0.2777371 -0.049328
v 0.2234343 0.2865145 -0.04598358
v 0.2007126 0.2483847 -0.04587904
v 0.2172379 0.2929335 -0.03697082
v 0.19214 0.2508161 -0.03685534
v 0.2150259 0.2952743 -0.02470466
v 0.1890583 0.2516973 -0.02458516
v 0.2173913 0.2929094 -0.0124718
v 0.1922933 0.250792 -0.01235631
v 0.2237 0.2864726 -0.003550023
v 0.2009783 0.2483428 -0.003445476
v 0.2322618 0.2776887 -0.0003299415
v 0.2127861 0.2450061 -0.0002403259
v 0.2407825 0.2689114 -0.003674358
v 0.2245527 0.2416756 -0.003599674
v 0.246979 0.2624922 -0.01268712
v 0.2331254 0.2392442 -0.01262337
v 0.2491909 0.2601516 -0.02495328
v 0.2362071 0.2383633 -0.02489352
v 0.2468256 0.2625165 -0.03718615
v 0.232972 0.2392685 -0.0371224
v 0.2405168 0.2689533 -0.04610792
v 0.224287 0.2417176 -0.04603323
v 0.2651625 0.2963033 -0.04951754
v 0.2621764 0.3081751 -0.04620475
v 0.2600315 0.3168592 -0.03721511
v 0.2593026 0.320029 -0.02495739
v 0.2601849 0.3168349 -0.01271608
v 0.2624421 0.3081331 -0.003771186
v 0.2654693 0.2962549 -0.0005194843
v 0.2684554 0.2843831 -0.00383231
v 0.2706003 0.2756989 -0.01282194
v 0.2713293 0.2725289 -0.02507967
v 0.2704469 0.275723 -0.03732097
v 0.2681897 0.284425 -0.04626587
v 0.3032038 0.295778 -0.04975626
v 0.3065579 0.3075621 -0.04648322
v 0.3090544 0.3161824 -0.0375227
v 0.3100243 0.3193285 -0.02527565
v 0.3092078 0.3161581 -0.01302367
v 0.3068236 0.3075202 -0.004049659
v 0.3035106 0.2957294 -0.0007582009
v 0.3001565 0.2839453 -0.004031241
v 0.29766 0.2753251 -0.01299176
v 0.2966901 0.2721789 -0.02523878
v 0.2975066 0.2753494 -0.03749076
v 0.2998908 0.2839873 -0.0464648
v 0.3358858 0.2763021 -0.04998013
v 0.3446869 0.2848401 -0.04674441
v 0.3511708 0.2910841 -0.03781119
v 0.3536002 0.2933607 -0.02557415
v 0.3513242 0.29106 -0.01331216
v 0.3449525 0.2847981 -0.004310846
v 0.3361925 0.2762535 -0.0009820759
v 0.3273914 0.2677152 -0.004217803
v 0.3209075 0.2614715 -0.01315099
v 0.318478 0.2591949 -0.02538803
v 0.3207541 0.2614956 -0.03765002
v 0.3271258 0.2677572 -0.04665136
v 0.3544513 0.243094 -0.0501292
v 0.3663466 0.2460976 -0.04691833
v 0.3750957 0.2482898 -0.0380033
v 0.3783543 0.2490833 -0.02577293
v 0.3752491 0.2482655 -0.01350427
v 0.3666123 0.2460556 -0.004484773
v 0.354758 0.2430456 -0.001131147
v 0.3428627 0.240042 -0.00434202
v 0.3341136 0.2378497 -0.01325703
v 0.3308551 0.2370563 -0.02548742
v 0.3339602 0.237874 -0.03775606
v 0.3425971 0.2400839 -0.04677558
v 0.3539258 0.2050519 -0.05016351
v 0.3657335 0.2017152 -0.04695836
v 0.3744185 0.199266 -0.03804752
v 0.3776535 0.1983607 -0.02581868
v 0.3745719 0.1992419 -0.01354849
v 0.3659992 0.2016733 -0.004524797
v 0.3542325 0.2050035 -0.00116545
v 0.3424248 0.2083404 -0.00437063
v 0.3337398 0.2107894 -0.01328143
v 0.3305047 0.2116947 -0.02551031
v 0.3335864 0.2108138 -0.03778046
v 0.3421591 0.2083824 -0.04680419
v 0.33445 0.1723692 -0.05007389
v 0.3430118 0.1635854 -0.04685381
v 0.3493205 0.1571486 -0.03793204
v 0.3516858 0.1547837 -0.02569917
v 0.349474 0.1571245 -0.01343301
v 0.3432775 0.1635435 -0.004420251
v 0.3347567 0.1723208 -0.001075834
v 0.3261949 0.1811047 -0.004295915
v 0.3198862 0.1875415 -0.01321769
v 0.3175209 0.1899064 -0.02545056
v 0.3197328 0.1875658 -0.03771672
v 0.3259293 0.1811466 -0.04672948
v 0.3012425 0.1538031 -0.04988435
v 0.3042697 0.1419249 -0.04663265
v 0.3065269 0.1332231 -0.03768775
v 0.3074092 0.130029 -0.02544644
v 0.3066803 0.1331987 -0.01318872
v 0.3045354 0.1418829 -0.004199088
v 0.3015493 0.1537547 -0.0008862913
v 0.2985221 0.165633 -0.004137963
v 0.2962649 0.174335 -0.01308286
v 0.2953826 0.1775291 -0.02532417
v 0.2961115 0.1743591 -0.03758189
v 0.2982564 0.1656749 -0.04657152
v 0.2632012 0.1543286 -0.04964563
v 0.2598882 0.1425378 -0.04635417
v 0.257504 0.1338999 -0.03738016
v 0.2566875 0.1307294 -0.02512819
v 0.2576574 0.1338756 -0.01288113
v 0.2601539 0.1424959 -0.003920615
v 0.263508 0.1542799 -0.0006475747
v 0.266821 0.1660707 -0.003939062
v 0.2692052 0.1747086 -0.01291308
v 0.2700217 0.1778791 -0.02516505
v 0.2690518 0.1747329 -0.03741208
v 0.2665553 0.1661127 -0.04637262
v 0.2305193 0.1738045 -0.04942176
v 0.2217593 0.1652598 -0.04609299
v 0.2153876 0.158998 -0.03709164
v 0.2131116 0.1566973 -0.02482969
v 0.215541 0.1589739 -0.01259261
v 0.222025 0.1652179 -0.003659427
v 0.2308261 0.1737559 -0.0004236996
v 0.2395861 0.1823008 -0.0037525
v 0.2459577 0.1885624 -0.01275381
v 0.2482338 0.1908631 -0.0250158
v 0.2458043 0.1885865 -0.03725284
v 0.2393204 0.1823425 -0.04618606
v 0.2119538 0.2070124 -0.04927269
v 0.2000995 0.2040024 -0.04591906
v 0.1914627 0.2017925 -0.03689957
v 0.1883576 0.2009747 -0.0246309
v 0.1916161 0.2017682 -0.01240054
v 0.2003652 0.2039604 -0.003485501
v 0.2122605 0.206964 -0.0002746284
v 0.2241148 0.2099741 -0.003628254
v 0.2327516 0.212184 -0.01264778
v 0.2358567 0.2130017 -0.02491641
v 0.2325982 0.2122083 -0.03714681
v 0.2238491 0.210016 -0.04606181
v -0.4735505 0.2550957 -0.06847504
v -0.4609317 0.2550161 -0.06819269
v -0.4624249 0.2560625 -0.001160681
v -0.4750437 0.2561421 -0.001442999
v -0.4500455 0.248637 -0.06785062
v -0.4515386 0.2496834 -0.0008185804
v -0.4438087 0.2376676 -0.06754044
v -0.4453019 0.238714 -0.0005084276
v -0.4438927 0.2250471 -0.06734529
v -0.4453859 0.2260935 -0.0003132522
v -0.4502748 0.2141573 -0.06731746
v -0.451768 0.2152038 -0.0002854168
v -0.461245 0.207916 -0.06746438
v -0.4627382 0.2089624 -0.0004323423
v -0.4738638 0.2079957 -0.06774673
v -0.475357 0.2090421 -0.0007146895
v -0.4847501 0.2143748 -0.0680888
v -0.4862432 0.2154212 -0.001056761
v -0.4909868 0.2253442 -0.06839898
v -0.49248 0.2263906 -0.001366943
v -0.4909028 0.2379646 -0.06859413
v -0.492396 0.239011 -0.001562089
v -0.4845207 0.2488544 -0.06862196
v -0.4860139 0.2499008 -0.001589924
v 0.2850929 -0.3222089 0.02347794
v 0.2881134 -0.3150589 0.02369151
v 0.2861238 -0.3135352 0.02433816
v 0.2825999 -0.3218765 0.02408901
v 0.2846322 -0.3124447 0.02615061
v 0.2807398 -0.3216586 0.02587542
v 0.2840383 -0.3120801 0.02864319
v 0.280011 -0.3216131 0.02835846
v 0.2845011 -0.3125386 0.03114802
v 0.2806088 -0.3217525 0.03087282
v 0.2858968 -0.3136978 0.03299391
v 0.282373 -0.3220394 0.03274477
v 0.2878512 -0.3152468 0.03368628
v 0.2848308 -0.3223968 0.03347272
v 0.2898408 -0.3167708 0.0330396
v 0.2873238 -0.3227289 0.03286165
v 0.2913324 -0.3178611 0.03122717
v 0.2891839 -0.322947 0.03107524
v 0.2919263 -0.3182259 0.02873459
v 0.2899127 -0.3229923 0.0285922
v 0.2914635 -0.3177671 0.02622977
v 0.2893149 -0.3228531 0.02607784
v 0.2900678 -0.316608 0.02438387
v 0.2875508 -0.3225663 0.02420589
v 0.2943042 -0.3103793 0.02394179
v 0.2933464 -0.3080754 0.02463019
v 0.2926102 -0.3064141 0.02647316
v 0.2922927 -0.3058405 0.02897692
v 0.2924791 -0.3065081 0.03147057
v 0.2931194 -0.3082383 0.03328592
v 0.2940421 -0.3105671 0.03393659
v 0.2949998 -0.312871 0.03324819
v 0.2957361 -0.3145323 0.03140521
v 0.2960535 -0.3151059 0.02890146
v 0.2958671 -0.3144383 0.02640781
v 0.2952268 -0.3127084 0.02459243
v 0.3020066 -0.3094237 0.02416173
v 0.3023326 -0.3069606 0.02488679
v 0.3025361 -0.3051827 0.02675661
v 0.3025626 -0.3045664 0.0292702
v 0.302405 -0.3052766 0.03175402
v 0.3021055 -0.3071232 0.03354254
v 0.3017445 -0.3096116 0.03415653
v 0.3014185 -0.3120747 0.0334315
v 0.301215 -0.3138525 0.03156167
v 0.3011885 -0.3144689 0.02904809
v 0.3013461 -0.3137586 0.02656427
v 0.3016455 -0.3119118 0.02477574
v 0.3091567 -0.3124483 0.02429244
v 0.3106744 -0.3104892 0.02503926
v 0.3117502 -0.3090801 0.02692503
v 0.3120961 -0.308599 0.02944446
v 0.3116192 -0.3091741 0.03192243
v 0.3104473 -0.3106518 0.03369501
v 0.3088946 -0.3126359 0.03428721
v 0.3073769 -0.314595 0.0335404
v 0.3063011 -0.3160038 0.03165463
v 0.3059552 -0.3164852 0.0291352
v 0.3064321 -0.3159101 0.02665722
v 0.307604 -0.3144324 0.02488464
v 0.3138387 -0.3186424 0.02429882
v 0.3161367 -0.3177156 0.02504671
v 0.3177838 -0.3170626 0.02693325
v 0.3183387 -0.3168578 0.02945298
v 0.3176527 -0.3171563 0.03193066
v 0.3159096 -0.3178782 0.03370246
v 0.3135765 -0.3188303 0.03429362
v 0.3112786 -0.3197567 0.0335457
v 0.3096314 -0.32041 0.03165916
v 0.3090765 -0.3206146 0.02913946
v 0.3097625 -0.3203161 0.02666178
v 0.3115056 -0.3195941 0.02488998
v 0.3147979 -0.3263464 0.02417922
v 0.3172558 -0.3267038 0.02490717
v 0.31902 -0.3269906 0.02677915
v 0.3196177 -0.3271301 0.02929348
v 0.3188889 -0.3270845 0.03177652
v 0.3170288 -0.3268666 0.03356293
v 0.3145358 -0.3265343 0.034174
v 0.3120779 -0.3261769 0.03344604
v 0.3103138 -0.3258901 0.0315741
v 0.309716 -0.3257508 0.02905974
v 0.3104449 -0.3257961 0.0265767
v 0.312305 -0.3260143 0.02479029
v 0.3117775 -0.3334963 0.02396566
v 0.313732 -0.3350453 0.02465802
v 0.3151276 -0.3362045 0.02650392
v 0.3155904 -0.336663 0.02900875
v 0.3149965 -0.3362985 0.03150132
v 0.3135049 -0.3352079 0.03331378
v 0.3115154 -0.3336842 0.03396043
v 0.3095609 -0.3321352 0.03326806
v 0.3081653 -0.330976 0.03142217
v 0.3077024 -0.3305173 0.02891734
v 0.3082963 -0.3308821 0.02642477
v 0.3097879 -0.3319724 0.02461234
v 0.3055867 -0.338176 0.02371535
v 0.3065093 -0.3405049 0.02436602
v 0.3071496 -0.3422351 0.02618137
v 0.307336 -0.3429027 0.02867502
v 0.3070186 -0.342329 0.03117877
v 0.3062823 -0.3406677 0.03302175
v 0.3053246 -0.3383639 0.03371015
v 0.3044019 -0.3360348 0.03305951
v 0.3037616 -0.3343048 0.03124413
v 0.3035752 -0.3336372 0.02875048
v 0.3038927 -0.3342109 0.02624673
v 0.3046289 -0.3358722 0.02440375
v 0.2978843 -0.3391316 0.02349541
v 0.2975232 -0.34162 0.02410939
v 0.2972237 -0.3434665 0.02589792
v 0.2970662 -0.3441768 0.02838174
v 0.2970927 -0.3435605 0.03089532
v 0.2972962 -0.3417826 0.03276515
v 0.2976221 -0.3393195 0.03349021
v 0.2979832 -0.3368311 0.03287619
v 0.2982827 -0.3349845 0.03108767
v 0.2984403 -0.3342743 0.02860385
v 0.2984138 -0.3348906 0.02609026
v 0.2982102 -0.3366685 0.02422044
v 0.2907342 -0.3361073 0.02336472
v 0.2891814 -0.3380914 0.02395692
v 0.2880096 -0.3395691 0.02572951
v 0.2875327 -0.3401442 0.02820748
v 0.2878785 -0.339663 0.03072691
v 0.2889544 -0.338254 0.03261268
v 0.290472 -0.3362949 0.0333595
v 0.2920248 -0.3343108 0.0327673
v 0.2931966 -0.3328331 0.03099471
v 0.2936735 -0.332258 0.02851674
v 0.2933277 -0.3327394 0.02599731
v 0.2922518 -0.3341482 0.02411154
v 0.2860522 -0.3299129 0.02335832
v 0.2837191 -0.3308649 0.02394947
v 0.281976 -0.3315868 0.02572128
v 0.2812901 -0.3318853 0.02819896
v 0.281845 -0.3316805 0.03071868
v 0.2834921 -0.3310275 0.03260523
v 0.2857901 -0.3301008 0.03335312
v 0.2881232 -0.329149 0.03276196
v 0.2898662 -0.3284271 0.03099015
v 0.2905522 -0.3281286 0.02851248
v 0.2899973 -0.3283331 0.02599278
v 0.2883502 -0.3289864 0.0241062
v -0.07864597 -0.3404713 0.02680004
v -0.07864599 -0.3404713 0.03680003
v -0.07864599 -0.2204714 0.03680003
v -0.07864597 -0.2204714 0.02680004
v -0.438646 -0.3404713 0.02679998
v -0.438646 -0.2204714 0.02679998
v -0.438646 -0.2204714 0.03679997
v -0.438646 -0.3404713 0.03679994
v -0.5377424 0.2484097 -0.05523455
v -0.5182667 0.2810924 -0.05532417
v -0.5267874 0.2898698 -0.05197975
v -0.5495091 0.25174 -0.0518752
v -0.5329838 0.2962887 -0.04296699
v -0.5580818 0.2541714 -0.04285151
v -0.5351958 0.2986295 -0.03070083
v -0.5611635 0.2550526 -0.03058133
v -0.5328305 0.2962646 -0.01846796
v -0.5579284 0.2541473 -0.01835248
v -0.5265217 0.2898278 -0.009546191
v -0.5492435 0.251698 -0.009441644
v -0.5179599 0.281044 -0.006326109
v -0.5374357 0.2483613 -0.006236494
v -0.5094392 0.2722666 -0.009670526
v -0.525669 0.2450309 -0.009595841
v -0.5032427 0.2658474 -0.01868328
v -0.5170963 0.2425995 -0.01861954
v -0.5010308 0.2635069 -0.03094944
v -0.5140147 0.2417183 -0.03088969
v -0.5033962 0.2658718 -0.04318231
v -0.5172497 0.2426238 -0.04311857
v -0.5097049 0.2723086 -0.05210409
v -0.5259347 0.2450728 -0.0520294
v -0.4850592 0.2996585 -0.05551371
v -0.4880453 0.3115304 -0.05220091
v -0.4901902 0.3202145 -0.04321128
v -0.4909192 0.3233843 -0.03095356
v -0.4900368 0.3201902 -0.01871225
v -0.4877797 0.3114884 -0.009767354
v -0.4847524 0.2996101 -0.006515652
v -0.4817663 0.2877383 -0.009828478
v -0.4796214 0.2790542 -0.01881811
v -0.4788925 0.2758842 -0.03107584
v -0.4797748 0.2790782 -0.04331714
v -0.482032 0.2877803 -0.05226204
v -0.4470179 0.2991333 -0.05575243
v -0.4436638 0.3109174 -0.05247939
v -0.4411674 0.3195376 -0.04351887
v -0.4401975 0.3226838 -0.03127182
v -0.441014 0.3195133 -0.01901984
v -0.4433982 0.3108754 -0.01004583
v -0.4467112 0.2990847 -0.006754369
v -0.4500653 0.2873006 -0.01002741
v -0.4525617 0.2786803 -0.01898792
v -0.4535316 0.2755342 -0.03123495
v -0.4527151 0.2787046 -0.04348692
v -0.4503309 0.2873425 -0.05246097
v -0.414336 0.2796574 -0.0559763
v -0.4055349 0.2881954 -0.05274057
v -0.399051 0.2944393 -0.04380736
v -0.3966215 0.296716 -0.03157032
v -0.3988976 0.2944152 -0.01930833
v -0.4052692 0.2881534 -0.01030701
v -0.4140292 0.2796087 -0.006978244
v -0.4228303 0.2710705 -0.01021397
v -0.4293143 0.2648268 -0.01914716
v -0.4317437 0.2625501 -0.0313842
v -0.4294676 0.2648509 -0.04364619
v -0.4230959 0.2711124 -0.05264753
v -0.3957705 0.2464492 -0.05612537
v -0.3838751 0.2494528 -0.0529145
v -0.3751261 0.2516451 -0.04399946
v -0.3718675 0.2524385 -0.0317691
v -0.3749726 0.2516208 -0.01950043
v -0.3836095 0.2494109 -0.01048094
v -0.3954637 0.2464008 -0.007127315
v -0.4073591 0.2433972 -0.01033819
v -0.4161081 0.241205 -0.01925319
v -0.4193667 0.2404115 -0.03148359
v -0.4162615 0.2412293 -0.04375222
v -0.4076247 0.2434392 -0.05277175
v -0.396296 0.2084072 -0.05615968
v -0.3844882 0.2050705 -0.05295452
v -0.3758033 0.2026212 -0.04404369
v -0.3725682 0.2017159 -0.03181484
v -0.3756499 0.2025971 -0.01954466
v -0.3842226 0.2050285 -0.01052096
v -0.3959892 0.2083588 -0.007161617
v -0.407797 0.2116957 -0.0103668
v -0.416482 0.2141447 -0.0192776
v -0.419717 0.21505 -0.03150648
v -0.4166353 0.214169 -0.04377663
v -0.4080626 0.2117376 -0.05280036
v -0.4157718 0.1757245 -0.05607006
v -0.40721 0.1669407 -0.05284998
v -0.4009012 0.1605039 -0.04392821
v -0.3985359 0.158139 -0.03169534
v -0.4007478 0.1604795 -0.01942918
v -0.4069443 0.1668987 -0.01041642
v -0.415465 0.1756761 -0.007072002
v -0.4240268 0.1844599 -0.01029208
v -0.4303356 0.1908967 -0.01921386
v -0.4327009 0.1932616 -0.03144673
v -0.4304889 0.1909211 -0.04371288
v -0.4242924 0.1845019 -0.05272564
v -0.4489793 0.1571584 -0.05588052
v -0.445952 0.1452801 -0.05262882
v -0.4436948 0.1365783 -0.04368392
v -0.4428125 0.1333842 -0.03144261
v -0.4435415 0.136554 -0.01918489
v -0.4456863 0.1452382 -0.01019526
v -0.4486725 0.15711 -0.006882459
v -0.4516997 0.1689882 -0.01013413
v -0.4539568 0.1776903 -0.01907903
v -0.4548392 0.1808844 -0.03132033
v -0.4541103 0.1777143 -0.04357806
v -0.4519653 0.1690302 -0.05256769
v -0.4870205 0.1576838 -0.0556418
v -0.4903335 0.1458931 -0.05235034
v -0.4927177 0.1372552 -0.04337633
v -0.4935342 0.1340847 -0.03112435
v -0.4925643 0.1372309 -0.0188773
v -0.4900678 0.1458511 -0.009916782
v -0.4867138 0.1576352 -0.006643742
v -0.4834008 0.169426 -0.00993523
v -0.4810166 0.1780639 -0.01890925
v -0.4802001 0.1812344 -0.03116122
v -0.4811699 0.1780882 -0.04340824
v -0.4836664 0.1694679 -0.05236879
v -0.5197024 0.1771598 -0.05541793
v -0.5284625 0.1686151 -0.05208915
v -0.5348341 0.1623533 -0.04308781
v -0.5371101 0.1600525 -0.03082585
v -0.5346807 0.1623292 -0.01858878
v -0.5281968 0.1685731 -0.009655595
v -0.5193957 0.1771111 -0.006419867
v -0.5106357 0.1856561 -0.009748667
v -0.5042641 0.1919177 -0.01874998
v -0.501988 0.1942184 -0.03101197
v -0.5044174 0.1919417 -0.04324901
v -0.5109014 0.1856978 -0.05218223
v -0.538268 0.2103677 -0.05526885
v -0.5501223 0.2073576 -0.05191523
v -0.558759 0.2051477 -0.04289573
v -0.5618642 0.20433 -0.03062707
v -0.5586057 0.2051234 -0.01839671
v -0.5498565 0.2073157 -0.009481668
v -0.5379612 0.2103193 -0.006270796
v -0.526107 0.2133293 -0.009624422
v -0.5174702 0.2155392 -0.01864395
v -0.514365 0.216357 -0.03091258
v -0.5176235 0.2155635 -0.04314297
v -0.5263727 0.2133713 -0.05205798
v -0.4674999 0.2719855 -0.06267384
v -0.4474983 0.2667439 -0.06158584
v -0.4520579 0.2721303 0.04818755
v -0.4720594 0.2773719 0.04709956
v -0.4328185 0.2522018 -0.06026256
v -0.437378 0.2575881 0.04951084
v -0.4273938 0.2322559 -0.05905855
v -0.4319534 0.2376423 0.05071485
v -0.4326778 0.2122505 -0.05829641
v -0.4372374 0.2176368 0.05147699
v -0.4472547 0.197546 -0.05818036
v -0.4518143 0.2029324 0.05159304
v -0.4672185 0.1920826 -0.05874154
v -0.4717782 0.197469 0.05103186
v -0.48722 0.1973243 -0.05982953
v -0.4917797 0.2027106 0.04994389
v -0.5018999 0.2118661 -0.06115282
v -0.5064595 0.2172525 0.04862061
v -0.5073246 0.2318122 -0.06235683
v -0.5118842 0.2371986 0.0474166
v -0.5020405 0.2518177 -0.06311896
v -0.5066001 0.2572038 0.04665443
v -0.4874637 0.2665222 -0.06323498
v -0.4920233 0.2719083 0.04653841
v -0.3301887 0.2692437 -0.05114311
v -0.3279173 0.1892788 -0.05207053
v -0.2991505 0.230161 -0.05436411
v -0.1713634 0.3237953 -0.05262727
v -0.1665565 0.1538951 -0.05592293
v -0.500634 0.3733506 -0.05113667
v -0.4206406 0.3731806 -0.05233997
v -0.4606251 0.4032271 -0.05394727
v -0.5502738 0.5337777 -0.04951292
v -0.3803184 0.5334215 -0.05339494
v -0.4201337 0.09243011 -0.05066496
v -0.5001307 0.09297895 -0.05142692
v -0.4602979 0.062747 -0.05330071
v -0.3712431 -0.06823111 -0.04956093
v -0.5412138 -0.06706858 -0.05250522
v 0.06150592 -0.1604714 0.03664806
v 0.05908749 -0.1610744 0.03906652
v 0.05820227 -0.1610744 0.03753331
v 0.06062073 -0.1610744 0.03995174
v 0.06239115 -0.1610744 0.03995171
v 0.06392439 -0.1610744 0.03906649
v 0.06480959 -0.1610744 0.03753325
v 0.06480958 -0.1610744 0.03576285
v 0.06392436 -0.1610744 0.03422961
v 0.06239111 -0.1610744 0.03334439
v 0.06062069 -0.1610744 0.03334442
v 0.05908746 -0.1610744 0.03422964
v 0.05820226 -0.1610744 0.03576288
v 0.05696075 -0.162811 0.04119328
v 0.05529708 -0.162811 0.03831175
v 0.0598423 -0.162811 0.04285693
v 0.06316961 -0.162811 0.0428569
v 0.06605114 -0.162811 0.04119322
v 0.06771478 -0.162811 0.03831169
v 0.06771477 -0.162811 0.03498438
v 0.06605109 -0.162811 0.03210285
v 0.06316954 -0.162811 0.0304392
v 0.05984223 -0.162811 0.03043923
v 0.0569607 -0.162811 0.03210291
v 0.05529706 -0.162811 0.03498444
v 0.05538224 -0.1654713 0.04277182
v 0.05314077 -0.1654713 0.03888956
v 0.05926454 -0.1654713 0.04501325
v 0.06374741 -0.1654713 0.04501322
v 0.06762969 -0.1654713 0.04277176
v 0.0698711 -0.1654713 0.03888944
v 0.06987107 -0.1654713 0.03440657
v 0.06762961 -0.1654713 0.03052431
v 0.0637473 -0.1654713 0.02828288
v 0.05926443 -0.1654713 0.02828291
v 0.05538216 -0.1654713 0.03052437
v 0.05314074 -0.1654713 0.03440669
v 0.05454233 -0.168735 0.04361176
v 0.05199343 -0.168735 0.039197
v 0.05895711 -0.168735 0.04616061
v 0.06405485 -0.168735 0.04616055
v 0.06846961 -0.168735 0.04361168
v 0.07101845 -0.168735 0.03919688
v 0.07101841 -0.168735 0.03409913
v 0.06846952 -0.168735 0.02968436
v 0.06405473 -0.168735 0.02713552
v 0.05895699 -0.168735 0.02713558
v 0.05454224 -0.168735 0.02968445
v 0.05199339 -0.168735 0.03409925
v 0.05454232 -0.1722078 0.04361176
v 0.05199343 -0.1722078 0.039197
v 0.05895711 -0.1722078 0.04616058
v 0.06405485 -0.1722078 0.04616055
v 0.06846961 -0.1722078 0.04361168
v 0.07101845 -0.1722078 0.03919688
v 0.07101841 -0.1722078 0.03409913
v 0.06846952 -0.1722078 0.02968436
v 0.06405473 -0.1722078 0.02713552
v 0.05895699 -0.1722078 0.02713558
v 0.05454224 -0.1722078 0.02968445
v 0.05199339 -0.1722078 0.03409925
v 0.05538224 -0.1754715 0.04277182
v 0.05314077 -0.1754715 0.03888956
v 0.05926454 -0.1754715 0.04501325
v 0.06374741 -0.1754715 0.04501322
v 0.06762969 -0.1754715 0.04277176
v 0.0698711 -0.1754715 0.03888944
v 0.06987107 -0.1754715 0.03440657
v 0.06762961 -0.1754715 0.03052431
v 0.0637473 -0.1754715 0.02828288
v 0.05926443 -0.1754715 0.02828291
v 0.05538216 -0.1754715 0.03052437
v 0.05314074 -0.1754715 0.03440669
v 0.05696075 -0.1781318 0.04119328
v 0.05529708 -0.1781318 0.03831175
v 0.0598423 -0.1781318 0.04285693
v 0.06316961 -0.1781318 0.0428569
v 0.06605114 -0.1781318 0.04119322
v 0.06771478 -0.1781318 0.03831169
v 0.06771477 -0.1781318 0.03498438
v 0.06605109 -0.1781318 0.03210285
v 0.06316954 -0.1781318 0.0304392
v 0.05984223 -0.1781318 0.03043923
v 0.0569607 -0.1781318 0.03210288
v 0.05529706 -0.1781318 0.03498444
v 0.05908749 -0.1798685 0.03906652
v 0.05820227 -0.1798685 0.03753328
v 0.06062073 -0.1798685 0.03995174
v 0.06239115 -0.1798685 0.03995171
v 0.06392439 -0.1798685 0.03906649
v 0.06480959 -0.1798685 0.03753325
v 0.06480958 -0.1798685 0.03576282
v 0.06392435 -0.1798685 0.03422961
v 0.06239111 -0.1798685 0.03334439
v 0.06062069 -0.1798685 0.03334442
v 0.05908746 -0.1798685 0.03422964
v 0.05820226 -0.1798685 0.03576288
v 0.06150592 -0.1804714 0.03664806
v 0.1412021 -0.1604714 0.03664806
v 0.1382401 -0.1610744 0.03835815
v 0.1377819 -0.1610744 0.03664806
v 0.139492 -0.1610744 0.03961006
v 0.1412021 -0.1610744 0.04006827
v 0.1429122 -0.1610744 0.03961006
v 0.1441641 -0.1610744 0.03835818
v 0.1446223 -0.1610744 0.03664806
v 0.1441641 -0.1610744 0.03493798
v 0.1429122 -0.1610744 0.03368607
v 0.1412021 -0.1610744 0.03322786
v 0.139492 -0.1610744 0.03368607
v 0.1382401 -0.1610744 0.03493798
v 0.1356354 -0.162811 0.03986201
v 0.1347742 -0.162811 0.03664806
v 0.1379881 -0.162811 0.04221478
v 0.1412021 -0.162811 0.04307595
v 0.144416 -0.162811 0.04221478
v 0.1467688 -0.162811 0.03986201
v 0.1476299 -0.162811 0.03664806
v 0.1467688 -0.162811 0.03343412
v 0.144416 -0.162811 0.03108135
v 0.1412021 -0.162811 0.03022018
v 0.1379881 -0.162811 0.03108135
v 0.1356354 -0.162811 0.03343412
v 0.1337021 -0.1654713 0.04097819
v 0.1325418 -0.1654713 0.03664806
v 0.1368719 -0.1654713 0.04414806
v 0.1412021 -0.1654713 0.04530832
v 0.1455322 -0.1654713 0.04414806
v 0.1487021 -0.1654713 0.04097819
v 0.1498623 -0.1654713 0.03664806
v 0.1487021 -0.1654713 0.03231794
v 0.1455322 -0.1654713 0.02914807
v 0.1412021 -0.1654713 0.02798781
v 0.1368719 -0.1654713 0.02914807
v 0.1337021 -0.1654713 0.03231794
v 0.1326734 -0.168735 0.04157209
v 0.131354 -0.168735 0.03664806
v 0.136278 -0.168735 0.04517674
v 0.1412021 -0.168735 0.04649615
v 0.1461261 -0.168735 0.04517674
v 0.1497308 -0.168735 0.04157209
v 0.1510502 -0.168735 0.03664806
v 0.1497308 -0.168735 0.03172404
v 0.1461261 -0.168735 0.02811939
v 0.1412021 -0.168735 0.02679998
v 0.136278 -0.168735 0.02811939
v 0.1326734 -0.168735 0.03172404
v 0.1326734 -0.1722078 0.04157209
v 0.131354 -0.1722078 0.03664806
v 0.136278 -0.1722078 0.04517674
v 0.1412021 -0.1722078 0.04649615
v 0.1461261 -0.1722078 0.04517674
v 0.1497308 -0.1722078 0.04157209
v 0.1510502 -0.1722078 0.03664806
v 0.1497308 -0.1722078 0.03172404
v 0.1461261 -0.1722078 0.02811939
v 0.1412021 -0.1722078 0.02679998
v 0.136278 -0.1722078 0.02811939
v 0.1326734 -0.1722078 0.03172404
v 0.1337021 -0.1754715 0.04097819
v 0.1325418 -0.1754715 0.03664806
v 0.1368719 -0.1754715 0.04414806
v 0.1412021 -0.1754715 0.04530832
v 0.1455322 -0.1754715 0.04414806
v 0.1487021 -0.1754715 0.04097819
v 0.1498623 -0.1754715 0.03664806
v 0.1487021 -0.1754715 0.03231794
v 0.1455322 -0.1754715 0.02914807
v 0.1412021 -0.1754715 0.02798781
v 0.1368719 -0.1754715 0.02914807
v 0.1337021 -0.1754715 0.03231794
v 0.1356354 -0.1781318 0.03986201
v 0.1347742 -0.1781318 0.03664806
v 0.1379881 -0.1781318 0.04221478
v 0.1412021 -0.1781318 0.04307595
v 0.144416 -0.1781318 0.04221478
v 0.1467688 -0.1781318 0.03986201
v 0.1476299 -0.1781318 0.03664806
v 0.1467688 -0.1781318 0.03343412
v 0.144416 -0.1781318 0.03108135
v 0.1412021 -0.1781318 0.03022018
v 0.1379881 -0.1781318 0.03108135
v 0.1356354 -0.1781318 0.03343412
v 0.1382401 -0.1798685 0.03835815
v 0.1377819 -0.1798685 0.03664806
v 0.139492 -0.1798685 0.03961006
v 0.1412021 -0.1798685 0.04006827
v 0.1429122 -0.1798685 0.03961006
v 0.1441641 -0.1798685 0.03835815
v 0.1446223 -0.1798685 0.03664806
v 0.1441641 -0.1798685 0.03493798
v 0.1429122 -0.1798685 0.03368607
v 0.1412021 -0.1798685 0.03322786
v 0.139492 -0.1798685 0.03368607
v 0.1382401 -0.1798685 0.03493798
v 0.1412021 -0.1804714 0.03664806
v 0.3012021 -0.1604714 0.03664806
v 0.2982401 -0.1610744 0.03835818
v 0.2977819 -0.1610744 0.03664806
v 0.2994919 -0.1610744 0.03961006
v 0.3012021 -0.1610744 0.04006827
v 0.3029122 -0.1610744 0.03961006
v 0.3041641 -0.1610744 0.03835818
v 0.3046223 -0.1610744 0.03664806
v 0.3041641 -0.1610744 0.03493798
v 0.3029122 -0.1610744 0.0336861
v 0.3012021 -0.1610744 0.03322786
v 0.2994919 -0.1610744 0.0336861
v 0.2982401 -0.1610744 0.03493798
v 0.2956353 -0.162811 0.03986201
v 0.2947742 -0.162811 0.03664806
v 0.2979881 -0.162811 0.04221478
v 0.3012021 -0.162811 0.04307595
v 0.304416 -0.162811 0.04221478
v 0.3067688 -0.162811 0.03986201
v 0.3076299 -0.162811 0.03664806
v 0.3067688 -0.162811 0.03343412
v 0.304416 -0.162811 0.03108138
v 0.3012021 -0.162811 0.03022018
v 0.2979881 -0.162811 0.03108138
v 0.2956353 -0.162811 0.03343412
v 0.2937021 -0.1654713 0.04097819
v 0.2925418 -0.1654713 0.03664806
v 0.2968719 -0.1654716 0.04414806
v 0.3012021 -0.1654716 0.04530832
v 0.3055322 -0.1654716 0.04414806
v 0.3087021 -0.1654713 0.04097819
v 0.3098623 -0.1654713 0.03664806
v 0.3087021 -0.1654713 0.03231794
v 0.3055322 -0.1654713 0.02914807
v 0.3012021 -0.1654713 0.02798781
v 0.296872 -0.1654713 0.02914807
v 0.2937021 -0.1654713 0.03231794
v 0.2926733 -0.168735 0.04157209
v 0.291354 -0.168735 0.03664806
v 0.296278 -0.168735 0.04517674
v 0.3012021 -0.168735 0.04649615
v 0.3061261 -0.168735 0.04517674
v 0.3097307 -0.168735 0.04157212
v 0.3110501 -0.168735 0.03664806
v 0.3097308 -0.168735 0.03172404
v 0.3061261 -0.168735 0.02811939
v 0.3012021 -0.168735 0.02679998
v 0.296278 -0.168735 0.02811939
v 0.2926734 -0.168735 0.03172404
v 0.2926733 -0.1722078 0.04157209
v 0.291354 -0.1722078 0.03664806
v 0.296278 -0.1722078 0.04517674
v 0.3012021 -0.1722078 0.04649615
v 0.3061261 -0.1722078 0.04517674
v 0.3097307 -0.1722078 0.04157212
v 0.3110501 -0.1722078 0.03664806
v 0.3097308 -0.1722078 0.03172404
v 0.3061261 -0.1722078 0.02811939
v 0.3012021 -0.1722078 0.02679998
v 0.296278 -0.1722078 0.02811939
v 0.2926734 -0.1722078 0.03172404
v 0.2937021 -0.1754715 0.04097819
v 0.2925418 -0.1754715 0.03664806
v 0.2968719 -0.1754715 0.04414806
v 0.3012021 -0.1754715 0.04530832
v 0.3055322 -0.1754715 0.04414806
v 0.3087021 -0.1754715 0.04097819
v 0.3098623 -0.1754715 0.03664806
v 0.3087021 -0.1754715 0.03231794
v 0.3055322 -0.1754713 0.02914807
v 0.3012021 -0.1754713 0.02798781
v 0.296872 -0.1754713 0.02914807
v 0.2937021 -0.1754715 0.03231794
v 0.2956353 -0.1781318 0.03986201
v 0.2947742 -0.1781318 0.03664806
v 0.2979881 -0.1781318 0.04221475
v 0.3012021 -0.1781318 0.04307595
v 0.304416 -0.1781318 0.04221475
v 0.3067688 -0.1781318 0.03986201
v 0.3076299 -0.1781318 0.03664806
v 0.3067688 -0.1781318 0.03343412
v 0.304416 -0.1781318 0.03108135
v 0.3012021 -0.1781318 0.03022018
v 0.2979881 -0.1781318 0.03108135
v 0.2956353 -0.1781318 0.03343412
v 0.2982401 -0.1798685 0.03835815
v 0.2977819 -0.1798685 0.03664806
v 0.2994919 -0.1798685 0.03961003
v 0.3012021 -0.1798685 0.04006827
v 0.3029122 -0.1798685 0.03961003
v 0.3041641 -0.1798685 0.03835815
v 0.3046223 -0.1798685 0.03664806
v 0.3041641 -0.1798685 0.03493795
v 0.3029122 -0.1798685 0.03368607
v 0.3012021 -0.1798685 0.03322786
v 0.2994919 -0.1798685 0.03368607
v 0.2982401 -0.1798685 0.03493795
v 0.3012021 -0.1804714 0.03664806
v 0.411354 -0.4604715 0.05553791
v 0.411354 -0.4604716 0.1468
v 0.411354 0.2552567 0.1468004
v 0.411354 0.2552567 0.05553827
v -0.498646 -0.4604715 0.05553743
v -0.498646 0.2552567 0.05553782
v -0.498646 0.2552567 0.1467999
v -0.498646 -0.4604716 0.1467995
v 0.2215059 -0.1604714 0.03664806
v 0.2185439 -0.1610744 0.03835818
v 0.2180857 -0.1610744 0.03664806
v 0.2197958 -0.1610744 0.03961006
v 0.2215059 -0.1610744 0.04006827
v 0.223216 -0.1610744 0.03961006
v 0.2244679 -0.1610744 0.03835818
v 0.2249261 -0.1610744 0.03664806
v 0.2244679 -0.1610744 0.03493798
v 0.223216 -0.1610744 0.0336861
v 0.2215059 -0.1610744 0.03322786
v 0.2197958 -0.1610744 0.0336861
v 0.2185439 -0.1610744 0.03493798
v 0.2159392 -0.162811 0.03986201
v 0.2150781 -0.162811 0.03664806
v 0.218292 -0.162811 0.04221478
v 0.2215059 -0.162811 0.04307595
v 0.2247199 -0.162811 0.04221478
v 0.2270726 -0.162811 0.03986201
v 0.2279338 -0.162811 0.03664806
v 0.2270726 -0.162811 0.03343412
v 0.2247199 -0.162811 0.03108138
v 0.2215059 -0.162811 0.03022018
v 0.218292 -0.162811 0.03108138
v 0.2159392 -0.162811 0.03343412
v 0.2140059 -0.1654713 0.04097819
v 0.2128457 -0.1654713 0.03664806
v 0.2171758 -0.1654716 0.04414806
v 0.2215059 -0.1654716 0.04530832
v 0.2258361 -0.1654716 0.04414809
v 0.2290059 -0.1654713 0.04097819
v 0.2301662 -0.1654713 0.03664806
v 0.2290059 -0.1654713 0.03231794
v 0.2258361 -0.1654713 0.02914807
v 0.2215059 -0.1654713 0.02798781
v 0.2171758 -0.1654713 0.02914807
v 0.2140059 -0.1654713 0.03231794
v 0.2129772 -0.168735 0.04157209
v 0.2116579 -0.168735 0.03664806
v 0.2165819 -0.168735 0.04517674
v 0.2215059 -0.168735 0.04649615
v 0.22643 -0.168735 0.04517674
v 0.2300346 -0.168735 0.04157212
v 0.231354 -0.168735 0.03664806
v 0.2300346 -0.168735 0.03172404
v 0.22643 -0.168735 0.02811939
v 0.2215059 -0.168735 0.02679998
v 0.2165819 -0.168735 0.02811939
v 0.2129772 -0.168735 0.03172404
v 0.2129772 -0.1722078 0.04157209
v 0.2116579 -0.1722078 0.03664806
v 0.2165819 -0.1722078 0.04517674
v 0.2215059 -0.1722078 0.04649615
v 0.22643 -0.1722078 0.04517674
v 0.2300346 -0.1722078 0.04157212
v 0.231354 -0.1722078 0.03664806
v 0.2300346 -0.1722078 0.03172404
v 0.22643 -0.1722078 0.02811939
v 0.2215059 -0.1722078 0.02679998
v 0.2165819 -0.1722078 0.02811939
v 0.2129772 -0.1722078 0.03172401
v 0.2140059 -0.1754715 0.04097819
v 0.2128457 -0.1754715 0.03664806
v 0.2171758 -0.1754715 0.04414806
v 0.2215059 -0.1754715 0.04530832
v 0.2258361 -0.1754715 0.04414806
v 0.2290059 -0.1754715 0.04097819
v 0.2301662 -0.1754715 0.03664806
v 0.2290059 -0.1754715 0.03231794
v 0.2258361 -0.1754713 0.02914807
v 0.2215059 -0.1754713 0.02798781
v 0.2171758 -0.1754713 0.02914804
v 0.2140059 -0.1754715 0.03231794
v 0.2159392 -0.1781318 0.03986198
v 0.2150781 -0.1781318 0.03664806
v 0.218292 -0.1781318 0.04221475
v 0.2215059 -0.1781318 0.04307595
v 0.2247199 -0.1781318 0.04221475
v 0.2270726 -0.1781318 0.03986201
v 0.2279338 -0.1781318 0.03664806
v 0.2270726 -0.1781318 0.03343412
v 0.2247199 -0.1781318 0.03108135
v 0.2215059 -0.1781318 0.03022018
v 0.218292 -0.1781318 0.03108135
v 0.2159392 -0.1781318 0.03343412
v 0.2185439 -0.1798685 0.03835815
v 0.2180857 -0.1798685 0.03664806
v 0.2197958 -0.1798685 0.03961003
v 0.2215059 -0.1798685 0.04006827
v 0.223216 -0.1798685 0.03961003
v 0.2244679 -0.1798685 0.03835815
v 0.2249261 -0.1798685 0.03664806
v 0.2244679 -0.1798685 0.03493795
v 0.223216 -0.1798685 0.03368607
v 0.2215059 -0.1798685 0.03322786
v 0.2197958 -0.1798685 0.03368607
v 0.2185439 -0.1798685 0.03493795
v 0.2215059 -0.1804714 0.03664806
v 0.2841177 0.2529995 -0.06271878
v 0.2959253 0.2485979 -0.0619944
v 0.2922836 0.2498462 0.004951835
v 0.280476 0.2542479 0.00422743
v 0.3039471 0.2388721 -0.06137666
v 0.3003054 0.2401204 0.005569547
v 0.3060334 0.2264283 -0.06103113
v 0.3023917 0.2276766 0.005915076
v 0.3016255 0.2146008 -0.06105039
v 0.2979838 0.2158492 0.005895823
v 0.2919042 0.2065587 -0.06142923
v 0.2882625 0.2078071 0.005516976
v 0.2794745 0.204457 -0.0620662
v 0.2758328 0.2057054 0.004880011
v 0.2676668 0.2088587 -0.0627906
v 0.2640251 0.2101071 0.004155636
v 0.2596451 0.2185845 -0.06340832
v 0.2560034 0.2198329 0.003537923
v 0.2575587 0.2310283 -0.06375384
v 0.253917 0.2322767 0.003192395
v 0.2619667 0.2428558 -0.06373459
v 0.258325 0.2441041 0.003211617
v 0.271688 0.2508979 -0.06335574
v 0.2680463 0.2521462 0.003590494
vn 1 -3.508995E-08 1.748456E-07
vn -1 3.508995E-08 -1.748456E-07
vn 2.592472E-14 -1 -1.482721E-07
vn -2.592472E-14 1 1.482721E-07
vn 1.769817E-07 1.748456E-07 -1
vn -1.769817E-07 -1.748456E-07 1
vn 0.4929438 0.2846002 0.8221977
vn 0.5978634 6.377095E-07 0.8015981
vn 0.5487225 -0.316806 0.7736522
vn 0.2927468 -0.5070527 0.8106769
vn -2.614002E-07 -0.8507569 0.5255594
vn -0.3168046 -0.5487207 0.7736539
vn -0.8660261 -0.4999988 3.353716E-06
vn -1 1.264403E-07 7.021658E-07
vn -0.6131217 0.3539861 0.7062406
vn -0.2712873 0.4698822 0.8400083
vn 3.254905E-07 0.3044715 0.9525214
vn 0.2640412 0.4573335 0.8491927
vn 3.623089E-07 1.983962E-07 -1
vn -3.299394E-07 -2.175191E-07 1
vn 0.5070534 0.2927476 0.8106762
vn 4.272673E-07 0.3044694 -0.9525222
vn 0.2640425 0.4573342 -0.849192
vn 0.4929422 0.2846004 -0.8221986
vn 0.507053 0.2927464 -0.8106768
vn 0.5978646 8.426198E-08 -0.8015972
vn 0.548723 -0.3168056 -0.773652
vn 0.2927471 -0.5070525 -0.8106769
vn 3.862294E-07 -0.5261835 -0.8503711
vn -0.3168061 -0.5487236 -0.7736514
vn -0.8660255 -0.4999999 -3.639921E-07
vn -1 8.850838E-07 -4.483663E-07
vn -0.6131219 0.3539866 -0.7062401
vn -0.271287 0.4698839 -0.8400074
vn -0.590089 0.3469951 0.7289646
vn -0.2814315 0.5116559 0.811791
vn -0.5900881 0.3469951 -0.7289653
vn -0.2814308 0.5116549 -0.8117919
vn -0.7250212 0.08044906 0.6840118
vn -0.7250214 0.08044924 -0.6840116
vn 0.06348104 0.4872062 0.8709767
vn 0.06348187 0.4872069 -0.8709762
vn 0.2136954 0.4061141 0.8884851
vn 0.2136922 0.4061104 -0.8884875
vn 0.4929425 0.2845995 0.8221988
vn 0.4929432 0.2846001 -0.8221982
vn 0.4846928 0.2918583 0.8245555
vn 0.4846927 0.2918574 -0.8245558
vn 0.5978644 -7.742102E-07 0.8015972
vn 0.5978637 7.375385E-07 -0.8015978
vn 0.5640221 -0.3316671 0.7562249
vn 0.5640233 -0.3316675 -0.7562239
vn 0.3064223 -0.557092 0.7718509
vn 0.3064227 -0.5570918 -0.771851
vn 0.08164763 -0.5782371 0.8117732
vn -0.01170782 -0.6003276 -0.7996685
vn -0.4581629 -0.6859657 0.5652769
vn -0.2112913 -0.4357312 -0.8749254
vn -0.4875084 -0.3877069 0.7823164
vn -0.4875116 -0.3877094 -0.7823132
vn 8.81986E-08 1.154681E-07 -1
vn 4.013686E-07 2.374558E-07 -1
vn 3.319875E-07 6.256482E-08 -1
vn 3.186667E-07 5.916297E-08 -1
vn 2.468688E-07 -3.012926E-08 -1
vn 3.940871E-07 2.301743E-07 -1
vn 1.171232E-07 3.954518E-07 -1
vn 4.579387E-07 2.940259E-07 -1
vn 5.388575E-07 1.208934E-08 -1
vn 3.928693E-07 2.289565E-07 -1
vn 3.969963E-07 4.242655E-07 -1
vn 3.483144E-07 1.844017E-07 -1
vn 9.915422E-07 8.773176E-08 -1
vn 2.34256E-07 7.034333E-08 -1
vn 0.4929438 0.2846002 0.8221977
vn 0.5978634 6.377095E-07 0.8015981
vn 0.5487225 -0.316806 0.7736522
vn 0.2927468 -0.5070527 0.8106769
vn -2.614002E-07 -0.8507569 0.5255594
vn -0.3168046 -0.5487207 0.7736539
vn -0.8660261 -0.4999988 3.353716E-06
vn -1 1.264403E-07 7.021658E-07
vn -0.6131217 0.3539861 0.7062406
vn -0.2712873 0.4698822 0.8400083
vn 3.254905E-07 0.3044715 0.9525214
vn 0.2640412 0.4573335 0.8491927
vn 3.623089E-07 1.983962E-07 -1
vn -3.299394E-07 -2.175191E-07 1
vn 0.5070534 0.2927476 0.8106762
vn 4.272673E-07 0.3044694 -0.9525222
vn 0.2640425 0.4573342 -0.849192
vn 0.4929422 0.2846004 -0.8221986
vn 0.507053 0.2927464 -0.8106768
vn 0.5978646 8.426198E-08 -0.8015972
vn 0.548723 -0.3168056 -0.773652
vn 0.2927471 -0.5070525 -0.8106769
vn 3.862294E-07 -0.5261835 -0.8503711
vn -0.3168061 -0.5487236 -0.7736514
vn -0.8660255 -0.4999999 -3.639921E-07
vn -1 8.850838E-07 -4.483663E-07
vn -0.6131219 0.3539866 -0.7062401
vn -0.271287 0.4698839 -0.8400074
vn -0.590089 0.3469951 0.7289646
vn -0.2814315 0.5116559 0.811791
vn -0.5900881 0.3469951 -0.7289653
vn -0.2814308 0.5116549 -0.8117919
vn -0.7250212 0.08044906 0.6840118
vn -0.7250214 0.08044924 -0.6840116
vn 0.06348104 0.4872062 0.8709767
vn 0.06348187 0.4872069 -0.8709762
vn 0.2136954 0.4061141 0.8884851
vn 0.2136922 0.4061104 -0.8884875
vn 0.4929425 0.2845995 0.8221988
vn 0.4929432 0.2846001 -0.8221982
vn 0.4846928 0.2918583 0.8245555
vn 0.4846927 0.2918574 -0.8245558
vn 0.5978644 -7.742102E-07 0.8015972
vn 0.5978637 7.375385E-07 -0.8015978
vn 0.5640221 -0.3316671 0.7562249
vn 0.5640233 -0.3316675 -0.7562239
vn 0.3064223 -0.557092 0.7718509
vn 0.3064227 -0.5570918 -0.771851
vn 0.08164763 -0.5782371 0.8117732
vn -0.01170782 -0.6003276 -0.7996685
vn -0.4581629 -0.6859657 0.5652769
vn -0.2112913 -0.4357312 -0.8749254
vn -0.4875084 -0.3877069 0.7823164
vn -0.4875116 -0.3877094 -0.7823132
vn 8.81986E-08 1.154681E-07 -1
vn 4.013686E-07 2.374558E-07 -1
vn 3.319875E-07 6.256482E-08 -1
vn 3.186667E-07 5.916297E-08 -1
vn 2.468688E-07 -3.012926E-08 -1
vn 3.940871E-07 2.301743E-07 -1
vn 1.171232E-07 3.954518E-07 -1
vn 4.579387E-07 2.940259E-07 -1
vn 5.388575E-07 1.208934E-08 -1
vn 3.928693E-07 2.289565E-07 -1
vn 3.969963E-07 4.242655E-07 -1
vn 3.483144E-07 1.844017E-07 -1
vn 9.915422E-07 8.773176E-08 -1
vn 2.34256E-07 7.034333E-08 -1
vn 0.2551973 0.9661881 -0.03680847
vn 0.7040087 0.7101693 -0.005604132
vn 0.9641796 0.2638621 0.02710156
vn 0.9659998 -0.253147 0.0525455
vn 0.7089815 -0.7023253 0.06390989
vn 0.2619902 -0.963317 0.05814956
vn -0.2551975 -0.9661881 0.03680832
vn -0.7040088 -0.7101693 0.005604186
vn -0.9641796 -0.2638621 -0.02710157
vn -0.9659998 0.2531471 -0.0525455
vn -0.7089813 0.7023254 -0.0639099
vn -0.2619903 0.963317 -0.05814976
vn 0.04145113 -0.04896633 -0.9979399
vn -0.04145094 0.04896634 0.9979399
vn 0.07675491 0.007612383 -0.9970209
vn -3.004631E-05 -0.001926615 0.9999982
vn -0.01520978 0.002340371 -0.9998816
vn 0.01842472 0.0539171 -0.9983754
vn -0.006074606 -0.009561001 0.9999359
vn 0.01148523 -0.0386508 -0.9991868
vn 0.07675491 0.007612383 -0.9970209
vn -3.004631E-05 -0.001926615 0.9999982
vn -0.01520978 0.002340371 -0.9998816
vn 0.01842472 0.0539171 -0.9983754
vn -0.006074606 -0.009561001 0.9999359
vn 0.01148523 -0.0386508 -0.9991868
vn -0.01515622 -0.07351192 -0.9971792
vn 0.02282877 -0.003055038 0.9997348
vn -0.02279308 0.01830002 -0.9995727
vn 0.02962922 -0.01403567 -0.9994624
vn 0.01504657 0.002796445 0.9998829
vn -0.06307485 -0.009415951 -0.9979644
vn 0.4999985 0.8660263 9.097228E-07
vn 0.8660245 0.5000016 1.101162E-06
vn 1 1.51813E-06 9.900637E-07
vn 0.8660263 -0.4999985 6.439905E-07
vn 0.5000015 -0.8660246 9.345025E-08
vn 1.588099E-06 -1 -4.715979E-07
vn -0.4999988 -0.8660262 -9.107063E-07
vn -0.8660245 -0.5000015 -1.100602E-06
vn -1 -1.575703E-06 -1.01387E-06
vn -0.8660264 0.4999984 -6.221333E-07
vn -0.5000015 0.8660246 -1.026328E-07
vn -1.428738E-06 1 4.708043E-07
vn 1.034668E-06 4.917375E-07 -1
vn -1.031108E-06 -4.784506E-07 1
vn 0.4999981 0.8660266 1.870466E-06
vn 0.8660243 0.500002 1.921129E-06
vn 1 2.036844E-06 1.458347E-06
vn 0.8660265 -0.4999981 6.22396E-07
vn 0.500002 -0.8660243 -4.107242E-07
vn 2.193794E-06 -1 -1.31363E-06
vn -0.4999984 -0.8660263 -1.870636E-06
vn -0.8660243 -0.5000019 -1.920878E-06
vn -1 -2.094418E-06 -1.467267E-06
vn -0.8660266 0.499998 -5.92478E-07
vn -0.5000018 0.8660244 4.143845E-07
vn -2.005647E-06 1 1.31365E-06
vn 1.469062E-06 1.347675E-06 -1
vn -1.46412E-06 -1.329234E-06 1
vn 0.4999986 0.8660263 3.786344E-07
vn 0.8660246 0.5000015 4.973556E-07
vn 1 1.426466E-06 4.841318E-07
vn 0.8660262 -0.4999987 3.58778E-07
vn 0.5000014 -0.8660247 1.068918E-07
vn 1.563651E-06 -1 -1.534746E-07
vn -0.4999989 -0.8660261 -3.788039E-07
vn -0.8660246 -0.5000014 -4.97105E-07
vn -1 -1.48404E-06 -4.930517E-07
vn -0.8660263 0.4999986 -3.288598E-07
vn -0.5000013 0.8660247 -1.032316E-07
vn -1.375503E-06 1 1.53495E-07
vn 5.302884E-07 1.816592E-07 -1
vn -5.25347E-07 -1.632176E-07 1
vn -0.2581986 0.0691843 -0.9636115
vn -0.6947463 0.1861569 -0.694747
vn -0.9351131 0.2505628 -0.2505626
vn -0.9351134 0.2505628 0.2505621
vn -0.6947466 0.1861568 0.6947466
vn -0.2581992 0.06918421 0.9636113
vn 0.2581985 -0.06918427 0.9636115
vn 0.6947466 -0.186157 0.6947467
vn 0.935113 -0.250563 0.2505634
vn 0.9351131 -0.250563 -0.2505628
vn 0.694747 -0.1861568 -0.6947463
vn 0.2581987 -0.06918403 -0.9636114
vn -0.1890143 0.1890148 -0.9636115
vn -0.5085895 0.5085897 -0.6947469
vn -0.6845503 0.6845505 -0.2505627
vn -0.6845503 0.6845503 0.2505628
vn -0.50859 0.5085897 0.6947466
vn -0.189015 0.1890148 0.9636114
vn 0.1890143 -0.1890148 0.9636114
vn 0.5085897 -0.50859 0.6947466
vn 0.6845503 -0.6845503 0.2505631
vn 0.6845504 -0.6845503 -0.2505628
vn 0.5085901 -0.5085898 -0.6947464
vn 0.1890147 -0.1890143 -0.9636115
vn -0.06918385 0.2581988 -0.9636114
vn -0.1861566 0.6947469 -0.6947464
vn -0.2505626 0.9351132 -0.250563
vn -0.2505628 0.9351132 0.2505629
vn -0.1861571 0.6947467 0.6947464
vn -0.06918452 0.2581987 0.9636114
vn 0.06918386 -0.2581989 0.9636114
vn 0.1861566 -0.694747 0.6947464
vn 0.2505626 -0.9351133 0.2505629
vn 0.2505628 -0.9351132 -0.2505628
vn 0.186157 -0.6947468 -0.6947464
vn 0.06918436 -0.2581984 -0.9636115
vn 0.06918458 0.2581989 -0.9636114
vn 0.1861571 0.6947467 -0.6947465
vn 0.2505629 0.9351133 -0.2505625
vn 0.2505627 0.9351131 0.2505628
vn 0.1861566 0.6947466 0.6947467
vn 0.0691839 0.2581989 0.9636114
vn -0.0691845 -0.258199 0.9636113
vn -0.1861571 -0.6947469 0.6947463
vn -0.250563 -0.9351131 0.2505629
vn -0.2505628 -0.935113 -0.2505631
vn -0.1861565 -0.6947468 -0.6947466
vn -0.06918371 -0.2581983 -0.9636116
vn 0.1890151 0.1890149 -0.9636112
vn 0.5085899 0.5085898 -0.6947466
vn 0.6845503 0.6845505 -0.2505626
vn 0.6845502 0.6845503 0.250563
vn 0.5085893 0.5085896 0.6947471
vn 0.1890144 0.1890147 0.9636114
vn -0.189015 -0.1890147 0.9636113
vn -0.5085902 -0.50859 0.6947463
vn -0.6845503 -0.6845503 0.2505627
vn -0.6845502 -0.6845503 -0.2505633
vn -0.5085894 -0.5085898 -0.6947469
vn -0.189014 -0.1890144 -0.9636115
vn 0.2581992 0.06918424 -0.9636113
vn 0.6947469 0.1861569 -0.6947463
vn 0.9351133 0.2505628 -0.2505625
vn 0.9351131 0.2505627 0.2505632
vn 0.6947463 0.1861568 0.694747
vn 0.2581984 0.06918415 0.9636115
vn -0.2581991 -0.06918421 0.9636114
vn -0.694747 -0.1861568 0.6947463
vn -0.9351131 -0.2505629 0.2505628
vn -0.935113 -0.2505629 -0.2505634
vn -0.6947466 -0.1861568 -0.6947466
vn -0.2581979 -0.06918392 -0.9636117
vn 0.258199 -0.06918421 -0.9636114
vn 0.6947467 -0.1861569 -0.6947464
vn 0.9351132 -0.2505629 -0.2505624
vn 0.935113 -0.250563 0.2505633
vn 0.694746 -0.186157 0.6947471
vn 0.2581985 -0.06918436 0.9636115
vn -0.2581992 0.06918427 0.9636114
vn -0.694747 0.1861569 0.6947462
vn -0.9351131 0.250563 0.2505627
vn -0.935113 0.250563 -0.2505631
vn -0.6947467 0.1861571 -0.6947465
vn -0.258198 0.06918418 -0.9636116
vn 0.1890149 -0.1890147 -0.9636114
vn 0.5085899 -0.5085897 -0.6947466
vn 0.6845503 -0.6845505 -0.2505626
vn 0.6845501 -0.6845505 0.2505629
vn 0.5085894 -0.5085899 0.6947469
vn 0.1890143 -0.1890148 0.9636115
vn -0.1890151 0.1890147 0.9636114
vn -0.5085901 0.50859 0.6947463
vn -0.6845503 0.6845505 0.2505626
vn -0.6845502 0.6845505 -0.2505631
vn -0.5085896 0.50859 -0.6947466
vn -0.189014 0.1890145 -0.9636115
vn 0.06918453 -0.2581988 -0.9636114
vn 0.1861571 -0.6947468 -0.6947463
vn 0.2505628 -0.9351131 -0.2505629
vn 0.2505626 -0.9351132 0.2505629
vn 0.1861567 -0.6947467 0.6947466
vn 0.06918386 -0.2581989 0.9636114
vn -0.06918453 0.2581988 0.9636114
vn -0.1861571 0.6947469 0.6947463
vn -0.2505628 0.9351131 0.2505628
vn -0.2505627 0.9351131 -0.2505628
vn -0.1861566 0.6947469 -0.6947464
vn -0.06918369 0.2581984 -0.9636115
vn -0.06918386 -0.2581988 -0.9636115
vn -0.1861566 -0.6947468 -0.6947465
vn -0.2505625 -0.9351131 -0.250563
vn -0.2505628 -0.9351131 0.2505628
vn -0.1861571 -0.6947467 0.6947464
vn -0.06918453 -0.2581989 0.9636114
vn 0.06918383 0.2581988 0.9636114
vn 0.1861566 0.6947469 0.6947464
vn 0.2505626 0.9351131 0.250563
vn 0.2505629 0.9351131 -0.2505627
vn 0.186157 0.6947469 -0.6947464
vn 0.06918436 0.2581985 -0.9636115
vn -0.1890143 -0.1890146 -0.9636115
vn -0.5085895 -0.5085899 -0.6947468
vn -0.6845502 -0.6845504 -0.250563
vn -0.6845503 -0.6845504 0.2505626
vn -0.5085899 -0.5085899 0.6947465
vn -0.189015 -0.1890147 0.9636113
vn 0.1890144 0.1890147 0.9636114
vn 0.5085896 0.5085898 0.6947467
vn 0.6845503 0.6845504 0.250563
vn 0.6845503 0.6845505 -0.2505624
vn 0.50859 0.50859 -0.6947463
vn 0.1890147 0.1890144 -0.9636115
vn -0.2581985 -0.0691841 -0.9636115
vn -0.6947464 -0.1861567 -0.6947468
vn -0.9351131 -0.2505625 -0.2505635
vn -0.9351133 -0.2505625 0.2505626
vn -0.6947472 -0.1861567 0.6947461
vn -0.258199 -0.06918415 0.9636114
vn 0.2581985 0.06918406 0.9636115
vn 0.6947466 0.1861566 0.6947467
vn 0.9351131 0.2505625 0.2505631
vn 0.9351133 0.2505626 -0.2505625
vn 0.694747 0.1861566 -0.6947463
vn 0.2581988 0.06918405 -0.9636115
vn -0.2581986 0.0691843 -0.9636115
vn -0.6947463 0.1861569 -0.694747
vn -0.9351131 0.2505628 -0.2505626
vn -0.9351134 0.2505628 0.2505621
vn -0.6947466 0.1861568 0.6947466
vn -0.2581992 0.06918421 0.9636113
vn 0.2581985 -0.06918427 0.9636115
vn 0.6947466 -0.186157 0.6947467
vn 0.935113 -0.250563 0.2505634
vn 0.9351131 -0.250563 -0.2505628
vn 0.694747 -0.1861568 -0.6947463
vn 0.2581987 -0.06918403 -0.9636114
vn -0.1890143 0.1890148 -0.9636115
vn -0.5085895 0.5085897 -0.6947469
vn -0.6845503 0.6845505 -0.2505627
vn -0.6845503 0.6845503 0.2505628
vn -0.50859 0.5085897 0.6947466
vn -0.189015 0.1890148 0.9636114
vn 0.1890143 -0.1890148 0.9636114
vn 0.5085897 -0.50859 0.6947466
vn 0.6845503 -0.6845503 0.2505631
vn 0.6845504 -0.6845503 -0.2505628
vn 0.5085901 -0.5085898 -0.6947464
vn 0.1890147 -0.1890143 -0.9636115
vn -0.06918385 0.2581988 -0.9636114
vn -0.1861566 0.6947469 -0.6947464
vn -0.2505626 0.9351132 -0.250563
vn -0.2505628 0.9351132 0.2505629
vn -0.1861571 0.6947467 0.6947464
vn -0.06918452 0.2581987 0.9636114
vn 0.06918386 -0.2581989 0.9636114
vn 0.1861566 -0.694747 0.6947464
vn 0.2505626 -0.9351133 0.2505629
vn 0.2505628 -0.9351132 -0.2505628
vn 0.186157 -0.6947468 -0.6947464
vn 0.06918436 -0.2581984 -0.9636115
vn 0.06918458 0.2581989 -0.9636114
vn 0.1861571 0.6947467 -0.6947465
vn 0.2505629 0.9351133 -0.2505625
vn 0.2505627 0.9351131 0.2505628
vn 0.1861566 0.6947466 0.6947467
vn 0.0691839 0.2581989 0.9636114
vn -0.0691845 -0.258199 0.9636113
vn -0.1861571 -0.6947469 0.6947463
vn -0.250563 -0.9351131 0.2505629
vn -0.2505628 -0.935113 -0.2505631
vn -0.1861565 -0.6947468 -0.6947466
vn -0.06918371 -0.2581983 -0.9636116
vn 0.1890151 0.1890149 -0.9636112
vn 0.5085899 0.5085898 -0.6947466
vn 0.6845503 0.6845505 -0.2505626
vn 0.6845502 0.6845503 0.250563
vn 0.5085893 0.5085896 0.6947471
vn 0.1890144 0.1890147 0.9636114
vn -0.189015 -0.1890147 0.9636113
vn -0.5085902 -0.50859 0.6947463
vn -0.6845503 -0.6845503 0.2505627
vn -0.6845502 -0.6845503 -0.2505633
vn -0.5085894 -0.5085898 -0.6947469
vn -0.189014 -0.1890144 -0.9636115
vn 0.2581992 0.06918424 -0.9636113
vn 0.6947469 0.1861569 -0.6947463
vn 0.9351133 0.2505628 -0.2505625
vn 0.9351131 0.2505627 0.2505632
vn 0.6947463 0.1861568 0.694747
vn 0.2581984 0.06918415 0.9636115
vn -0.2581991 -0.06918421 0.9636114
vn -0.694747 -0.1861568 0.6947463
vn -0.9351131 -0.2505629 0.2505628
vn -0.935113 -0.2505629 -0.2505634
vn -0.6947466 -0.1861568 -0.6947466
vn -0.2581979 -0.06918392 -0.9636117
vn 0.258199 -0.06918421 -0.9636114
vn 0.6947467 -0.1861569 -0.6947464
vn 0.9351132 -0.2505629 -0.2505624
vn 0.935113 -0.250563 0.2505633
vn 0.694746 -0.186157 0.6947471
vn 0.2581985 -0.06918436 0.9636115
vn -0.2581992 0.06918427 0.9636114
vn -0.694747 0.1861569 0.6947462
vn -0.9351131 0.250563 0.2505627
vn -0.935113 0.250563 -0.2505631
vn -0.6947467 0.1861571 -0.6947465
vn -0.258198 0.06918418 -0.9636116
vn 0.1890149 -0.1890147 -0.9636114
vn 0.5085899 -0.5085897 -0.6947466
vn 0.6845503 -0.6845505 -0.2505626
vn 0.6845501 -0.6845505 0.2505629
vn 0.5085894 -0.5085899 0.6947469
vn 0.1890143 -0.1890148 0.9636115
vn -0.1890151 0.1890147 0.9636114
vn -0.5085901 0.50859 0.6947463
vn -0.6845503 0.6845505 0.2505626
vn -0.6845502 0.6845505 -0.2505631
vn -0.5085896 0.50859 -0.6947466
vn -0.189014 0.1890145 -0.9636115
vn 0.06918453 -0.2581988 -0.9636114
vn 0.1861571 -0.6947468 -0.6947463
vn 0.2505628 -0.9351131 -0.2505629
vn 0.2505626 -0.9351132 0.2505629
vn 0.1861567 -0.6947467 0.6947466
vn 0.06918386 -0.2581989 0.9636114
vn -0.06918453 0.2581988 0.9636114
vn -0.1861571 0.6947469 0.6947463
vn -0.2505628 0.9351131 0.2505628
vn -0.2505627 0.9351131 -0.2505628
vn -0.1861566 0.6947469 -0.6947464
vn -0.06918369 0.2581984 -0.9636115
vn -0.06918386 -0.2581988 -0.9636115
vn -0.1861566 -0.6947468 -0.6947465
vn -0.2505625 -0.9351131 -0.250563
vn -0.2505628 -0.9351131 0.2505628
vn -0.1861571 -0.6947467 0.6947464
vn -0.06918453 -0.2581989 0.9636114
vn 0.06918383 0.2581988 0.9636114
vn 0.1861566 0.6947469 0.6947464
vn 0.2505626 0.9351131 0.250563
vn 0.2505629 0.9351131 -0.2505627
vn 0.186157 0.6947469 -0.6947464
vn 0.06918436 0.2581985 -0.9636115
vn -0.1890143 -0.1890146 -0.9636115
vn -0.5085895 -0.5085899 -0.6947468
vn -0.6845502 -0.6845504 -0.250563
vn -0.6845503 -0.6845504 0.2505626
vn -0.5085899 -0.5085899 0.6947465
vn -0.189015 -0.1890147 0.9636113
vn 0.1890144 0.1890147 0.9636114
vn 0.5085896 0.5085898 0.6947467
vn 0.6845503 0.6845504 0.250563
vn 0.6845503 0.6845505 -0.2505624
vn 0.50859 0.50859 -0.6947463
vn 0.1890147 0.1890144 -0.9636115
vn -0.2581985 -0.0691841 -0.9636115
vn -0.6947464 -0.1861567 -0.6947468
vn -0.9351131 -0.2505625 -0.2505635
vn -0.9351133 -0.2505625 0.2505626
vn -0.6947472 -0.1861567 0.6947461
vn -0.258199 -0.06918415 0.9636114
vn 0.2581985 0.06918406 0.9636115
vn 0.6947466 0.1861566 0.6947467
vn 0.9351131 0.2505625 0.2505631
vn 0.9351133 0.2505626 -0.2505625
vn 0.694747 0.1861566 -0.6947463
vn 0.2581988 0.06918405 -0.9636115
vn 1 1.946417E-08 1.989894E-14
vn -1 -1.946417E-08 -1.989894E-14
vn -9.36065E-11 -1 -1.476239E-09
vn 9.36065E-11 1 1.476239E-09
vn -2.716337E-09 -4.48495E-10 -1
vn 2.716337E-09 4.48495E-10 1
vn 0.4999981 0.8660265 8.07391E-07
vn 0.8660243 0.500002 8.179874E-07
vn 1 1.950483E-06 6.019235E-07
vn 0.8660266 -0.4999981 2.548862E-07
vn 0.5000019 -0.8660243 -1.923581E-07
vn 2.034433E-06 -1 -5.775281E-07
vn -0.4999984 -0.8660263 -8.083744E-07
vn -0.8660243 -0.5000019 -8.174281E-07
vn -1 -2.008057E-06 -6.257303E-07
vn -0.8660266 0.4999979 -2.330289E-07
vn -0.5000018 0.8660244 1.831755E-07
vn -1.875073E-06 1 5.767345E-07
vn 6.323367E-07 6.016336E-07 -1
vn -6.287765E-07 -5.883467E-07 1
vn -0.2581986 0.0691843 -0.9636115
vn -0.6947463 0.1861569 -0.694747
vn -0.9351131 0.2505628 -0.2505626
vn -0.9351134 0.2505628 0.2505621
vn -0.6947466 0.1861568 0.6947466
vn -0.2581992 0.06918421 0.9636113
vn 0.2581985 -0.06918427 0.9636115
vn 0.6947466 -0.186157 0.6947467
vn 0.935113 -0.250563 0.2505634
vn 0.9351131 -0.250563 -0.2505628
vn 0.694747 -0.1861568 -0.6947463
vn 0.2581987 -0.06918403 -0.9636114
vn -0.1890143 0.1890148 -0.9636115
vn -0.5085895 0.5085897 -0.6947469
vn -0.6845503 0.6845505 -0.2505627
vn -0.6845503 0.6845503 0.2505628
vn -0.50859 0.5085897 0.6947466
vn -0.189015 0.1890148 0.9636114
vn 0.1890143 -0.1890148 0.9636114
vn 0.5085897 -0.50859 0.6947466
vn 0.6845503 -0.6845503 0.2505631
vn 0.6845504 -0.6845503 -0.2505628
vn 0.5085901 -0.5085898 -0.6947464
vn 0.1890147 -0.1890143 -0.9636115
vn -0.06918385 0.2581988 -0.9636114
vn -0.1861566 0.6947469 -0.6947464
vn -0.2505626 0.9351132 -0.250563
vn -0.2505628 0.9351132 0.2505629
vn -0.1861571 0.6947467 0.6947464
vn -0.06918452 0.2581987 0.9636114
vn 0.06918386 -0.2581989 0.9636114
vn 0.1861566 -0.694747 0.6947464
vn 0.2505626 -0.9351133 0.2505629
vn 0.2505628 -0.9351132 -0.2505628
vn 0.186157 -0.6947468 -0.6947464
vn 0.06918436 -0.2581984 -0.9636115
vn 0.06918458 0.2581989 -0.9636114
vn 0.1861571 0.6947467 -0.6947465
vn 0.2505629 0.9351133 -0.2505625
vn 0.2505627 0.9351131 0.2505628
vn 0.1861566 0.6947466 0.6947467
vn 0.0691839 0.2581989 0.9636114
vn -0.0691845 -0.258199 0.9636113
vn -0.1861571 -0.6947469 0.6947463
vn -0.250563 -0.9351131 0.2505629
vn -0.2505628 -0.935113 -0.2505631
vn -0.1861565 -0.6947468 -0.6947466
vn -0.06918371 -0.2581983 -0.9636116
vn 0.1890151 0.1890149 -0.9636112
vn 0.5085899 0.5085898 -0.6947466
vn 0.6845503 0.6845505 -0.2505626
vn 0.6845502 0.6845503 0.250563
vn 0.5085893 0.5085896 0.6947471
vn 0.1890144 0.1890147 0.9636114
vn -0.189015 -0.1890147 0.9636113
vn -0.5085902 -0.50859 0.6947463
vn -0.6845503 -0.6845503 0.2505627
vn -0.6845502 -0.6845503 -0.2505633
vn -0.5085894 -0.5085898 -0.6947469
vn -0.189014 -0.1890144 -0.9636115
vn 0.2581992 0.06918424 -0.9636113
vn 0.6947469 0.1861569 -0.6947463
vn 0.9351133 0.2505628 -0.2505625
vn 0.9351131 0.2505627 0.2505632
vn 0.6947463 0.1861568 0.694747
vn 0.2581984 0.06918415 0.9636115
vn -0.2581991 -0.06918421 0.9636114
vn -0.694747 -0.1861568 0.6947463
vn -0.9351131 -0.2505629 0.2505628
vn -0.935113 -0.2505629 -0.2505634
vn -0.6947466 -0.1861568 -0.6947466
vn -0.2581979 -0.06918392 -0.9636117
vn 0.258199 -0.06918421 -0.9636114
vn 0.6947467 -0.1861569 -0.6947464
vn 0.9351132 -0.2505629 -0.2505624
vn 0.935113 -0.250563 0.2505633
vn 0.694746 -0.186157 0.6947471
vn 0.2581985 -0.06918436 0.9636115
vn -0.2581992 0.06918427 0.9636114
vn -0.694747 0.1861569 0.6947462
vn -0.9351131 0.250563 0.2505627
vn -0.935113 0.250563 -0.2505631
vn -0.6947467 0.1861571 -0.6947465
vn -0.258198 0.06918418 -0.9636116
vn 0.1890149 -0.1890147 -0.9636114
vn 0.5085899 -0.5085897 -0.6947466
vn 0.6845503 -0.6845505 -0.2505626
vn 0.6845501 -0.6845505 0.2505629
vn 0.5085894 -0.5085899 0.6947469
vn 0.1890143 -0.1890148 0.9636115
vn -0.1890151 0.1890147 0.9636114
vn -0.5085901 0.50859 0.6947463
vn -0.6845503 0.6845505 0.2505626
vn -0.6845502 0.6845505 -0.2505631
vn -0.5085896 0.50859 -0.6947466
vn -0.189014 0.1890145 -0.9636115
vn 0.06918453 -0.2581988 -0.9636114
vn 0.1861571 -0.6947468 -0.6947463
vn 0.2505628 -0.9351131 -0.2505629
vn 0.2505626 -0.9351132 0.2505629
vn 0.1861567 -0.6947467 0.6947466
vn 0.06918386 -0.2581989 0.9636114
vn -0.06918453 0.2581988 0.9636114
vn -0.1861571 0.6947469 0.6947463
vn -0.2505628 0.9351131 0.2505628
vn -0.2505627 0.9351131 -0.2505628
vn -0.1861566 0.6947469 -0.6947464
vn -0.06918369 0.2581984 -0.9636115
vn -0.06918386 -0.2581988 -0.9636115
vn -0.1861566 -0.6947468 -0.6947465
vn -0.2505625 -0.9351131 -0.250563
vn -0.2505628 -0.9351131 0.2505628
vn -0.1861571 -0.6947467 0.6947464
vn -0.06918453 -0.2581989 0.9636114
vn 0.06918383 0.2581988 0.9636114
vn 0.1861566 0.6947469 0.6947464
vn 0.2505626 0.9351131 0.250563
vn 0.2505629 0.9351131 -0.2505627
vn 0.186157 0.6947469 -0.6947464
vn 0.06918436 0.2581985 -0.9636115
vn -0.1890143 -0.1890146 -0.9636115
vn -0.5085895 -0.5085899 -0.6947468
vn -0.6845502 -0.6845504 -0.250563
vn -0.6845503 -0.6845504 0.2505626
vn -0.5085899 -0.5085899 0.6947465
vn -0.189015 -0.1890147 0.9636113
vn 0.1890144 0.1890147 0.9636114
vn 0.5085896 0.5085898 0.6947467
vn 0.6845503 0.6845504 0.250563
vn 0.6845503 0.6845505 -0.2505624
vn 0.50859 0.50859 -0.6947463
vn 0.1890147 0.1890144 -0.9636115
vn -0.2581985 -0.0691841 -0.9636115
vn -0.6947464 -0.1861567 -0.6947468
vn -0.9351131 -0.2505625 -0.2505635
vn -0.9351133 -0.2505625 0.2505626
vn -0.6947472 -0.1861567 0.6947461
vn -0.258199 -0.06918415 0.9636114
vn 0.2581985 0.06918406 0.9636115
vn 0.6947466 0.1861566 0.6947467
vn 0.9351131 0.2505625 0.2505631
vn 0.9351133 0.2505626 -0.2505625
vn 0.694747 0.1861566 -0.6947463
vn 0.2581988 0.06918405 -0.9636115
vn 1 2.592178E-08 3.496911E-07
vn -1 -2.592178E-08 -3.496911E-07
vn 9.23439E-14 -1 -3.514955E-07
vn -9.23439E-14 1 3.514955E-07
vn 3.508941E-07 3.496911E-07 -1
vn -3.508941E-07 -3.496911E-07 1
vn 1 4.656612E-09 0
vn -1 -4.656612E-09 0
vn 0 -1 2.297262E-08
vn 0 1 -2.297262E-08
vn 5.268625E-09 0 -1
vn -5.268625E-09 0 1
vn -5.247281E-07 -1 -5.364417E-07
vn 5.243447E-07 1 5.364417E-07
vn 0.01001172 0.07499452 -0.9971337
vn -0.01730872 0.001603648 0.9998489
vn 0.01720199 -0.01684853 -0.9997101
vn -0.03506576 0.0157335 -0.9992612
vn -0.009553522 -0.004284648 0.9999452
vn 0.05762232 0.01067486 -0.9982814
vn -0.09208332 0.00893179 -0.9957113
vn 0.01584811 -0.01894306 0.999695
vn -0.0006088292 0.01937643 -0.9998121
vn -0.0313076 -0.03401379 -0.9989309
vn 0.02145891 -0.01098422 0.9997094
vn -0.02951818 0.05879366 -0.9978337
vn -0.2356549 0.1377897 -0.9620192
vn -0.6222036 0.3688803 -0.6904998
vn -0.8331854 0.4958274 -0.2448618
vn -0.830048 0.4953321 0.2562548
vn -0.6135042 0.3675066 0.6989647
vn -0.2235888 0.1358844 0.9651651
vn 0.2356554 -0.13779 0.962019
vn 0.6222032 -0.3688801 0.6905003
vn 0.8331855 -0.4958275 0.2448612
vn 0.830048 -0.4953321 -0.2562546
vn 0.6135039 -0.3675064 -0.6989651
vn 0.2235888 -0.1358844 -0.9651651
vn -0.1364736 0.2342706 -0.9625447
vn -0.3553317 0.6284857 -0.6919142
vn -0.4739823 0.8452501 -0.2467651
vn -0.4708448 0.8447547 0.2543516
vn -0.3466323 0.627112 0.6975505
vn -0.1244076 0.2323653 0.9646394
vn 0.1364738 -0.2342709 0.9625446
vn 0.3553316 -0.6284854 0.6919144
vn 0.4739824 -0.8452502 0.2467647
vn 0.4708449 -0.8447548 -0.254351
vn 0.3466321 -0.6271116 -0.697551
vn 0.1244075 -0.2323652 -0.9646394
vn -0.002340646 0.2682343 -0.9633509
vn 0.005585389 0.7198727 -0.6940837
vn 0.01180362 0.9682553 -0.2496846
vn 0.01494106 0.9677598 0.2514313
vn 0.0142848 0.7184989 0.6953813
vn 0.0097254 0.266329 0.9638332
vn 0.002340656 -0.2682346 0.9633508
vn -0.00558547 -0.7198726 0.6940838
vn -0.0118038 -0.9682553 0.2496843
vn -0.01494121 -0.9677599 -0.251431
vn -0.01428486 -0.7184988 -0.6953816
vn -0.009725343 -0.2663288 -0.9638333
vn 0.1308028 0.2305798 -0.9642218
vn 0.3638405 0.6185548 -0.6964267
vn 0.4940067 0.8318834 -0.2528388
vn 0.4971442 0.831388 0.2482776
vn 0.3725399 0.617181 0.693038
vn 0.1428689 0.2286746 0.9629623
vn -0.130803 -0.2305802 0.9642216
vn -0.3638403 -0.6185545 0.6964272
vn -0.4940067 -0.8318836 0.2528383
vn -0.4971442 -0.8313881 -0.2482771
vn -0.3725397 -0.6171808 -0.6930384
vn -0.1428689 -0.2286745 -0.9629623
vn 0.2272813 0.1313972 -0.9649239
vn 0.6234393 0.3516796 -0.6983158
vn 0.8434204 0.4726756 -0.2553816
vn 0.846558 0.4721801 0.2457348
vn 0.6321386 0.3503058 0.6911488
vn 0.2393473 0.1294918 0.9622602
vn -0.2272817 -0.1313974 0.9649237
vn -0.623439 -0.3516794 0.6983162
vn -0.8434205 -0.4726756 0.2553814
vn -0.846558 -0.4721802 -0.2457345
vn -0.6321384 -0.3503056 -0.6911491
vn -0.2393473 -0.1294918 -0.9622602
vn 0.2612432 -0.002738119 -0.9652692
vn 0.7148225 -0.009243976 -0.6992449
vn 0.9664202 -0.01311893 -0.2566318
vn 0.9695576 -0.01361436 0.2444846
vn 0.7235216 -0.01061771 0.6902201
vn 0.2733093 -0.004643396 0.9619151
vn -0.2612438 0.002738094 0.965269
vn -0.7148222 0.009244082 0.6992453
vn -0.9664204 0.01311899 0.2566314
vn -0.9695578 0.01361445 -0.2444839
vn -0.7235214 0.01061776 -0.6902204
vn -0.2733094 0.004643375 -0.9619151
vn 0.2235888 -0.1358844 -0.965165
vn 0.6135039 -0.3675065 -0.6989649
vn 0.8300481 -0.4953324 -0.2562539
vn 0.8331856 -0.4958278 0.2448605
vn 0.6222032 -0.3688801 0.6905003
vn 0.2356549 -0.1377898 0.9620191
vn -0.2235893 0.1358847 0.9651648
vn -0.6135036 0.3675064 0.6989652
vn -0.8300481 0.4953322 0.2562542
vn -0.8331856 0.4958276 -0.2448608
vn -0.6222032 0.3688802 -0.6905003
vn -0.2356548 0.1377898 -0.9620191
vn 0.1244075 -0.2323653 -0.9646394
vn 0.3466321 -0.6271118 -0.6975508
vn 0.4708449 -0.8447549 -0.2543508
vn 0.4739823 -0.8452504 0.2467643
vn 0.3553316 -0.6284856 0.6919143
vn 0.1364735 -0.2342707 0.9625447
vn -0.1244077 0.2323657 0.9646393
vn -0.3466321 0.6271117 0.6975508
vn -0.4708449 0.8447549 0.254351
vn -0.4739822 0.8452503 -0.2467645
vn -0.3553315 0.6284854 -0.6919144
vn -0.1364735 0.2342706 -0.9625447
vn -0.009725385 -0.266329 -0.9638332
vn -0.01428477 -0.718499 -0.6953813
vn -0.01494106 -0.9677598 -0.2514312
vn -0.01180356 -0.9682553 0.2496846
vn -0.005585386 -0.7198727 0.6940838
vn 0.00234066 -0.2682343 0.963351
vn 0.009725381 0.2663293 0.9638331
vn 0.01428485 0.7184989 0.6953815
vn 0.01494124 0.9677599 0.251431
vn 0.01180371 0.9682553 -0.2496843
vn 0.005585452 0.7198725 -0.6940839
vn -0.002340692 0.2682342 -0.963351
vn -0.142869 -0.2286747 -0.9629623
vn -0.3725398 -0.6171809 -0.6930381
vn -0.4971441 -0.831388 -0.2482774
vn -0.4940068 -0.8318834 0.2528385
vn -0.3638404 -0.6185547 0.6964269
vn -0.1308029 -0.23058 0.9642217
vn 0.1428691 0.2286748 0.9629623
vn 0.3725396 0.6171808 0.6930383
vn 0.4971441 0.8313882 0.248277
vn 0.4940067 0.8318835 -0.2528383
vn 0.3638403 0.6185545 -0.6964272
vn 0.1308028 0.2305797 -0.9642218
vn -0.2393473 -0.1294919 -0.9622602
vn -0.6321384 -0.3503057 -0.691149
vn -0.8465581 -0.4721803 -0.245734
vn -0.8434205 -0.4726756 0.2553814
vn -0.6234391 -0.3516794 0.6983161
vn -0.2272813 -0.1313972 0.9649238
vn 0.2393478 0.1294921 0.9622601
vn 0.6321383 0.3503056 0.6911492
vn 0.8465582 0.4721801 0.2457342
vn 0.8434206 0.4726756 -0.255381
vn 0.6234389 0.3516792 -0.6983164
vn 0.2272813 0.1313972 -0.9649239
vn -0.2733094 0.004643456 -0.961915
vn -0.7235216 0.0106179 -0.6902201
vn -0.9695579 0.01361459 -0.2444836
vn -0.9664201 0.01311903 0.2566322
vn -0.7148224 0.009244103 0.699245
vn -0.2612433 0.002738122 0.9652691
vn 0.2733098 -0.004643469 0.9619149
vn 0.7235215 -0.0106178 0.6902203
vn 0.9695578 -0.01361454 0.2444837
vn 0.9664204 -0.01311911 -0.2566313
vn 0.714822 -0.009244162 -0.6992455
vn 0.2612433 -0.002738144 -0.9652691
vn 0.006650261 0.9998584 -0.01546106
vn 0.5056257 0.8627502 -0.002205615
vn 0.8691171 0.4944693 0.01164064
vn 0.9997299 -0.006304807 0.02236784
vn 0.8624662 -0.5053887 0.02710159
vn 0.4941036 -0.8690557 0.02457337
vn -0.00665043 -0.9998584 0.01546089
vn -0.5056257 -0.8627501 0.002205698
vn -0.8691171 -0.4944694 -0.01164065
vn -0.9997299 0.006304852 -0.02236782
vn -0.862466 0.5053889 -0.02710161
vn -0.4941037 0.8690556 -0.0245736
vn 0.02226736 -0.01560543 -0.9996303
vn -0.02226721 0.01560551 0.9996303
vn -0.2208954 0.1222195 -0.9676093
vn -0.6441246 0.2932131 -0.706491
vn -0.8849208 0.3818017 -0.2667259
vn -0.8980563 0.3723901 0.2341382
vn -0.6805458 0.2671171 0.6822799
vn -0.2714115 0.08602443 0.9586113
vn 0.2208953 -0.1222194 0.9676093
vn 0.6441249 -0.2932132 0.7064907
vn 0.8849205 -0.3818018 0.2667267
vn 0.898056 -0.3723902 -0.234139
vn 0.6805461 -0.2671171 -0.6822796
vn 0.2714111 -0.08602419 -0.9586114
vn -0.1359254 0.2313414 -0.9633304
vn -0.4154927 0.5868322 -0.6949777
vn -0.5771871 0.7770064 -0.2512294
vn -0.5903224 0.7675947 0.2496355
vn -0.4519139 0.5607362 0.6937931
vn -0.1864416 0.1951465 0.9628901
vn 0.1359254 -0.2313414 0.9633304
vn 0.4154928 -0.5868324 0.6949774
vn 0.5771871 -0.7770063 0.2512298
vn 0.5903225 -0.7675946 -0.2496355
vn 0.451914 -0.5607363 -0.693793
vn 0.1864413 -0.1951459 -0.9628903
vn -0.007766554 0.2833247 -0.9589926
vn -0.0706501 0.7267066 -0.6833054
vn -0.1130366 0.9652737 -0.2355196
vn -0.1261721 0.9558621 0.2653457
vn -0.1070714 0.7006105 0.7054649
vn -0.0582827 0.2471297 0.9672281
vn 0.007766552 -0.2833248 0.9589926
vn 0.07065008 -0.7267066 0.6833053
vn 0.1130366 -0.9652737 0.2355195
vn 0.1261721 -0.9558621 -0.2653456
vn 0.1070712 -0.7006105 -0.7054648
vn 0.05828258 -0.2471293 -0.9672281
vn 0.1292414 0.2642409 -0.955758
vn 0.2980028 0.6753563 -0.6746024
vn 0.3831615 0.8961577 -0.223805
vn 0.370026 0.8867461 0.2770598
vn 0.2615815 0.6492602 0.7141683
vn 0.07872523 0.2280459 0.9704625
vn -0.1292413 -0.2642409 0.955758
vn -0.2980028 -0.6753564 0.6746022
vn -0.3831616 -0.8961576 0.2238053
vn -0.3700262 -0.886746 -0.2770601
vn -0.2615815 -0.6492605 -0.7141681
vn -0.07872495 -0.2280453 -0.9704627
vn 0.238387 0.1792032 -0.9544935
vn 0.5916852 0.4465411 -0.6712002
vn 0.7784516 0.5881779 -0.2192256
vn 0.7653162 0.5787662 0.2816394
vn 0.5552639 0.4204451 0.7175709
vn 0.1878709 0.143008 0.971727
vn -0.2383869 -0.179203 0.9544936
vn -0.5916855 -0.4465413 0.6711999
vn -0.7784517 -0.5881778 0.2192257
vn -0.7653162 -0.5787662 -0.2816396
vn -0.5552641 -0.4204453 -0.7175707
vn -0.1878704 -0.1430077 -0.9717271
vn 0.2904248 0.05099701 -0.955538
vn 0.731706 0.1015721 -0.67401
vn 0.9669162 0.123857 -0.2230079
vn 0.9537807 0.1144454 0.2778571
vn 0.6952846 0.07547605 0.7147606
vn 0.2399086 0.01480201 0.9706827
vn -0.2904247 -0.05099699 0.955538
vn -0.731706 -0.101572 0.67401
vn -0.9669161 -0.1238572 0.2230082
vn -0.9537807 -0.1144456 -0.2778574
vn -0.695285 -0.07547604 -0.7147602
vn -0.2399081 -0.01480185 -0.9706828
vn 0.2714114 -0.08602442 -0.9586114
vn 0.6805459 -0.2671173 -0.6822798
vn 0.8980561 -0.3723902 -0.2341385
vn 0.8849206 -0.3818018 0.2667265
vn 0.6441244 -0.2932132 0.7064912
vn 0.2208953 -0.1222195 0.9676093
vn -0.2714115 0.08602449 0.9586113
vn -0.6805462 0.2671173 0.6822795
vn -0.898056 0.3723902 0.2341388
vn -0.8849206 0.3818018 -0.2667264
vn -0.6441251 0.2932134 -0.7064905
vn -0.2208949 0.1222193 -0.9676094
vn 0.1864415 -0.1951464 -0.9628902
vn 0.4519137 -0.5607362 -0.6937932
vn 0.5903224 -0.7675948 -0.2496353
vn 0.5771869 -0.7770064 0.2512296
vn 0.4154925 -0.5868322 0.6949777
vn 0.1359254 -0.2313414 0.9633304
vn -0.1864416 0.1951464 0.9628901
vn -0.4519139 0.5607364 0.6937928
vn -0.5903224 0.7675948 0.2496353
vn -0.5771869 0.7770064 -0.2512298
vn -0.4154927 0.5868323 -0.6949774
vn -0.1359252 0.2313411 -0.9633305
vn 0.05828268 -0.2471298 -0.967228
vn 0.1070713 -0.7006106 -0.7054648
vn 0.1261721 -0.955862 -0.2653457
vn 0.1130366 -0.9652737 0.2355195
vn 0.07065016 -0.7267064 0.6833055
vn 0.007766537 -0.2833248 0.9589926
vn -0.05828269 0.2471298 0.967228
vn -0.1070713 0.7006106 0.7054648
vn -0.1261721 0.9558621 0.2653456
vn -0.1130367 0.9652737 -0.2355195
vn -0.07065006 0.7267066 -0.6833054
vn -0.007766445 0.2833243 -0.9589927
vn -0.07872517 -0.2280458 -0.9704625
vn -0.2615816 -0.6492605 -0.714168
vn -0.3700259 -0.8867461 -0.27706
vn -0.3831614 -0.8961577 0.2238052
vn -0.2980027 -0.6753563 0.6746023
vn -0.1292413 -0.2642408 0.9557581
vn 0.07872515 0.2280458 0.9704625
vn 0.2615816 0.6492606 0.714168
vn 0.370026 0.8867461 0.2770599
vn 0.3831615 0.8961577 -0.2238051
vn 0.2980027 0.6753564 -0.6746022
vn 0.1292411 0.2642404 -0.9557582
vn -0.1878707 -0.1430079 -0.971727
vn -0.5552641 -0.4204454 -0.7175706
vn -0.7653162 -0.5787663 -0.2816393
vn -0.7784517 -0.5881779 0.2192256
vn -0.5916853 -0.4465412 0.6712
vn -0.2383869 -0.179203 0.9544936
vn 0.1878708 0.143008 0.971727
vn 0.5552642 0.4204453 0.7175705
vn 0.7653162 0.5787662 0.2816393
vn 0.7784517 0.5881779 -0.2192255
vn 0.5916854 0.4465413 -0.6711999
vn 0.2383866 0.1792027 -0.9544938
vn -0.2399086 -0.01480195 -0.9706826
vn -0.6952848 -0.07547593 -0.7147604
vn -0.9537807 -0.1144452 -0.2778574
vn -0.9669162 -0.1238568 0.223008
vn -0.7317063 -0.1015719 0.6740097
vn -0.2904246 -0.05099695 0.955538
vn 0.2399086 0.01480191 0.9706826
vn 0.695285 0.07547589 0.7147603
vn 0.9537808 0.1144452 0.2778571
vn 0.9669162 0.1238568 -0.2230079
vn 0.731706 0.1015717 -0.67401
vn 0.2904244 0.05099688 -0.9555381
vn 1 2.576638E-08 1.664964E-06
vn -1 -2.57669E-08 1.315273E-06
vn 9.443812E-13 -1 -5.566589E-06
vn 8.938768E-13 1 -4.947022E-06
vn 1.783812E-07 1.748456E-07 -1
vn -1.702579E-07 -1.748456E-07 1
vn -0.2356549 0.1377897 -0.9620192
vn -0.6222036 0.3688803 -0.6904998
vn -0.8331854 0.4958274 -0.2448618
vn -0.830048 0.4953321 0.2562548
vn -0.6135042 0.3675066 0.6989647
vn -0.2235888 0.1358844 0.9651651
vn 0.2356554 -0.13779 0.962019
vn 0.6222032 -0.3688801 0.6905003
vn 0.8331855 -0.4958275 0.2448612
vn 0.830048 -0.4953321 -0.2562546
vn 0.6135039 -0.3675064 -0.6989651
vn 0.2235888 -0.1358844 -0.9651651
vn -0.1364736 0.2342706 -0.9625447
vn -0.3553317 0.6284857 -0.6919142
vn -0.4739823 0.8452501 -0.2467651
vn -0.4708448 0.8447547 0.2543516
vn -0.3466323 0.627112 0.6975505
vn -0.1244076 0.2323653 0.9646394
vn 0.1364738 -0.2342709 0.9625446
vn 0.3553316 -0.6284854 0.6919144
vn 0.4739824 -0.8452502 0.2467647
vn 0.4708449 -0.8447548 -0.254351
vn 0.3466321 -0.6271116 -0.697551
vn 0.1244075 -0.2323652 -0.9646394
vn -0.002340646 0.2682343 -0.9633509
vn 0.005585389 0.7198727 -0.6940837
vn 0.01180362 0.9682553 -0.2496846
vn 0.01494106 0.9677598 0.2514313
vn 0.0142848 0.7184989 0.6953813
vn 0.0097254 0.266329 0.9638332
vn 0.002340656 -0.2682346 0.9633508
vn -0.00558547 -0.7198726 0.6940838
vn -0.0118038 -0.9682553 0.2496843
vn -0.01494121 -0.9677599 -0.251431
vn -0.01428486 -0.7184988 -0.6953816
vn -0.009725343 -0.2663288 -0.9638333
vn 0.1308028 0.2305798 -0.9642218
vn 0.3638405 0.6185548 -0.6964267
vn 0.4940067 0.8318834 -0.2528388
vn 0.4971442 0.831388 0.2482776
vn 0.3725399 0.617181 0.693038
vn 0.1428689 0.2286746 0.9629623
vn -0.130803 -0.2305802 0.9642216
vn -0.3638403 -0.6185545 0.6964272
vn -0.4940067 -0.8318836 0.2528383
vn -0.4971442 -0.8313881 -0.2482771
vn -0.3725397 -0.6171808 -0.6930384
vn -0.1428689 -0.2286745 -0.9629623
vn 0.2272813 0.1313972 -0.9649239
vn 0.6234393 0.3516796 -0.6983158
vn 0.8434204 0.4726756 -0.2553816
vn 0.846558 0.4721801 0.2457348
vn 0.6321386 0.3503058 0.6911488
vn 0.2393473 0.1294918 0.9622602
vn -0.2272817 -0.1313974 0.9649237
vn -0.623439 -0.3516794 0.6983162
vn -0.8434205 -0.4726756 0.2553814
vn -0.846558 -0.4721802 -0.2457345
vn -0.6321384 -0.3503056 -0.6911491
vn -0.2393473 -0.1294918 -0.9622602
vn 0.2612432 -0.002738119 -0.9652692
vn 0.7148225 -0.009243976 -0.6992449
vn 0.9664202 -0.01311893 -0.2566318
vn 0.9695576 -0.01361436 0.2444846
vn 0.7235216 -0.01061771 0.6902201
vn 0.2733093 -0.004643396 0.9619151
vn -0.2612438 0.002738094 0.965269
vn -0.7148222 0.009244082 0.6992453
vn -0.9664204 0.01311899 0.2566314
vn -0.9695578 0.01361445 -0.2444839
vn -0.7235214 0.01061776 -0.6902204
vn -0.2733094 0.004643375 -0.9619151
vn 0.2235888 -0.1358844 -0.965165
vn 0.6135039 -0.3675065 -0.6989649
vn 0.8300481 -0.4953324 -0.2562539
vn 0.8331856 -0.4958278 0.2448605
vn 0.6222032 -0.3688801 0.6905003
vn 0.2356549 -0.1377898 0.9620191
vn -0.2235893 0.1358847 0.9651648
vn -0.6135036 0.3675064 0.6989652
vn -0.8300481 0.4953322 0.2562542
vn -0.8331856 0.4958276 -0.2448608
vn -0.6222032 0.3688802 -0.6905003
vn -0.2356548 0.1377898 -0.9620191
vn 0.1244075 -0.2323653 -0.9646394
vn 0.3466321 -0.6271118 -0.6975508
vn 0.4708449 -0.8447549 -0.2543508
vn 0.4739823 -0.8452504 0.2467643
vn 0.3553316 -0.6284856 0.6919143
vn 0.1364735 -0.2342707 0.9625447
vn -0.1244077 0.2323657 0.9646393
vn -0.3466321 0.6271117 0.6975508
vn -0.4708449 0.8447549 0.254351
vn -0.4739822 0.8452503 -0.2467645
vn -0.3553315 0.6284854 -0.6919144
vn -0.1364735 0.2342706 -0.9625447
vn -0.009725385 -0.266329 -0.9638332
vn -0.01428477 -0.718499 -0.6953813
vn -0.01494106 -0.9677598 -0.2514312
vn -0.01180356 -0.9682553 0.2496846
vn -0.005585386 -0.7198727 0.6940838
vn 0.00234066 -0.2682343 0.963351
vn 0.009725381 0.2663293 0.9638331
vn 0.01428485 0.7184989 0.6953815
vn 0.01494124 0.9677599 0.251431
vn 0.01180371 0.9682553 -0.2496843
vn 0.005585452 0.7198725 -0.6940839
vn -0.002340692 0.2682342 -0.963351
vn -0.142869 -0.2286747 -0.9629623
vn -0.3725398 -0.6171809 -0.6930381
vn -0.4971441 -0.831388 -0.2482774
vn -0.4940068 -0.8318834 0.2528385
vn -0.3638404 -0.6185547 0.6964269
vn -0.1308029 -0.23058 0.9642217
vn 0.1428691 0.2286748 0.9629623
vn 0.3725396 0.6171808 0.6930383
vn 0.4971441 0.8313882 0.248277
vn 0.4940067 0.8318835 -0.2528383
vn 0.3638403 0.6185545 -0.6964272
vn 0.1308028 0.2305797 -0.9642218
vn -0.2393473 -0.1294919 -0.9622602
vn -0.6321384 -0.3503057 -0.691149
vn -0.8465581 -0.4721803 -0.245734
vn -0.8434205 -0.4726756 0.2553814
vn -0.6234391 -0.3516794 0.6983161
vn -0.2272813 -0.1313972 0.9649238
vn 0.2393478 0.1294921 0.9622601
vn 0.6321383 0.3503056 0.6911492
vn 0.8465582 0.4721801 0.2457342
vn 0.8434206 0.4726756 -0.255381
vn 0.6234389 0.3516792 -0.6983164
vn 0.2272813 0.1313972 -0.9649239
vn -0.2733094 0.004643456 -0.961915
vn -0.7235216 0.0106179 -0.6902201
vn -0.9695579 0.01361459 -0.2444836
vn -0.9664201 0.01311903 0.2566322
vn -0.7148224 0.009244103 0.699245
vn -0.2612433 0.002738122 0.9652691
vn 0.2733098 -0.004643469 0.9619149
vn 0.7235215 -0.0106178 0.6902203
vn 0.9695578 -0.01361454 0.2444837
vn 0.9664204 -0.01311911 -0.2566313
vn 0.714822 -0.009244162 -0.6992455
vn 0.2612433 -0.002738144 -0.9652691
vn 0.2551973 0.9661881 -0.03680847
vn 0.7040087 0.7101693 -0.005604132
vn 0.9641796 0.2638621 0.02710156
vn 0.9659998 -0.253147 0.0525455
vn 0.7089815 -0.7023253 0.06390989
vn 0.2619902 -0.963317 0.05814956
vn -0.2551975 -0.9661881 0.03680832
vn -0.7040088 -0.7101693 0.005604186
vn -0.9641796 -0.2638621 -0.02710157
vn -0.9659998 0.2531471 -0.0525455
vn -0.7089813 0.7023254 -0.0639099
vn -0.2619903 0.963317 -0.05814976
vn 0.04145113 -0.04896633 -0.9979399
vn -0.04145094 0.04896634 0.9979399
vn -0.09208332 0.00893179 -0.9957113
vn 0.01584811 -0.01894306 0.999695
vn -0.0006088292 0.01937643 -0.9998121
vn -0.0313076 -0.03401379 -0.9989309
vn 0.02145891 -0.01098422 0.9997094
vn -0.02951818 0.05879366 -0.9978337
vn -0.01515619 -0.07351216 -0.9971792
vn 0.02282873 -0.003054808 0.9997348
vn -0.02279303 0.01829979 -0.9995727
vn 0.02962926 -0.0140359 -0.9994624
vn 0.01504653 0.002796675 0.9998829
vn -0.0630748 -0.009416178 -0.9979644
vn 0.01001172 0.07499452 -0.9971337
vn -0.01730872 0.001603648 0.9998489
vn 0.01720199 -0.01684853 -0.9997101
vn -0.03506576 0.0157335 -0.9992612
vn -0.009553522 -0.004284648 0.9999452
vn 0.05762232 0.01067486 -0.9982814
vn 0 0 0
vn 0 0 0
vn 0 0 0
vn 0 0 0
vn 0 0 0
vn 0 0 0
vn 0 0 0
vn 0 0 0
vn 0 0 0
vn 0 0 0
vn 0 0 0
vn 0 0 0
vn -0.4443162 0.8583563 0.2565299
vn -0.2565242 0.8583563 0.4443196
vn 3.331434E-06 0.8583562 0.5130542
vn 0.2565298 0.8583563 0.4443163
vn 0.4443194 0.8583564 0.2565242
vn 0.513054 0.8583564 -3.159247E-06
vn 0.4443161 0.8583564 -0.2565298
vn 0.2565241 0.8583564 -0.4443194
vn -3.302647E-06 0.8583564 -0.5130538
vn -0.2565298 0.8583565 -0.4443159
vn -0.4443195 0.8583564 -0.2565241
vn -0.513054 0.8583564 3.646521E-06
vn -0.6727874 0.6296598 0.3884399
vn -0.3884312 0.6296598 0.6727925
vn 5.0434E-06 0.6296599 0.7768709
vn 0.3884398 0.6296598 0.6727875
vn 0.6727924 0.6296599 0.3884313
vn 0.776871 0.6296599 -4.863407E-06
vn 0.6727874 0.6296601 -0.3884397
vn 0.3884311 0.6296601 -0.6727923
vn -5.014613E-06 0.6296601 -0.7768708
vn -0.3884397 0.6296602 -0.6727872
vn -0.6727924 0.6296601 -0.3884311
vn -0.776871 0.6296599 5.286135E-06
vn -0.817002 0.3316681 0.4717034
vn -0.4716929 0.331668 0.8170081
vn 6.108599E-06 0.331668 0.9433962
vn 0.4717034 0.331668 0.8170021
vn 0.8170081 0.331668 0.4716929
vn 0.9433961 0.3316683 -5.949855E-06
vn 0.8170019 0.3316683 -0.4717034
vn 0.4716928 0.3316683 -0.817008
vn -6.094206E-06 0.3316684 -0.943396
vn -0.4717032 0.3316684 -0.8170019
vn -0.817008 0.3316683 -0.4716928
vn -0.9433962 0.331668 6.268378E-06
vn -0.8660222 -3.204768E-07 0.5000055
vn -0.4999945 -2.175367E-07 0.8660286
vn 6.484899E-06 -4.398564E-07 1
vn 0.5000055 -2.832643E-07 0.8660222
vn 0.8660286 -8.549715E-08 0.4999945
vn 1 -1.248218E-07 -6.456113E-06
vn 0.8660222 -2.957532E-07 -0.5000057
vn 0.4999943 -8.485323E-08 -0.8660287
vn -6.427326E-06 -1.00361E-07 -1
vn -0.5000055 -1.257087E-07 -0.8660222
vn -0.8660287 -1.518983E-07 -0.4999945
vn -1 -2.656475E-07 6.542473E-06
vn -0.8170021 -0.3316682 0.4717032
vn -0.4716928 -0.3316683 0.817008
vn 6.052059E-06 -0.3316682 0.9433961
vn 0.4717034 -0.3316682 0.817002
vn 0.817008 -0.3316683 0.4716928
vn 0.9433962 -0.331668 -6.182017E-06
vn 0.8170019 -0.3316679 -0.4717036
vn 0.4716928 -0.331668 -0.8170082
vn -5.979059E-06 -0.3316679 -0.9433962
vn -0.4717034 -0.3316679 -0.8170021
vn -0.8170081 -0.3316678 -0.471693
vn -0.9433962 -0.331668 6.095856E-06
vn -0.6727874 -0.6296601 0.3884396
vn -0.3884311 -0.6296601 0.6727923
vn 4.869645E-06 -0.6296602 0.7768707
vn 0.3884397 -0.6296602 0.6727872
vn 0.6727923 -0.6296601 0.388431
vn 0.7768708 -0.6296601 -5.1391E-06
vn 0.6727872 -0.62966 -0.38844
vn 0.388431 -0.6296599 -0.6727926
vn -4.855252E-06 -0.6296599 -0.7768709
vn -0.3884397 -0.62966 -0.6727874
vn -0.6727924 -0.6296599 -0.3884313
vn -0.7768709 -0.62966 4.948734E-06
vn -0.4443161 -0.8583564 0.2565296
vn -0.2565241 -0.8583564 0.4443194
vn 3.318074E-06 -0.8583564 0.513054
vn 0.2565298 -0.8583564 0.444316
vn 0.4443194 -0.8583564 0.2565241
vn 0.513054 -0.8583564 -3.55348E-06
vn 0.4443161 -0.8583563 -0.2565301
vn 0.2565241 -0.8583563 -0.4443196
vn -3.259467E-06 -0.8583562 -0.5130543
vn -0.2565299 -0.8583562 -0.4443164
vn -0.4443195 -0.8583563 -0.2565244
vn -0.513054 -0.8583564 3.215787E-06
vn 0 0 0
vn 0 0 0
vn 0 0 0
vn 0 0 0
vn 0 0 0
vn 0 0 0
vn 0 0 0
vn 0 0 0
vn 0 0 0
vn 0 0 0
vn 0 0 0
vn 0 0 0
vn 0 0 0
vn 0 0 0
vn 0 0 0
vn 0 0 0
vn 0 0 0
vn 0 0 0
vn 0 0 0
vn 0 0 0
vn 0 0 0
vn 0 0 0
vn 0 0 0
vn 0 0 0
vn -0.4955721 0.8583564 0.1327881
vn -0.362784 0.8583563 0.3627841
vn -0.1327882 0.8583562 0.4955722
vn 0.1327881 0.8583563 0.4955723
vn 0.3627839 0.8583564 0.3627841
vn 0.4955721 0.8583564 0.1327884
vn 0.4955721 0.8583564 -0.132788
vn 0.362784 0.8583564 -0.3627839
vn 0.1327882 0.8583564 -0.495572
vn -0.1327881 0.8583565 -0.4955718
vn -0.3627839 0.8583564 -0.3627839
vn -0.4955721 0.8583564 -0.1327879
vn -0.7503997 0.6296598 0.201069
vn -0.5493308 0.6296598 0.5493307
vn -0.201069 0.62966 0.7503997
vn 0.2010689 0.6296598 0.7503998
vn 0.5493306 0.6296599 0.5493309
vn 0.7503997 0.6296599 0.2010692
vn 0.7503996 0.6296601 -0.2010689
vn 0.5493307 0.6296601 -0.5493305
vn 0.2010691 0.6296601 -0.7503995
vn -0.2010689 0.6296602 -0.7503995
vn -0.5493305 0.6296601 -0.5493307
vn -0.7503997 0.62966 -0.2010688
vn -0.9112507 0.3316681 0.2441688
vn -0.667082 0.331668 0.6670817
vn -0.244169 0.331668 0.9112507
vn 0.2441688 0.331668 0.9112508
vn 0.6670818 0.3316679 0.667082
vn 0.9112506 0.3316682 0.2441691
vn 0.9112507 0.3316682 -0.2441688
vn 0.6670819 0.3316683 -0.6670817
vn 0.244169 0.3316684 -0.9112506
vn -0.2441687 0.3316684 -0.9112507
vn -0.6670817 0.3316683 -0.6670819
vn -0.9112508 0.3316681 -0.2441688
vn -0.9659259 -2.783064E-07 0.2588189
vn -0.7071069 -1.897499E-07 0.7071067
vn -0.2588191 -4.338986E-07 0.9659258
vn 0.2588188 -3.00732E-07 0.9659259
vn 0.7071066 -1.217098E-07 0.7071069
vn 0.9659258 -1.700762E-07 0.2588192
vn 0.9659259 -3.379236E-07 -0.2588191
vn 0.7071068 -1.1264E-07 -0.7071068
vn 0.2588192 -1.063187E-07 -0.9659258
vn -0.2588188 -1.08241E-07 -0.9659259
vn -0.7071067 -1.156856E-07 -0.7071069
vn -0.9659258 -2.20393E-07 -0.2588191
vn -0.9112508 -0.3316682 0.2441686
vn -0.6670819 -0.3316683 0.6670817
vn -0.244169 -0.3316682 0.9112507
vn 0.2441688 -0.3316682 0.9112508
vn 0.6670817 -0.3316683 0.6670819
vn 0.9112507 -0.331668 0.2441689
vn 0.9112507 -0.3316679 -0.244169
vn 0.6670818 -0.331668 -0.6670818
vn 0.2441691 -0.3316679 -0.9112507
vn -0.2441688 -0.3316679 -0.9112508
vn -0.6670818 -0.3316678 -0.6670821
vn -0.9112507 -0.331668 -0.244169
vn -0.7503996 -0.6296601 0.2010687
vn -0.5493307 -0.6296601 0.5493305
vn -0.2010692 -0.6296602 0.7503994
vn 0.2010688 -0.6296602 0.7503995
vn 0.5493304 -0.6296602 0.5493307
vn 0.7503996 -0.6296601 0.2010689
vn 0.7503996 -0.62966 -0.2010692
vn 0.5493307 -0.6296599 -0.5493308
vn 0.2010692 -0.62966 -0.7503996
vn -0.2010689 -0.62966 -0.7503996
vn -0.5493306 -0.6296599 -0.5493309
vn -0.7503996 -0.62966 -0.2010691
vn -0.4955721 -0.8583564 0.1327878
vn -0.362784 -0.8583564 0.3627839
vn -0.1327882 -0.8583564 0.4955721
vn 0.132788 -0.8583564 0.495572
vn 0.3627838 -0.8583564 0.3627839
vn 0.4955721 -0.8583564 0.132788
vn 0.4955721 -0.8583563 -0.1327883
vn 0.362784 -0.8583563 -0.3627841
vn 0.1327883 -0.8583562 -0.4955722
vn -0.1327881 -0.8583562 -0.4955723
vn -0.3627839 -0.8583562 -0.3627843
vn -0.495572 -0.8583564 -0.1327883
vn 0 0 0
vn 0 0 0
vn 0 0 0
vn 0 0 0
vn 0 0 0
vn 0 0 0
vn 0 0 0
vn 0 0 0
vn 0 0 0
vn 0 0 0
vn 0 0 0
vn 0 0 0
vn 0 0 0
vn 0 0 0
vn 0 0 0
vn 0 0 0
vn 0 0 0
vn 0 0 0
vn 0 0 0
vn 0 0 0
vn 0 0 0
vn 0 0 0
vn 0 0 0
vn 0 0 0
vn -0.4955722 0.8583563 0.1327883
vn -0.3627842 0.8583561 0.3627843
vn -0.1327884 0.858356 0.4955727
vn 0.1327878 0.858356 0.4955728
vn 0.3627837 0.8583562 0.3627847
vn 0.495572 0.8583562 0.1327891
vn 0.4955722 0.8583565 -0.1327873
vn 0.3627842 0.8583566 -0.3627833
vn 0.1327885 0.8583567 -0.4955715
vn -0.1327878 0.8583568 -0.4955714
vn -0.3627837 0.8583566 -0.3627837
vn -0.495572 0.8583565 -0.1327877
vn -0.7503998 0.6296598 0.201069
vn -0.5493311 0.6296596 0.5493307
vn -0.2010694 0.6296595 0.7503999
vn 0.2010685 0.6296594 0.7504002
vn 0.5493303 0.6296596 0.5493315
vn 0.7503996 0.6296598 0.20107
vn 0.7503998 0.6296601 -0.2010682
vn 0.549331 0.6296604 -0.5493299
vn 0.2010694 0.6296605 -0.7503991
vn -0.2010685 0.6296606 -0.7503993
vn -0.5493302 0.6296603 -0.5493307
vn -0.7503996 0.62966 -0.2010689
vn -0.9112508 0.331668 0.2441685
vn -0.6670824 0.3316677 0.6670815
vn -0.2441694 0.3316676 0.9112508
vn 0.2441683 0.3316675 0.9112511
vn 0.6670814 0.3316676 0.6670825
vn 0.9112505 0.3316681 0.2441698
vn 0.9112508 0.3316683 -0.2441681
vn 0.6670823 0.3316687 -0.6670812
vn 0.2441695 0.3316689 -0.9112503
vn -0.2441682 0.3316689 -0.9112506
vn -0.6670813 0.3316686 -0.6670821
vn -0.9112506 0.3316682 -0.2441691
vn -0.9659261 -4.140663E-07 0.2588184
vn -0.7071073 -5.606532E-07 0.7071064
vn -0.2588196 -9.405621E-07 0.9659257
vn 0.2588184 -8.073956E-07 0.9659261
vn 0.7071063 -4.926134E-07 0.7071072
vn 0.9659257 -3.058365E-07 0.2588197
vn 0.965926 -2.021635E-07 -0.2588186
vn 0.7071072 2.582634E-07 -0.7071065
vn 0.2588197 4.003448E-07 -0.9659257
vn -0.2588184 3.984225E-07 -0.9659261
vn -0.7071064 2.552179E-07 -0.7071072
vn -0.9659257 -8.463284E-08 -0.2588196
vn -0.9112509 -0.3316683 0.244168
vn -0.6670823 -0.3316687 0.6670811
vn -0.2441695 -0.3316687 0.9112504
vn 0.2441683 -0.3316687 0.9112507
vn 0.6670814 -0.3316687 0.6670821
vn 0.9112506 -0.3316682 0.2441692
vn 0.9112509 -0.3316678 -0.2441687
vn 0.6670822 -0.3316676 -0.6670817
vn 0.2441696 -0.3316675 -0.9112508
vn -0.2441683 -0.3316674 -0.9112511
vn -0.6670814 -0.3316675 -0.6670826
vn -0.9112506 -0.3316679 -0.2441696
vn -0.7503997 -0.6296602 0.201068
vn -0.549331 -0.6296604 0.5493299
vn -0.2010696 -0.6296606 0.7503989
vn 0.2010685 -0.6296607 0.7503992
vn 0.5493302 -0.6296604 0.5493306
vn 0.7503995 -0.6296601 0.201069
vn 0.7503996 -0.6296599 -0.2010691
vn 0.5493309 -0.6296597 -0.5493308
vn 0.2010696 -0.6296595 -0.7503999
vn -0.2010685 -0.6296596 -0.7504001
vn -0.5493303 -0.6296596 -0.5493315
vn -0.7503995 -0.6296598 -0.2010698
vn -0.4955722 -0.8583565 0.1327871
vn -0.3627842 -0.8583565 0.3627832
vn -0.1327885 -0.8583567 0.4955715
vn 0.1327878 -0.8583567 0.4955716
vn 0.3627836 -0.8583566 0.3627837
vn 0.495572 -0.8583565 0.1327878
vn 0.4955722 -0.8583562 -0.1327885
vn 0.3627842 -0.8583561 -0.3627843
vn 0.1327885 -0.858356 -0.4955727
vn -0.1327878 -0.858356 -0.4955729
vn -0.3627837 -0.8583561 -0.3627849
vn -0.495572 -0.8583563 -0.132789
vn 0 0 0
vn 0 0 0
vn 0 0 0
vn 0 0 0
vn 0 0 0
vn 0 0 0
vn 0 0 0
vn 0 0 0
vn 0 0 0
vn 0 0 0
vn 0 0 0
vn 0 0 0
vn 1 1.837291E-08 5.245366E-07
vn -1 7.242483E-09 -1.979791E-07
vn 5.747969E-13 -1 -1.270664E-06
vn 3.274988E-08 1 2.826114E-08
vn 5.193702E-07 5.349464E-07 -1
vn -5.252502E-07 -5.011146E-07 1
vn 0 0 0
vn 0 0 0
vn 0 0 0
vn 0 0 0
vn 0 0 0
vn 0 0 0
vn 0 0 0
vn 0 0 0
vn 0 0 0
vn 0 0 0
vn 0 0 0
vn 0 0 0
vn -0.4955722 0.8583562 0.1327884
vn -0.3627843 0.8583561 0.3627844
vn -0.1327885 0.8583559 0.4955728
vn 0.1327877 0.8583559 0.495573
vn 0.3627836 0.8583561 0.362785
vn 0.495572 0.8583562 0.1327893
vn 0.4955722 0.8583565 -0.1327871
vn 0.3627843 0.8583567 -0.362783
vn 0.1327886 0.8583568 -0.4955713
vn -0.1327877 0.8583569 -0.4955713
vn -0.3627836 0.8583567 -0.3627836
vn -0.495572 0.8583565 -0.1327876
vn -0.7503998 0.6296597 0.2010689
vn -0.5493312 0.6296595 0.5493307
vn -0.2010695 0.6296594 0.7504
vn 0.2010684 0.6296593 0.7504004
vn 0.5493302 0.6296595 0.5493317
vn 0.7503995 0.6296597 0.2010702
vn 0.7503998 0.6296602 -0.2010679
vn 0.5493311 0.6296604 -0.5493297
vn 0.2010696 0.6296607 -0.7503989
vn -0.2010683 0.6296607 -0.7503992
vn -0.5493301 0.6296604 -0.5493307
vn -0.7503996 0.6296601 -0.2010689
vn -0.9112509 0.3316679 0.2441684
vn -0.6670825 0.3316675 0.6670815
vn -0.2441696 0.3316674 0.9112508
vn 0.2441682 0.3316673 0.9112512
vn 0.6670813 0.3316675 0.6670827
vn 0.9112504 0.331668 0.24417
vn 0.9112509 0.3316684 -0.2441679
vn 0.6670824 0.3316688 -0.667081
vn 0.2441696 0.331669 -0.9112502
vn -0.244168 0.331669 -0.9112506
vn -0.6670812 0.3316688 -0.6670821
vn -0.9112506 0.3316683 -0.2441692
vn -0.9659261 -4.593195E-07 0.2588182
vn -0.7071074 -6.842876E-07 0.7071062
vn -0.2588198 -1.10945E-06 0.9659256
vn 0.2588182 -9.762834E-07 0.9659261
vn 0.7071062 -6.16248E-07 0.7071074
vn 0.9659256 -3.510899E-07 0.2588198
vn 0.9659261 -1.569102E-07 -0.2588184
vn 0.7071073 3.818978E-07 -0.7071064
vn 0.2588198 5.692326E-07 -0.9659256
vn -0.2588182 5.673104E-07 -0.9659261
vn -0.7071062 3.788525E-07 -0.7071074
vn -0.9659256 -3.937938E-08 -0.2588197
vn -0.9112509 -0.3316683 0.2441678
vn -0.6670824 -0.3316688 0.6670809
vn -0.2441697 -0.3316689 0.9112502
vn 0.2441681 -0.3316689 0.9112507
vn 0.6670812 -0.3316688 0.6670821
vn 0.9112505 -0.3316682 0.2441693
vn 0.9112509 -0.3316678 -0.2441686
vn 0.6670823 -0.3316675 -0.6670816
vn 0.2441697 -0.3316673 -0.9112508
vn -0.2441682 -0.3316672 -0.9112512
vn -0.6670813 -0.3316673 -0.6670828
vn -0.9112505 -0.3316678 -0.2441699
vn -0.7503998 -0.6296602 0.2010677
vn -0.5493311 -0.6296605 0.5493297
vn -0.2010697 -0.6296607 0.7503988
vn 0.2010683 -0.6296608 0.7503992
vn 0.5493301 -0.6296605 0.5493306
vn 0.7503994 -0.6296602 0.201069
vn 0.7503997 -0.6296598 -0.2010691
vn 0.549331 -0.6296595 -0.5493308
vn 0.2010697 -0.6296594 -0.7503999
vn -0.2010684 -0.6296595 -0.7504002
vn -0.5493302 -0.6296595 -0.5493317
vn -0.7503995 -0.6296598 -0.2010701
vn -0.4955722 -0.8583565 0.1327869
vn -0.3627843 -0.8583566 0.362783
vn -0.1327886 -0.8583567 0.4955713
vn 0.1327877 -0.8583568 0.4955715
vn 0.3627836 -0.8583567 0.3627836
vn 0.495572 -0.8583565 0.1327877
vn 0.4955722 -0.8583562 -0.1327886
vn 0.3627842 -0.8583561 -0.3627844
vn 0.1327886 -0.8583559 -0.4955727
vn -0.1327877 -0.8583559 -0.495573
vn -0.3627836 -0.858356 -0.3627851
vn -0.4955719 -0.8583563 -0.1327892
vn 0 0 0
vn 0 0 0
vn 0 0 0
vn 0 0 0
vn 0 0 0
vn 0 0 0
vn 0 0 0
vn 0 0 0
vn 0 0 0
vn 0 0 0
vn 0 0 0
vn 0 0 0
vn 0.3492233 0.9370384 0.001524138
vn 0.7701696 0.6371327 0.03001498
vn 0.9847478 0.1665091 0.05046309
vn 0.935464 -0.3487312 0.05738971
vn 0.6355239 -0.7705287 0.04893881
vn 0.1652937 -0.9858644 0.0273746
vn -0.3492234 -0.9370383 -0.001524315
vn -0.7701696 -0.6371327 -0.0300149
vn -0.9847478 -0.1665092 -0.0504631
vn -0.935464 0.3487313 -0.05738968
vn -0.6355238 0.7705287 -0.04893883
vn -0.1652938 0.9858644 -0.02737484
vn 0.05430811 -0.01861591 -0.9983507
vn -0.05430795 0.01861594 0.9983507
vt 0.0939428 0.1789412
vt 0.1054378 0.1707305
vt 0.1470387 0.2289717
vt 0.1355437 0.2371824
vt -0.09394279 0.1789412
vt -0.1355437 0.2371824
vt -0.1470387 0.2289717
vt -0.1054378 0.1707305
vt -0.01384924 0.04317319
vt -0.0464739 -0.04817576
vt -0.03317065 -0.05292692
vt -0.0005459975 0.03842203
vt 0.01384924 0.04317319
vt 0.0005459964 0.03842203
vt 0.03317065 -0.05292693
vt 0.0464739 -0.04817576
vt -0.1629768 0.1217376
vt -0.2269935 0.1537459
vt -0.2703732 0.0669865
vt -0.2063565 0.03497816
vt 0.1629768 0.1217376
vt 0.2063565 0.03497817
vt 0.2703732 0.06698651
vt 0.2269935 0.1537459
vt 0.2384933 0.158032
vt 0.2336788 0.1583197
vt 0.2288643 0.1586075
vt 0.2270088 0.1547249
vt 0.2168558 0.179662
vt 0.199549 0.1711375
vt 0.2012259 0.1677329
vt 0.1808075 0.1747801
vt 0.1750033 0.1670755
vt 0.1691992 0.159371
vt 0.1725062 0.1578092
vt 0.1611892 0.1252117
vt 0.1589734 0.1158235
vt 0.1567575 0.1064353
vt 0.160677 0.1061708
vt 0.09170257 0.02565762
vt 0.09091105 0.006381531
vt 0.09480845 0.007236443
vt 0.1712142 0.002475532
vt 0.1772603 -0.005040644
vt 0.1833065 -0.01255681
vt 0.1856315 -0.00973375
vt -0.2121313 -0.004627438
vt -0.2216121 -0.006405683
vt -0.231093 -0.008183928
vt -0.2306747 -0.01041408
vt -0.1198799 0.2272885
vt -0.1310934 0.2429873
vt -0.1217263 0.2259696
vt 0.1726133 0.199718
vt 0.1744622 0.2091853
vt 0.1763112 0.2186526
vt 0.1694938 0.2004657
vt 0.2141287 0.1670371
vt 0.2129491 0.1766109
vt 0.2117695 0.1861846
vt 0.2078669 0.1836603
vt 0.2508582 0.1584605
vt 0.2411166 0.1751127
vt 0.2326358 0.1748509
vt 0.2393735 0.1467271
vt 0.2312047 0.1518573
vt 0.2230359 0.1569874
vt 0.22095 0.1532236
vt -0.2554287 0.1605828
vt -0.2640565 0.1433272
vt -0.2634785 0.1336984
vt -0.2473789 0.1658977
vt 0.239329 0.1712126
vt 0.2297002 0.1717906
vt 0.2200713 0.1723685
vt 0.2028158 0.1637408
vt 0.1921859 0.1476411
vt 0.19103 0.1283834
vt 0.1996578 0.1111278
vt 0.2157575 0.100498
vt 0.2350152 0.09934206
vt 0.2522707 0.1079698
vt 0.2629006 0.1240695
vt 0.2640565 0.1433272
vt 0.2554287 0.1605828
vt 0.2288296 0.1569528
vt 0.2192008 0.1575319
vt 0.2196099 0.1536249
vt -0.241349 0.1243437
vt -0.2497433 0.1231071
vt -0.2563984 0.104999
vt -0.2261715 0.07376253
vt -0.2290755 0.07693801
vt -0.2425788 0.0631592
vt -0.2286777 0.1103646
vt -0.2306634 0.1141822
vt -0.2402674 0.1132816
vt -0.2213629 0.1080005
vt -0.2210944 0.1119197
vt -0.2306962 0.1109951
vt -0.1791267 0.1824203
vt -0.1766684 0.1853117
vt -0.1913662 0.1978084
vt -0.1404401 0.2002943
vt -0.136789 0.2005052
vt -0.1417878 0.2191386
vt -0.1489234 0.1622406
vt -0.145173 0.1610713
vt -0.1425224 0.1801807
vt -0.1751795 0.1204479
vt -0.1736763 0.1183367
vt -0.1635924 0.1347839
vt -0.2017007 0.08295858
vt -0.2003721 0.07955121
vt -0.1841946 0.09006228
vt -0.2306746 -0.01041397
vt -0.2302563 -0.01264412
vt -0.2112947 -0.009087598
vt -0.1347863 0.2403494
vt -0.1235729 0.2246507
vt -0.1217265 0.2259695
vt -0.216152 0.14924
vt -0.2047032 0.133712
vt -0.2022043 0.1357233
vt -0.2233355 0.1107129
vt -0.2278597 0.1117777
vt -0.2236418 0.09295207
vt 0.1835849 0.213711
vt 0.1799047 0.212337
vt 0.1763678 0.1956789
vt 0.1997479 0.1843484
vt 0.2024882 0.1666484
vt 0.2062397 0.1678138
vt -0.205585 0.132003
vt -0.2156585 0.1457334
vt -0.2195782 0.1454727
vt -0.2160243 0.09024371
vt -0.2121049 0.09050898
vt -0.2159289 0.1080069
vt 0.1920988 0.1987127
vt 0.1890479 0.1997037
vt 0.1792627 0.1841326
vt -0.2122375 0.1347026
vt -0.2274964 0.1449677
vt -0.2298833 0.1428245
vt 0.2183848 0.1636222
vt 0.232826 0.1450247
vt 0.2367951 0.1474432
vt -0.2389556 0.06411993
vt -0.2344709 0.06289934
vt -0.225765 0.0847768
vt 0.2233109 0.1622157
vt 0.2332753 0.1555219
vt 0.2417562 0.1557812
vt -0.2468817 0.0835894
vt -0.2385197 0.08502793
vt -0.2300917 0.09357582
vt 0.2270088 0.154725
vt 0.2366378 0.1541496
vt 0.2384933 0.1580321
vt -0.2402674 0.1132817
vt -0.2382818 0.109464
vt -0.2286777 0.1103647
vt 0.2193312 0.1549846
vt 0.2266928 0.15441
vt 0.2285601 0.1582869
vt -0.2308085 0.1119176
vt -0.2287742 0.1081257
vt -0.2214446 0.1090203
vt 0.2012258 0.167733
vt 0.217623 0.1758094
vt 0.2168557 0.1796622
vt -0.1913664 0.1978081
vt -0.1930522 0.1942599
vt -0.1791269 0.1824201
vt 0.1701685 0.1591904
vt 0.1802969 0.1728804
vt 0.1784263 0.1761827
vt -0.1368107 0.2218353
vt -0.1398196 0.2195221
vt -0.1358215 0.2029687
vt 0.1530782 0.1042718
vt 0.1571517 0.1217134
vt 0.1538583 0.1233037
vt -0.134032 0.1805494
vt -0.1376848 0.1803697
vt -0.1407375 0.1627209
vt 0.1618806 0.05552536
vt 0.1588545 0.07258264
vt 0.1549365 0.07286797
vt -0.1562039 0.1289243
vt -0.1599684 0.130047
vt -0.1677972 0.1145932
vt 0.1342029 -0.08920369
vt 0.1276369 -0.07196267
vt 0.123902 -0.07336652
vt -0.1891185 0.1080384
vt -0.1906087 0.1101588
vt -0.2067147 0.101161
vt 0.228916 0.01645341
vt 0.2112968 0.02288304
vt 0.2097427 0.01957238
vt -0.2134499 0.08772549
vt -0.2145311 0.09121925
vt -0.2328703 0.08728841
vt -0.2575857 0.1160197
vt -0.2253863 0.09991999
vt -0.2264648 0.1178876
vt -0.2425645 0.1259375
vt -0.2275433 0.1358553
vt -0.2125221 0.1457731
vt -0.2310289 0.1536784
vt -0.2253863 0.09991999
vt -0.2157575 0.1004979
vt -0.2077076 0.1058129
vt -0.2275433 0.1358553
vt -0.2264648 0.1178877
vt -0.2077076 0.1058129
vt -0.191608 0.1380122
vt -0.2275433 0.1358553
vt -0.191608 0.1380123
vt -0.1921859 0.1476411
vt -0.1975008 0.1556909
vt -0.2125221 0.1457731
vt -0.2275433 0.1358553
vt -0.2634785 0.1336984
vt -0.2629006 0.1240695
vt -0.2575856 0.1160197
vt -0.2425645 0.1259375
vt -0.2275433 0.1358553
vt -0.2455109 0.1347768
vt -0.2275433 0.1358553
vt -0.2310289 0.1536784
vt -0.2345146 0.1715016
vt -0.239329 0.1712126
vt -0.2473789 0.1658977
vt -0.2374611 0.1508765
vt -0.2264648 0.1178876
vt -0.2275433 0.1358553
vt -0.2425645 0.1259375
vt -0.2575856 0.1160197
vt -0.2522707 0.1079699
vt -0.2350152 0.09934208
vt -0.2253863 0.09992001
vt -0.2634785 0.1336984
vt -0.2455109 0.1347768
vt -0.2374611 0.1508765
vt -0.2473789 0.1658977
vt -0.2455109 0.1347768
vt -0.2275433 0.1358553
vt -0.2374611 0.1508765
vt -0.2125221 0.1457731
vt -0.1975008 0.1556909
vt -0.2345146 0.1715016
vt -0.2310289 0.1536784
vt -0.1975008 0.1556909
vt -0.2028158 0.1637408
vt -0.2200713 0.1723686
vt -0.2297002 0.1717906
vt -0.2345146 0.1715016
vt -0.2077076 0.1058129
vt -0.1996578 0.1111278
vt -0.19103 0.1283834
vt -0.191608 0.1380123
vt 0.2730694 0.1029313
vt 0.2682549 0.103219
vt 0.2634404 0.1035068
vt 0.2615849 0.09962419
vt 0.2435708 0.1261834
vt 0.226264 0.1176589
vt 0.227941 0.1142543
vt 0.1983594 0.1149571
vt 0.1925552 0.1072525
vt 0.186751 0.09954798
vt 0.190058 0.09798612
vt 0.1757868 0.05518242
vt 0.173571 0.0457942
vt 0.1713551 0.03640598
vt 0.1752746 0.03614146
vt 0.08829109 -0.0492877
vt 0.08749957 -0.0685638
vt 0.09139697 -0.06770888
vt 0.1893093 -0.06656694
vt 0.1953554 -0.07408311
vt 0.2014015 -0.08159927
vt 0.2037266 -0.07877622
vt -0.2493956 -0.01100651
vt -0.2588764 -0.01278476
vt -0.2683572 -0.014563
vt -0.267939 -0.01679315
vt -0.119587 0.22791
vt -0.1308004 0.2436089
vt -0.1214334 0.2265912
vt 0.2110464 0.1542884
vt 0.2128953 0.1637557
vt 0.2147443 0.173223
vt 0.2079269 0.1550361
vt 0.2538915 0.1066429
vt 0.2527119 0.1162167
vt 0.2515323 0.1257904
vt 0.2476297 0.1232661
vt 0.2891736 0.09395852
vt 0.2794321 0.1106107
vt 0.2709513 0.1103489
vt 0.2778948 0.08558551
vt 0.269726 0.09071567
vt 0.2615572 0.09584583
vt 0.2594713 0.09208199
vt -0.2892797 0.09363095
vt -0.2979075 0.07637538
vt -0.2973296 0.06674655
vt -0.2812299 0.09894589
vt 0.2731801 0.1042608
vt 0.2635512 0.1048388
vt 0.2539224 0.1054167
vt 0.2366668 0.09678893
vt 0.226037 0.08068925
vt 0.224881 0.06143158
vt 0.2335088 0.044176
vt 0.2496085 0.03354613
vt 0.2688662 0.03239023
vt 0.2861218 0.04101802
vt 0.2967516 0.05711771
vt 0.2979075 0.07637537
vt 0.2892798 0.09363096
vt 0.2634304 0.1025941
vt 0.2538016 0.1031732
vt 0.2542107 0.09926619
vt -0.2673575 0.05397389
vt -0.2757517 0.05273735
vt -0.2824068 0.03462923
vt -0.2489635 0.004895003
vt -0.2518676 0.008070478
vt -0.2653709 -0.00570833
vt -0.2613076 0.05344678
vt -0.2632933 0.05726441
vt -0.2728973 0.05636375
vt -0.2539212 0.05173497
vt -0.2536528 0.05565416
vt -0.2632546 0.05472955
vt -0.2185688 0.1365487
vt -0.2161104 0.13944
vt -0.2308083 0.1519367
vt -0.1798367 0.1511887
vt -0.1761855 0.1513996
vt -0.1811843 0.1700331
vt -0.1885288 0.1023103
vt -0.1847785 0.1011411
vt -0.1821279 0.1202505
vt -0.214905 0.05680375
vt -0.2134018 0.0546926
vt -0.2033179 0.07113976
vt -0.2408407 0.02364089
vt -0.2395121 0.0202335
vt -0.2233346 0.03074459
vt -0.2679389 -0.01679335
vt -0.2675206 -0.0190235
vt -0.2485589 -0.01546697
vt -0.1344934 0.2409709
vt -0.12328 0.2252721
vt -0.1214336 0.226591
vt -0.2307498 0.09223358
vt -0.219301 0.07670556
vt -0.216802 0.07871688
vt -0.2398355 0.04060606
vt -0.2443597 0.04167086
vt -0.2401418 0.02284526
vt 0.2223836 0.1668928
vt 0.2187033 0.1655188
vt 0.2151664 0.1488608
vt 0.2393682 0.1241284
vt 0.2421085 0.1064284
vt 0.2458601 0.1075937
vt -0.2210394 0.07385805
vt -0.2311129 0.08758844
vt -0.2350327 0.0873277
vt -0.2305905 0.01994005
vt -0.2266711 0.0202053
vt -0.2304951 0.03770324
vt 0.2314498 0.1646059
vt 0.2283988 0.1655969
vt 0.2186137 0.1500258
vt -0.2338879 0.08829407
vt -0.2491468 0.09855916
vt -0.2515337 0.09641603
vt 0.2578317 0.10001
vt 0.272273 0.08141251
vt 0.276242 0.083831
vt -0.2586293 -0.008165121
vt -0.2541446 -0.009385703
vt -0.2454386 0.01249174
vt 0.2615439 0.0997886
vt 0.2715084 0.0930948
vt 0.2799892 0.09335415
vt -0.2714939 0.01440105
vt -0.2631319 0.01583957
vt -0.2547039 0.02438748
vt 0.2615849 0.09962426
vt 0.2712139 0.09904881
vt 0.2730694 0.1029314
vt -0.2728973 0.05636392
vt -0.2709116 0.05254629
vt -0.2613076 0.05344694
vt 0.2541141 0.09959768
vt 0.2614757 0.09902307
vt 0.263343 0.1029
vt -0.2630647 0.05439527
vt -0.2610304 0.05060337
vt -0.2537008 0.05149795
vt 0.2279408 0.1142544
vt 0.2443379 0.1223308
vt 0.2435707 0.1261836
vt -0.2308085 0.1519364
vt -0.2324942 0.1483881
vt -0.2185689 0.1365484
vt 0.1868257 0.09992208
vt 0.1969541 0.1136121
vt 0.1950835 0.1169143
vt -0.1759949 0.1735471
vt -0.1790037 0.171234
vt -0.1750057 0.1546806
vt 0.165191 0.03410548
vt 0.1692645 0.05154703
vt 0.1659711 0.05313734
vt -0.1733063 0.120796
vt -0.1769591 0.1206163
vt -0.1800117 0.1029675
vt 0.1758666 -0.01786992
vt 0.1728406 -0.0008126421
vt 0.1689226 -0.0005273173
vt -0.1960093 0.06533974
vt -0.1997738 0.06646247
vt -0.2076026 0.05100873
vt 0.138609 -0.1560373
vt 0.132043 -0.1387962
vt 0.128308 -0.1402001
vt -0.2276594 0.04574884
vt -0.2291496 0.04786923
vt -0.2452556 0.03887146
vt 0.2572109 -0.0429942
vt 0.2395916 -0.03656457
vt 0.2380376 -0.03987523
vt -0.2498518 0.0334934
vt -0.250933 0.03698718
vt -0.2692722 0.03305633
vt -0.2914367 0.04906786
vt -0.2592374 0.03296816
vt -0.2603158 0.05093582
vt -0.2764155 0.05898566
vt -0.2613943 0.06890346
vt -0.2463731 0.07882128
vt -0.26488 0.08672662
vt -0.2592373 0.03296817
vt -0.2496085 0.03354612
vt -0.2415587 0.03886105
vt -0.2613943 0.06890348
vt -0.2603158 0.05093582
vt -0.2415587 0.03886105
vt -0.225459 0.07106042
vt -0.2613943 0.06890348
vt -0.225459 0.07106043
vt -0.226037 0.08068927
vt -0.2313519 0.0887391
vt -0.2463731 0.07882129
vt -0.2613943 0.06890348
vt -0.2973296 0.06674655
vt -0.2967516 0.0571177
vt -0.2914367 0.04906785
vt -0.2764155 0.05898566
vt -0.2613943 0.06890346
vt -0.2793619 0.067825
vt -0.2613943 0.06890345
vt -0.26488 0.08672661
vt -0.2683657 0.1045498
vt -0.2731801 0.1042608
vt -0.2812299 0.09894587
vt -0.2713121 0.08392467
vt -0.2603158 0.0509358
vt -0.2613943 0.06890346
vt -0.2764155 0.05898565
vt -0.2914367 0.04906788
vt -0.2861218 0.04101804
vt -0.2688662 0.03239025
vt -0.2592373 0.03296819
vt -0.2973296 0.06674655
vt -0.2793619 0.067825
vt -0.2713121 0.08392469
vt -0.2812299 0.09894589
vt -0.2793619 0.06782499
vt -0.2613943 0.06890345
vt -0.2713121 0.08392467
vt -0.2463731 0.07882129
vt -0.2313519 0.08873909
vt -0.2683657 0.1045498
vt -0.26488 0.08672663
vt -0.2313519 0.0887391
vt -0.2366668 0.09678894
vt -0.2539224 0.1054167
vt -0.2635512 0.1048388
vt -0.2683657 0.1045498
vt -0.2415587 0.03886104
vt -0.2335089 0.04417599
vt -0.2248811 0.06143158
vt -0.225459 0.07106042
vt 0.04301886 -0.03672631
vt 0.04216139 -0.03484165
vt 0.03214896 -0.03939699
vt 0.03300642 -0.04128165
vt 0.1463412 -0.09912429
vt 0.1448 -0.09774154
vt 0.1374541 -0.1059292
vt 0.1389953 -0.1073119
vt 0.1992037 0.1567604
vt 0.1974629 0.1556394
vt 0.2034184 0.146391
vt 0.2051592 0.147512
vt 0.09524686 0.2455072
vt 0.09432551 0.2436529
vt 0.1041765 0.2387582
vt 0.1050978 0.2406125
vt 0.04450756 0.198633
vt 0.04382029 0.1966798
vt 0.05419664 0.1930286
vt 0.05488392 0.1949818
vt 0.006004815 0.09115443
vt 0.005331856 0.08919628
vt 0.01573466 0.08562114
vt 0.01640762 0.08757929
vt -0.04216146 -0.03484168
vt -0.04301892 -0.03672634
vt -0.03300649 -0.04128168
vt -0.03214902 -0.03939702
vt -0.1448001 -0.09774156
vt -0.1463412 -0.0991243
vt -0.1389953 -0.1073119
vt -0.1374541 -0.1059292
vt -0.1974629 0.1556394
vt -0.1992038 0.1567604
vt -0.2051592 0.147512
vt -0.2034184 0.146391
vt -0.09432551 0.243653
vt -0.09524686 0.2455072
vt -0.1050978 0.2406125
vt -0.1041765 0.2387582
vt -0.04382028 0.1966798
vt -0.04450756 0.198633
vt -0.0548839 0.1949818
vt -0.05419663 0.1930286
vt -0.005331897 0.08919628
vt -0.006004852 0.09115441
vt -0.01640766 0.08757927
vt -0.0157347 0.08562113
vt -0.2305523 0.1391927
vt -0.2299289 0.1372182
vt -0.2284018 0.1358199
vt -0.2263802 0.1353725
vt -0.2244057 0.1359959
vt -0.2230074 0.137523
vt -0.22256 0.1395446
vt -0.2231834 0.1415191
vt -0.2247105 0.1429174
vt -0.2267321 0.1433648
vt -0.2287066 0.1427414
vt -0.2301049 0.1412144
vt 0.2301049 0.1412143
vt 0.2287066 0.1427414
vt 0.2267321 0.1433648
vt 0.2247105 0.1429174
vt 0.2231834 0.1415191
vt 0.22256 0.1395446
vt 0.2230074 0.137523
vt 0.2244057 0.1359959
vt 0.2263802 0.1353725
vt 0.2284018 0.1358199
vt 0.2299289 0.1372182
vt 0.2305523 0.1391927
vt -0.2639257 0.05479773
vt -0.2709419 0.05864183
vt -0.2688757 0.05408416
vt 0.2634936 0.0544235
vt 0.2666313 0.03792531
vt 0.281629 0.04592979
vt -0.2682878 0.05356079
vt -0.2814673 0.04579538
vt -0.2664518 0.03782456
vt -0.2674634 0.04844367
vt -0.2696465 0.05294648
vt -0.28056 0.04053942
vt 0.2815372 0.0452247
vt 0.2704762 0.05750044
vt 0.2634133 0.05374281
vt -0.2640215 0.05812107
vt -0.2689744 0.05742734
vt -0.2673747 0.04166532
vt -0.2294687 0.1212425
vt -0.2364848 0.1250866
vt -0.2344187 0.1205289
vt 0.2296802 0.1213944
vt 0.232818 0.1048962
vt 0.2478156 0.1129007
vt -0.2346331 0.1205916
vt -0.2478125 0.1128261
vt -0.232797 0.1048553
vt -0.2345343 0.1158521
vt -0.2367174 0.1203549
vt -0.247631 0.1079478
vt 0.2478155 0.1122443
vt 0.2367544 0.12452
vt 0.2296916 0.1207624
vt -0.2293287 0.1246428
vt -0.2342816 0.123949
vt -0.2326819 0.108187
vt -0.240639 0.1438195
vt -0.2369273 0.1509066
vt -0.2414453 0.1487552
vt 0.2417105 0.1382117
vt 0.2582912 0.1408786
vt 0.2507169 0.156098
vt -0.242679 0.1418682
vt -0.2508408 0.1548059
vt -0.2583522 0.1395554
vt -0.2421404 0.1448084
vt -0.2376437 0.1470043
vt -0.2500815 0.1578828
vt 0.2506114 0.1566019
vt 0.2380683 0.1458449
vt 0.2416518 0.1386921
vt -0.2417417 0.1391664
vt -0.2426495 0.1440845
vt -0.2583273 0.1418028
vt 0.08044162 -0.07494996
vt 0.07992236 -0.07405432
vt 0.07646187 -0.07606055
vt 0.07698113 -0.0769562
vt 0.1895084 -0.002987825
vt 0.1884908 -0.002796968
vt 0.1877534 -0.0067284
vt 0.1887709 -0.006919258
vt 0.1009719 0.1964145
vt 0.1003701 0.195572
vt 0.103625 0.1932471
vt 0.1042268 0.1940895
vt 0.03868535 0.1905756
vt 0.03831525 0.1896087
vt 0.04205091 0.1881787
vt 0.04242101 0.1891456
vt 0.004222007 0.1181844
vt 0.003906463 0.1171984
vt 0.00771614 0.1159793
vt 0.00803168 0.1169653
vt -0.02827993 0.01595932
vt -0.02862813 0.01498436
vt -0.02486117 0.01363901
vt -0.02451297 0.01461397
vt -0.07992241 -0.07405437
vt -0.08044167 -0.07495002
vt -0.07698117 -0.07695625
vt -0.07646193 -0.07606061
vt -0.1884908 -0.002796944
vt -0.1895084 -0.002987801
vt -0.188771 -0.006919234
vt -0.1877534 -0.006728376
vt -0.1003701 0.195572
vt -0.1009719 0.1964145
vt -0.1042268 0.1940895
vt -0.1036251 0.1932471
vt -0.03831524 0.1896087
vt -0.03868534 0.1905756
vt -0.04242101 0.1891456
vt -0.04205091 0.1881787
vt -0.003906463 0.1171984
vt -0.004222005 0.1181844
vt -0.008031682 0.1169653
vt -0.007716138 0.1159793
vt 0.02862815 0.01498433
vt 0.02827994 0.01595929
vt 0.02451298 0.01461394
vt 0.02486118 0.01363898
vt -0.1947085 0.1023656
vt -0.1946464 0.1013322
vt -0.194076 0.1004683
vt -0.19315 0.1000053
vt -0.1921166 0.1000673
vt -0.1912526 0.1006377
vt -0.1907897 0.1015637
vt -0.1908517 0.1025971
vt -0.1914221 0.1034611
vt -0.1923481 0.1039241
vt -0.1933815 0.103862
vt -0.1942455 0.1032916
vt 0.1942455 0.1032916
vt 0.1933815 0.103862
vt 0.1923481 0.1039241
vt 0.1914221 0.1034611
vt 0.1908517 0.1025971
vt 0.1907897 0.1015637
vt 0.1912526 0.1006377
vt 0.1921166 0.1000673
vt 0.19315 0.1000053
vt 0.194076 0.1004683
vt 0.1946464 0.1013322
vt 0.1947085 0.1023656
vt 0.07696688 -0.06895597
vt 0.07644763 -0.06806034
vt 0.07298713 -0.07006657
vt 0.07350639 -0.07096222
vt 0.1855769 -0.002250424
vt 0.1845593 -0.002059566
vt 0.1838219 -0.005991001
vt 0.1848394 -0.006181859
vt 0.1009721 0.1964143
vt 0.1003703 0.1955719
vt 0.1036252 0.1932469
vt 0.104227 0.1940893
vt 0.0401153 0.1943112
vt 0.0397452 0.1933444
vt 0.04348087 0.1919144
vt 0.04385097 0.1928813
vt 0.006333564 0.1247831
vt 0.00601802 0.1237971
vt 0.0098277 0.1225779
vt 0.01014324 0.123564
vt -0.02558937 0.02349345
vt -0.02593758 0.02251849
vt -0.02217061 0.02117313
vt -0.02182241 0.0221481
vt -0.07644768 -0.06806036
vt -0.07696693 -0.06895601
vt -0.07350644 -0.07096224
vt -0.07298719 -0.07006661
vt -0.1845593 -0.002059539
vt -0.1855769 -0.002250398
vt -0.1848394 -0.006181833
vt -0.1838219 -0.005990974
vt -0.1003703 0.1955719
vt -0.1009721 0.1964143
vt -0.104227 0.1940894
vt -0.1036252 0.1932469
vt -0.03974521 0.1933444
vt -0.04011531 0.1943112
vt -0.04385098 0.1928813
vt -0.04348088 0.1919144
vt -0.006018008 0.1237971
vt -0.006333552 0.1247831
vt -0.01014323 0.1235639
vt -0.009827687 0.1225779
vt 0.02593758 0.02251845
vt 0.02558938 0.02349341
vt 0.02182242 0.02214806
vt 0.02217062 0.0211731
vt -0.1911307 0.109521
vt -0.1910687 0.1084875
vt -0.1904983 0.1076236
vt -0.1895723 0.1071606
vt -0.1885389 0.1072227
vt -0.1876749 0.1077931
vt -0.1872119 0.1087191
vt -0.187274 0.1097525
vt -0.1878444 0.1106164
vt -0.1887704 0.1110794
vt -0.1898038 0.1110174
vt -0.1906678 0.110447
vt 0.1906678 0.110447
vt 0.1898038 0.1110174
vt 0.1887704 0.1110794
vt 0.1878444 0.1106164
vt 0.187274 0.1097525
vt 0.1872119 0.1087191
vt 0.1876749 0.1077931
vt 0.1885389 0.1072226
vt 0.1895723 0.1071606
vt 0.1904983 0.1076236
vt 0.1910687 0.1084875
vt 0.1911307 0.109521
vt 0.0839164 -0.08094384
vt 0.08339715 -0.0800482
vt 0.07993665 -0.08205442
vt 0.08045591 -0.08295007
vt 0.1934398 -0.003725284
vt 0.1924223 -0.003534423
vt 0.1916848 -0.007465862
vt 0.1927024 -0.00765672
vt 0.1009717 0.1964145
vt 0.10037 0.1955721
vt 0.1036249 0.1932471
vt 0.1042266 0.1940896
vt 0.0372553 0.1868399
vt 0.0368852 0.185873
vt 0.04062087 0.1844431
vt 0.04099097 0.1854099
vt 0.002110365 0.1115859
vt 0.001794821 0.1105998
vt 0.005604505 0.1093807
vt 0.005920046 0.1103667
vt -0.03097057 0.008425349
vt -0.03131877 0.007450387
vt -0.0275518 0.00610504
vt -0.0272036 0.007080002
vt -0.08339719 -0.08004823
vt -0.08391646 -0.08094388
vt -0.08045596 -0.08295012
vt -0.07993671 -0.08205447
vt -0.1924223 -0.003534398
vt -0.1934398 -0.003725255
vt -0.1927024 -0.007656694
vt -0.1916849 -0.007465837
vt -0.10037 0.1955721
vt -0.1009717 0.1964145
vt -0.1042266 0.1940896
vt -0.1036249 0.1932471
vt -0.03688519 0.185873
vt -0.03725529 0.1868399
vt -0.04099096 0.1854099
vt -0.04062086 0.1844431
vt -0.001794815 0.1105998
vt -0.002110356 0.1115858
vt -0.005920039 0.1103667
vt -0.005604495 0.1093807
vt 0.03131878 0.00745035
vt 0.03097058 0.008425311
vt 0.02720361 0.007079964
vt 0.02755181 0.006105002
vt -0.1982861 0.09521022
vt -0.1982241 0.0941768
vt -0.1976537 0.09331285
vt -0.1967277 0.09284987
vt -0.1956943 0.09291191
vt -0.1948303 0.09348232
vt -0.1943673 0.0944083
vt -0.1944294 0.09544172
vt -0.1949998 0.09630568
vt -0.1959258 0.09676865
vt -0.1969592 0.09670664
vt -0.1978232 0.0961362
vt 0.1978232 0.0961362
vt 0.1969592 0.09670662
vt 0.1959258 0.09676865
vt 0.1949998 0.09630568
vt 0.1944294 0.09544172
vt 0.1943673 0.0944083
vt 0.1948303 0.09348232
vt 0.1956943 0.09291191
vt 0.1967277 0.09284987
vt 0.1976537 0.09331285
vt 0.1982241 0.09417681
vt 0.1982861 0.09521022
vt -0.1792159 0.1038449
vt -0.1798155 0.1043382
vt -0.1800247 0.1041858
vt -0.1793251 0.1036102
vt -0.1592765 0.1283063
vt -0.1599548 0.1289067
vt -0.1601589 0.1287476
vt -0.1594097 0.1280844
vt -0.1092034 0.1734046
vt -0.1098031 0.1742056
vt -0.1100202 0.1740647
vt -0.1093998 0.1732359
vt 0.0004701129 0.2077407
vt 0.0002832146 0.208759
vt 3.23506E-05 0.2086953
vt 0.0002129886 0.2077111
vt 0.1276555 0.1671183
vt 0.1280563 0.1680351
vt 0.1278042 0.1680937
vt 0.1274413 0.1672637
vt 0.1766437 0.1137077
vt 0.1772703 0.1143618
vt 0.1770446 0.1144885
vt 0.1765075 0.1139278
vt 0.1793857 0.1036384
vt 0.1799853 0.1041318
vt 0.1797761 0.1042842
vt 0.1792765 0.1038731
vt 0.1595638 0.128177
vt 0.1600483 0.1286058
vt 0.1598442 0.128765
vt 0.1594307 0.1283989
vt 0.1095576 0.1734194
vt 0.1098886 0.1738616
vt 0.1096715 0.1740025
vt 0.1093612 0.1735881
vt -0.0001855716 0.2079515
vt -9.212159E-05 0.2084607
vt -0.0003429885 0.2085243
vt -0.0004426961 0.2079811
vt -0.1275422 0.1674125
vt -0.1277635 0.1679185
vt -0.1280156 0.16786
vt -0.1277564 0.1672672
vt -0.1765643 0.1139629
vt -0.1770119 0.1144302
vt -0.1772377 0.1143035
vt -0.1767005 0.1137428
vt -0.1768633 0.09620145
vt -0.1771586 0.09691957
vt -0.177415 0.0968841
vt -0.1770704 0.0960463
vt -0.1362377 0.1082664
vt -0.1366256 0.109085
vt -0.1368758 0.1090189
vt -0.1364474 0.1081146
vt -0.066342 0.1415399
vt -0.06672119 0.1424659
vt -0.06696673 0.1423841
vt -0.06657441 0.141426
vt 0.02369318 0.1663739
vt 0.02344924 0.16738
vt 0.02320236 0.1673023
vt 0.02343813 0.1663299
vt 0.1156359 0.1573588
vt 0.1156253 0.1583593
vt 0.1153713 0.1583093
vt 0.1153809 0.1574034
vt 0.1737303 0.1201248
vt 0.1739344 0.1210074
vt 0.1736757 0.1210008
vt 0.1735007 0.1202443
vt 0.1771105 0.09609979
vt 0.1774058 0.0968179
vt 0.1771494 0.09685337
vt 0.1769033 0.09625493
vt 0.1365528 0.1082603
vt 0.1368298 0.1088451
vt 0.1365796 0.1089112
vt 0.1363431 0.1084121
vt 0.06668098 0.1416433
vt 0.06689028 0.1421545
vt 0.06664474 0.1422363
vt 0.06644858 0.1417572
vt -0.02339698 0.1665684
vt -0.02327501 0.1670714
vt -0.02352189 0.1671491
vt -0.02365203 0.1666124
vt -0.1154119 0.1575806
vt -0.1154061 0.1581329
vt -0.11566 0.1581829
vt -0.1156669 0.1575359
vt -0.1735316 0.1203035
vt -0.1736774 0.120934
vt -0.1739361 0.1209406
vt -0.1737612 0.120184
vt -0.1762623 0.08592599
vt -0.1761774 0.08669779
vt -0.1764194 0.0867895
vt -0.1765185 0.08588909
vt -0.1238793 0.05490879
vt -0.1239625 0.05581081
vt -0.1242203 0.05583458
vt -0.1241283 0.05483822
vt -0.03885778 0.05801551
vt -0.03911353 0.05898288
vt -0.03936762 0.05893363
vt -0.039103 0.05793275
vt 0.04974817 0.0885603
vt 0.04939155 0.08953221
vt 0.04915509 0.08942698
vt 0.04949977 0.08848762
vt 0.125369 0.1177742
vt 0.1250163 0.1187106
vt 0.1247949 0.1185765
vt 0.1251142 0.1177288
vt 0.1741336 0.1182011
vt 0.1738858 0.1190724
vt 0.1736625 0.1189416
vt 0.1738749 0.1181948
vt 0.176528 0.08595522
vt 0.1764431 0.08672702
vt 0.1762011 0.08663529
vt 0.1762719 0.08599213
vt 0.1241773 0.05501121
vt 0.1242368 0.05565552
vt 0.123979 0.05563175
vt 0.1239282 0.05508178
vt 0.03918039 0.05816206
vt 0.03932156 0.05869603
vt 0.03906747 0.05874527
vt 0.03893516 0.05824483
vt -0.04943179 0.08871992
vt -0.04925347 0.08920588
vt -0.04948993 0.08931111
vt -0.04968019 0.0887926
vt -0.1250827 0.1179058
vt -0.124888 0.1184227
vt -0.1251094 0.1185567
vt -0.1253375 0.1179512
vt -0.1738732 0.1182616
vt -0.1736963 0.1188839
vt -0.1739196 0.1190147
vt -0.174132 0.1182679
vt -0.1784467 0.08011173
vt -0.1779847 0.08073576
vt -0.1781476 0.08093688
vt -0.1786866 0.08020882
vt -0.1298567 -0.003688222
vt -0.1295893 -0.00282273
vt -0.1298184 -0.002702355
vt -0.1301138 -0.003658361
vt -0.01612248 -0.04574722
vt -0.01631032 -0.04476441
vt -0.01656722 -0.04479586
vt -0.01637287 -0.04581273
vt 0.08907403 0.006933206
vt 0.08851875 0.007806968
vt 0.0883101 0.007653825
vt 0.08884678 0.00680933
vt 0.1485716 0.08011975
vt 0.1478928 0.08085497
vt 0.147738 0.08064757
vt 0.1483525 0.07998197
vt 0.177312 0.1134691
vt 0.1766818 0.1141198
vt 0.1765468 0.113899
vt 0.177087 0.1133412
vt 0.1786615 0.08027078
vt 0.1781995 0.08089482
vt 0.1780366 0.0806937
vt 0.1784216 0.08017366
vt 0.130093 -0.003479784
vt 0.129902 -0.002861576
vt 0.1296729 -0.002981947
vt 0.1298359 -0.003509645
vt 0.01643421 -0.04557864
vt 0.01653789 -0.04503614
vt 0.01628099 -0.0450047
vt 0.01618381 -0.04551313
vt -0.08873101 0.007021856
vt -0.08845337 0.007458736
vt -0.08866203 0.007611879
vt -0.08895827 0.007145732
vt -0.1482567 0.08013416
vt -0.1478821 0.08053999
vt -0.1480369 0.08074738
vt -0.1484758 0.08027194
vt -0.177054 0.1133993
vt -0.1766038 0.1138641
vt -0.1767388 0.1140849
vt -0.177279 0.1135272
vt -0.1811049 0.08577589
vt -0.1803794 0.08605268
vt -0.1804083 0.08630989
vt -0.1812547 0.08598696
vt -0.1647708 -0.01015783
vt -0.1640414 -0.009620609
vt -0.1641541 -0.009387644
vt -0.1649598 -0.009981045
vt 0.0185565 -0.1380478
vt 0.0183357 -0.1370719
vt 0.01808001 -0.1371119
vt 0.01830846 -0.1381217
vt 0.1535776 -0.01159114
vt 0.1526813 -0.01107296
vt 0.1525671 -0.0113052
vt 0.1534333 -0.01180603
vt 0.174312 0.07604204
vt 0.1733693 0.07637744
vt 0.1733286 0.07612183
vt 0.1741821 0.0758182
vt 0.1804707 0.1106395
vt 0.179607 0.1109127
vt 0.1795931 0.1106543
vt 0.1803334 0.1104201
vt 0.1812002 0.08602566
vt 0.1804747 0.08630245
vt 0.1804458 0.08604525
vt 0.1810504 0.08581459
vt 0.164837 -0.009849824
vt 0.164316 -0.009466095
vt 0.1642032 -0.00969906
vt 0.1646479 -0.01002661
vt -0.01823931 -0.1378898
vt -0.01811743 -0.1373511
vt -0.01837313 -0.137311
vt -0.01848735 -0.1378159
vt -0.1532324 -0.01167106
vt -0.1527843 -0.01141197
vt -0.1528985 -0.01117973
vt -0.1533767 -0.01145618
vt -0.1740266 0.0759084
vt -0.1735062 0.07609352
vt -0.1735469 0.07634913
vt -0.1741565 0.07613225
vt -0.1802768 0.1104555
vt -0.1796598 0.1106507
vt -0.1796737 0.1109091
vt -0.1804141 0.110675
vt -0.1800629 0.1014759
vt -0.1793068 0.1012994
vt -0.1791868 0.1015287
vt -0.1800689 0.1017347
vt -0.1704188 0.1052566
vt -0.1695911 0.1048886
vt -0.1694444 0.1051018
vt -0.1703587 0.1055083
vt 0.05044855 0.1922859
vt 0.05014523 0.1913324
vt 0.05038606 0.1912376
vt 0.05069989 0.1922242
vt 0.171685 0.1091081
vt 0.1707114 0.1087562
vt 0.1708154 0.1085193
vt 0.1717565 0.1088594
vt 0.1793754 0.1085887
vt 0.1783982 0.1083735
vt 0.1784992 0.1081352
vt 0.1793838 0.10833
vt 0.1808505 0.1096914
vt 0.1799614 0.1095183
vt 0.1800728 0.1092847
vt 0.1808349 0.1094331
vt 0.1800021 0.1017362
vt 0.179246 0.1015597
vt 0.179366 0.1013304
vt 0.1799961 0.1014775
vt 0.1701838 0.1054666
vt 0.1695926 0.1052037
vt 0.1697392 0.1049905
vt 0.1702439 0.1052149
vt -0.05064193 0.1919892
vt -0.05047451 0.1914629
vt -0.05023368 0.1915577
vt -0.05039059 0.192051
vt -0.1715239 0.1087925
vt -0.1710371 0.1086166
vt -0.170933 0.1088535
vt -0.1714524 0.1090413
vt -0.1792041 0.1083242
vt -0.1786648 0.1082054
vt -0.1785638 0.1084437
vt -0.1791957 0.1085828
vt -0.1807682 0.1094371
vt -0.1801331 0.1093134
vt -0.1800217 0.109547
vt -0.1807838 0.1096954
vt -0.1752212 0.1162352
vt -0.1746841 0.1156745
vt -0.1744584 0.1158012
vt -0.1750851 0.1164553
vt -0.1262228 0.168785
vt -0.1258599 0.167955
vt -0.1256078 0.1680135
vt -0.1260086 0.1689304
vt 0.0004117475 0.2086138
vt 0.0002311099 0.2076296
vt 0.0004819738 0.2075659
vt 0.0006688718 0.2085842
vt 0.1092453 0.1746448
vt 0.1086249 0.1738161
vt 0.108842 0.1736752
vt 0.1094417 0.1744762
vt 0.1586777 0.130421
vt 0.1579285 0.1297578
vt 0.1581326 0.1295987
vt 0.1588109 0.1301991
vt 0.1781019 0.1065227
vt 0.1774024 0.1059471
vt 0.1776116 0.1057947
vt 0.1782112 0.1062881
vt 0.1750282 0.1164201
vt 0.1744911 0.1158594
vt 0.1747168 0.1157328
vt 0.1751644 0.1162001
vt 0.1259076 0.1687816
vt 0.1256484 0.1681888
vt 0.1259005 0.1681302
vt 0.1261218 0.1686363
vt -0.0006411455 0.2083437
vt -0.0005414375 0.2078005
vt -0.0002905711 0.2078642
vt -0.0003840212 0.2083733
vt -0.1092839 0.1742926
vt -0.1089737 0.1738782
vt -0.1087566 0.1740191
vt -0.1090876 0.1744613
vt -0.1586567 0.1301066
vt -0.1582431 0.1297405
vt -0.158039 0.1298997
vt -0.1585235 0.1303285
vt -0.1781506 0.1062598
vt -0.1776509 0.1058487
vt -0.1774417 0.1060011
vt -0.1780413 0.1064944
vt -0.1712155 0.1215696
vt -0.1710406 0.1208131
vt -0.1707819 0.1208065
vt -0.1709859 0.1216891
vt -0.1136456 0.158291
vt -0.1136552 0.1573851
vt -0.1134013 0.1573351
vt -0.1133906 0.1583356
vt -0.02276342 0.1671959
vt -0.02299919 0.1662234
vt -0.02275231 0.1661457
vt -0.02250837 0.1671519
vt 0.06607085 0.1427509
vt 0.06567853 0.1417929
vt 0.06592408 0.1417111
vt 0.06630326 0.142637
vt 0.1348562 0.1099757
vt 0.1344278 0.1090714
vt 0.134678 0.1090053
vt 0.1350659 0.1098239
vt 0.1746161 0.098035
vt 0.1742716 0.0971972
vt 0.174528 0.09716173
vt 0.1748233 0.09787985
vt 0.1709551 0.1216298
vt 0.1707802 0.1208733
vt 0.1710389 0.1208799
vt 0.1711847 0.1215103
vt 0.1133595 0.1581585
vt 0.1133664 0.1575115
vt 0.1136203 0.1575616
vt 0.1136145 0.1581139
vt 0.02254951 0.1669134
vt 0.02267965 0.1663766
vt 0.02292653 0.1664543
vt 0.02280456 0.1669573
vt -0.06619678 0.1424197
vt -0.06600063 0.1419407
vt -0.06575508 0.1420225
vt -0.06596439 0.1425336
vt -0.1349604 0.1096783
vt -0.134724 0.1091792
vt -0.1344737 0.1092453
vt -0.1347508 0.10983
vt -0.1747832 0.09782638
vt -0.1745372 0.09722794
vt -0.1742808 0.0972634
vt -0.1745761 0.09798153
vt -0.1712337 0.118251
vt -0.1714461 0.1175042
vt -0.1712227 0.1173734
vt -0.170975 0.1182447
vt -0.1231797 0.1179681
vt -0.1234991 0.1171204
vt -0.1232777 0.1169864
vt -0.1229249 0.1179228
vt -0.0487311 0.08927142
vt -0.04907577 0.08833206
vt -0.04883932 0.08822682
vt -0.04848269 0.08919875
vt 0.03843167 0.05918109
vt 0.03816706 0.0581802
vt 0.03842115 0.05813096
vt 0.0386769 0.05909832
vt 0.121995 0.0560401
vt 0.121903 0.05504375
vt 0.1221607 0.05506751
vt 0.122244 0.05596954
vt 0.1734113 0.08645851
vt 0.1735104 0.08555809
vt 0.1737524 0.0856498
vt 0.1736675 0.0864216
vt 0.1709766 0.1181779
vt 0.171189 0.1174311
vt 0.1714123 0.1175618
vt 0.1712354 0.1181842
vt 0.1229565 0.1177457
vt 0.1231845 0.1171402
vt 0.123406 0.1172742
vt 0.1232113 0.1177911
vt 0.04855064 0.08896644
vt 0.0487409 0.08844793
vt 0.04897736 0.08855317
vt 0.04879905 0.08903912
vt -0.03859949 0.05886902
vt -0.03846719 0.05836857
vt -0.0382131 0.05841782
vt -0.03835427 0.05895179
vt -0.122195 0.05579651
vt -0.1221442 0.05524654
vt -0.1218864 0.05522277
vt -0.1219459 0.05586707
vt -0.173658 0.0863555
vt -0.1737288 0.08571234
vt -0.1734867 0.08562061
vt -0.1734018 0.08639241
vt -0.174733 0.1121422
vt -0.1752733 0.1115845
vt -0.1751383 0.1113636
vt -0.174508 0.1120143
vt -0.1464699 0.07947687
vt -0.1470843 0.07881126
vt -0.1469295 0.07860386
vt -0.1462508 0.07933908
vt -0.08792895 0.00741163
vt -0.08846564 0.006567136
vt -0.08825698 0.006413994
vt -0.0877017 0.007287756
vt 0.0156164 -0.04461411
vt 0.01542205 -0.04563098
vt 0.01567895 -0.04566243
vt 0.0158668 -0.04467962
vt 0.1276832 -0.003362096
vt 0.1279786 -0.004318101
vt 0.1282077 -0.004197726
vt 0.1279403 -0.003332235
vt 0.1757154 0.0791362
vt 0.1762544 0.07840814
vt 0.1764173 0.07860927
vt 0.1759553 0.0792333
vt 0.174541 0.1119562
vt 0.1750813 0.1113985
vt 0.1752162 0.1116193
vt 0.1747661 0.1120841
vt 0.1463465 0.07918685
vt 0.1467854 0.07871141
vt 0.1469402 0.07891881
vt 0.1465656 0.07932464
vt 0.08781754 0.007075241
vt 0.08811378 0.006609095
vt 0.08832243 0.006762237
vt 0.08804479 0.007199116
vt -0.01580551 -0.04491378
vt -0.01570833 -0.04542222
vt -0.01545143 -0.04539077
vt -0.01555511 -0.04484827
vt -0.127961 -0.003510847
vt -0.1281241 -0.004038544
vt -0.127895 -0.004158916
vt -0.1277039 -0.003540708
vt -0.1759804 0.07917141
vt -0.1763654 0.07865138
vt -0.1762025 0.07845026
vt -0.1757405 0.0790743
vt -0.1788315 0.1082469
vt -0.1795718 0.1080127
vt -0.1795579 0.1077542
vt -0.1786942 0.1080275
vt -0.1727501 0.07449573
vt -0.1736036 0.0741921
vt -0.1735629 0.07393649
vt -0.1726202 0.07427189
vt -0.152341 -0.0116962
vt -0.1532073 -0.01219703
vt -0.153093 -0.01242927
vt -0.1521968 -0.01191108
vt -0.01902424 -0.1368983
vt -0.01925269 -0.1379081
vt -0.01899699 -0.1379481
vt -0.0187762 -0.1369722
vt 0.1628288 -0.01118704
vt 0.1636345 -0.01178044
vt 0.1637472 -0.01154748
vt 0.1630179 -0.01101026
vt 0.1793295 0.08348252
vt 0.1801758 0.08315958
vt 0.1802047 0.08341679
vt 0.1794793 0.08369359
vt 0.1787508 0.107992
vt 0.1794911 0.1077578
vt 0.179505 0.1080163
vt 0.1788881 0.1082114
vt 0.1727757 0.07418162
vt 0.1733854 0.07396474
vt 0.173426 0.07422034
vt 0.1729057 0.07440548
vt 0.1523977 -0.01204598
vt 0.1528759 -0.01232243
vt 0.1529901 -0.01209019
vt 0.152542 -0.0118311
vt 0.01884541 -0.1372041
vt 0.01895964 -0.137709
vt 0.01921533 -0.137669
vt 0.01909346 -0.1371302
vt -0.1631407 -0.01114166
vt -0.1635854 -0.0114692
vt -0.1634726 -0.01170217
vt -0.1629516 -0.01131844
vt -0.1795338 0.08365496
vt -0.1801383 0.08342429
vt -0.1801094 0.08316709
vt -0.179384 0.08344389
vt -0.1805555 0.1068062
vt -0.1813176 0.1069546
vt -0.181429 0.106721
vt -0.1805398 0.1065479
vt -0.1788704 0.1064498
vt -0.179755 0.1066446
vt -0.179856 0.1064063
vt -0.1788788 0.1061911
vt -0.1709689 0.1080946
vt -0.17191 0.1084347
vt -0.172014 0.1081977
vt -0.1710404 0.1078458
vt -0.04946334 0.1915312
vt -0.04977717 0.1925177
vt -0.05001799 0.1924229
vt -0.04971468 0.1914694
vt 0.1703523 0.1030599
vt 0.1712666 0.1034664
vt 0.17112 0.1036797
vt 0.1702922 0.1033117
vt 0.1798749 0.09858176
vt 0.180757 0.09878772
vt 0.180637 0.09901705
vt 0.1798809 0.09884052
vt 0.1806066 0.1065438
vt 0.1813687 0.1066923
vt 0.1812573 0.1069259
vt 0.1806222 0.1068022
vt 0.1790585 0.106197
vt 0.1796904 0.1063361
vt 0.1795895 0.1065744
vt 0.1790501 0.1064556
vt 0.171273 0.1079127
vt 0.1717924 0.1081004
vt 0.1716883 0.1083374
vt 0.1712015 0.1081614
vt 0.04977248 0.1917044
vt 0.0499294 0.1921977
vt 0.04968857 0.1922925
vt 0.04952114 0.1917662
vt -0.1704672 0.1033534
vt -0.1709718 0.1035778
vt -0.1711185 0.1033645
vt -0.1705272 0.1031017
vt -0.1799477 0.09883896
vt -0.1805778 0.09898607
vt -0.1806978 0.09875675
vt -0.1799417 0.09858022
vt -0.1854803 0.08971366
vt -0.1860799 0.090207
vt -0.186289 0.09005459
vt -0.1855895 0.08947903
vt -0.1632922 0.1175216
vt -0.1639705 0.118122
vt -0.1641746 0.1179629
vt -0.1634253 0.1172997
vt -0.1098215 0.1677688
vt -0.1104212 0.1685698
vt -0.1106383 0.1684289
vt -0.1100178 0.1676002
vt 0.005026471 0.2043668
vt 0.004839573 0.205385
vt 0.004588709 0.2053213
vt 0.004769347 0.2043372
vt 0.1358348 0.159023
vt 0.1362356 0.1599398
vt 0.1359835 0.1599983
vt 0.1356207 0.1591683
vt 0.1845331 0.1004152
vt 0.1851597 0.1010693
vt 0.184934 0.101196
vt 0.1843969 0.1006353
vt 0.1856501 0.08950724
vt 0.1862497 0.09000057
vt 0.1860405 0.09015297
vt 0.1855409 0.08974187
vt 0.1635795 0.1173923
vt 0.164064 0.1178211
vt 0.1638599 0.1179802
vt 0.1634463 0.1176142
vt 0.1101756 0.1677837
vt 0.1105067 0.1682258
vt 0.1102896 0.1683667
vt 0.1099793 0.1679523
vt -0.004741939 0.2045776
vt -0.004648489 0.2050867
vt -0.004899356 0.2051504
vt -0.004999063 0.2046072
vt -0.1357215 0.1593172
vt -0.1359428 0.1598232
vt -0.1361949 0.1597647
vt -0.1359357 0.1591718
vt -0.1844537 0.1006704
vt -0.1849013 0.1011377
vt -0.185127 0.101011
vt -0.1845899 0.1004503
vt -0.1826434 0.08159171
vt -0.1829387 0.08230983
vt -0.1831951 0.08227437
vt -0.1828506 0.08143656
vt -0.1384971 0.09467678
vt -0.138885 0.09549543
vt -0.1391352 0.09542929
vt -0.1387068 0.09452503
vt -0.06467798 0.1299958
vt -0.06505717 0.1309218
vt -0.06530271 0.13084
vt -0.06491039 0.1298819
vt 0.02911399 0.1560467
vt 0.02887005 0.1570528
vt 0.02862317 0.1569751
vt 0.02885894 0.1560027
vt 0.1236155 0.1461291
vt 0.1236049 0.1471296
vt 0.123351 0.1470796
vt 0.1233606 0.1461737
vt 0.1818037 0.1066462
vt 0.1820078 0.1075288
vt 0.181749 0.1075222
vt 0.1815741 0.1067657
vt 0.1828906 0.08149005
vt 0.1831859 0.08220817
vt 0.1829295 0.08224364
vt 0.1826834 0.08164521
vt 0.1388122 0.09467072
vt 0.1390892 0.09525546
vt 0.138839 0.0953216
vt 0.1386025 0.09482247
vt 0.06501696 0.1300992
vt 0.06522627 0.1306103
vt 0.06498072 0.1306922
vt 0.06478456 0.1302131
vt -0.02881779 0.1562412
vt -0.02869582 0.1567443
vt -0.0289427 0.156822
vt -0.02907285 0.1562852
vt -0.1233916 0.1463508
vt -0.1233858 0.1469031
vt -0.1236397 0.1469532
vt -0.1236466 0.1463062
vt -0.181605 0.1068249
vt -0.1817508 0.1074553
vt -0.1820095 0.1074619
vt -0.1818346 0.1067054
vt -0.1819191 0.07100033
vt -0.1818342 0.07177214
vt -0.1820762 0.07186385
vt -0.1821753 0.07096343
vt -0.1253229 0.0392549
vt -0.1254062 0.04015692
vt -0.1256639 0.04018069
vt -0.1255719 0.03918432
vt -0.03591066 0.04280886
vt -0.03616641 0.04377623
vt -0.0364205 0.04372698
vt -0.03615588 0.0427261
vt 0.05604605 0.07440881
vt 0.05568942 0.07538073
vt 0.05545296 0.0752755
vt 0.05579764 0.07433613
vt 0.1335093 0.1043256
vt 0.1331566 0.105262
vt 0.1329351 0.105128
vt 0.1332545 0.1042803
vt 0.1821988 0.104427
vt 0.1819511 0.1052983
vt 0.1817277 0.1051675
vt 0.1819401 0.1044206
vt 0.1821848 0.07102956
vt 0.1820999 0.07180136
vt 0.1818579 0.07170963
vt 0.1819287 0.07106647
vt 0.1256209 0.03935732
vt 0.1256804 0.04000163
vt 0.1254227 0.03997786
vt 0.1253719 0.03942788
vt 0.03623327 0.04295541
vt 0.03637444 0.04348938
vt 0.03612035 0.04353862
vt 0.03598804 0.04303818
vt -0.05572966 0.07456844
vt -0.05555135 0.07505439
vt -0.05578781 0.07515962
vt -0.05597807 0.07464112
vt -0.133223 0.1044573
vt -0.1330283 0.1049741
vt -0.1332497 0.1051081
vt -0.1334778 0.1045026
vt -0.1819385 0.1044874
vt -0.1817615 0.1051098
vt -0.1819849 0.1052406
vt -0.1821972 0.1044938
vt -0.1844357 0.06531622
vt -0.1839737 0.06594026
vt -0.1841366 0.06614138
vt -0.1846756 0.06541333
vt -0.1316704 -0.01930356
vt -0.131403 -0.01843807
vt -0.1316321 -0.0183177
vt -0.1319275 -0.0192737
vt -0.01220189 -0.06073245
vt -0.01238974 -0.05974964
vt -0.01264664 -0.05978109
vt -0.01245228 -0.06079797
vt 0.09648769 -0.00666701
vt 0.09593239 -0.005793248
vt 0.09572375 -0.005946389
vt 0.09626043 -0.006790885
vt 0.1569407 0.0668124
vt 0.156262 0.06754762
vt 0.1561072 0.06734022
vt 0.1567216 0.06667461
vt 0.1851983 0.09959176
vt 0.1845681 0.1002425
vt 0.1844331 0.1000216
vt 0.1849733 0.09946389
vt 0.1846505 0.06547528
vt 0.1841885 0.06609932
vt 0.1840256 0.0658982
vt 0.1844106 0.06537817
vt 0.1319067 -0.01909513
vt 0.1317157 -0.01847692
vt 0.1314866 -0.01859729
vt 0.1316496 -0.01912499
vt 0.01251362 -0.06056387
vt 0.01261731 -0.06002138
vt 0.01236041 -0.05998992
vt 0.01226323 -0.06049836
vt -0.09614467 -0.006578357
vt -0.09586703 -0.006141477
vt -0.09607568 -0.005988335
vt -0.09637192 -0.006454481
vt -0.1566259 0.06682681
vt -0.1562512 0.06723263
vt -0.1564061 0.06744003
vt -0.156845 0.06696459
vt -0.1849403 0.09952199
vt -0.1844901 0.09998675
vt -0.1846251 0.1002076
vt -0.1851653 0.09964986
vt -0.1877888 0.07155691
vt -0.1870634 0.07183371
vt -0.1870922 0.07209091
vt -0.1879386 0.07176798
vt -0.1692188 -0.02319613
vt -0.1684894 -0.02265891
vt -0.1686022 -0.02242595
vt -0.1694078 -0.02301935
vt 0.02381795 -0.1484571
vt 0.02359715 -0.1474812
vt 0.02334146 -0.1475212
vt 0.0235699 -0.148531
vt 0.1619532 -0.01970811
vt 0.161057 -0.01918993
vt 0.1609427 -0.01942216
vt 0.161809 -0.01992299
vt 0.1823366 0.06484435
vt 0.1813939 0.06517974
vt 0.1813532 0.06492414
vt 0.1822067 0.0646205
vt 0.187969 0.09683267
vt 0.1871054 0.09710591
vt 0.1870914 0.09684746
vt 0.1878318 0.09661325
vt 0.1878841 0.07180668
vt 0.1871586 0.07208349
vt 0.1871298 0.07182628
vt 0.1877343 0.07159562
vt 0.169285 -0.02288813
vt 0.168764 -0.0225044
vt 0.1686512 -0.02273736
vt 0.1690959 -0.02306491
vt -0.02350075 -0.1482991
vt -0.02337888 -0.1477604
vt -0.02363458 -0.1477203
vt -0.0237488 -0.1482252
vt -0.161608 -0.01978803
vt -0.1611599 -0.01952894
vt -0.1612742 -0.0192967
vt -0.1617523 -0.01957315
vt -0.1820512 0.06471071
vt -0.1815308 0.06489583
vt -0.1815714 0.06515144
vt -0.1821811 0.06493456
vt -0.1877751 0.0966487
vt -0.1871582 0.09684386
vt -0.1871721 0.09710231
vt -0.1879124 0.09686811
vt -0.1874816 0.08791509
vt -0.1867255 0.08773856
vt -0.1866055 0.08796788
vt -0.1874876 0.08817384
vt -0.1785651 0.09712805
vt -0.1777374 0.09676
vt -0.1775907 0.09697326
vt -0.178505 0.09737979
vt 0.04801366 0.1974061
vt 0.04771035 0.1964526
vt 0.04795118 0.1963578
vt 0.04826501 0.1973443
vt 0.1768958 0.1068738
vt 0.1759221 0.1065219
vt 0.1760262 0.1062849
vt 0.1769672 0.106625
vt 0.1857287 0.09899337
vt 0.1847516 0.09877818
vt 0.1848525 0.09853987
vt 0.1857372 0.09873468
vt 0.1877621 0.09586523
vt 0.1868729 0.09569208
vt 0.1869843 0.09545846
vt 0.1877465 0.09560688
vt 0.1874208 0.0881754
vt 0.1866647 0.08799887
vt 0.1867847 0.08776955
vt 0.1874148 0.08791666
vt 0.1783301 0.09733806
vt 0.1777389 0.09707518
vt 0.1778855 0.09686192
vt 0.1783902 0.09708631
vt -0.04820704 0.1971093
vt -0.04803962 0.196583
vt -0.04779879 0.1966778
vt -0.0479557 0.1971711
vt -0.1767347 0.1065582
vt -0.1762479 0.1063822
vt -0.1761438 0.1066192
vt -0.1766632 0.1068069
vt -0.1855575 0.09872882
vt -0.1850181 0.09861004
vt -0.1849171 0.09884835
vt -0.185549 0.0989875
vt -0.1876798 0.0956109
vt -0.1870447 0.09548721
vt -0.1869332 0.09572083
vt -0.1876954 0.09586925
vt -0.1831107 0.1029427
vt -0.1825735 0.102382
vt -0.1823478 0.1025086
vt -0.1829745 0.1031628
vt -0.1344021 0.1606897
vt -0.1340393 0.1598597
vt -0.1337871 0.1599182
vt -0.134188 0.160835
vt -0.004144615 0.2052398
vt -0.004325253 0.2042556
vt -0.004074389 0.204192
vt -0.003887491 0.2052102
vt 0.1098634 0.1690091
vt 0.109243 0.1681803
vt 0.1094601 0.1680394
vt 0.1100597 0.1688404
vt 0.1626934 0.1196363
vt 0.1619442 0.1189731
vt 0.1621483 0.1188139
vt 0.1628266 0.1194143
vt 0.1843663 0.09239148
vt 0.1836668 0.09181592
vt 0.183876 0.09166352
vt 0.1844755 0.09215684
vt 0.1829176 0.1031276
vt 0.1823805 0.1025669
vt 0.1826062 0.1024403
vt 0.1830538 0.1029076
vt 0.1340869 0.1606863
vt 0.1338277 0.1600934
vt 0.1340799 0.1600349
vt 0.1343011 0.160541
vt 0.00391522 0.2049698
vt 0.004014928 0.2044266
vt 0.004265795 0.2044902
vt 0.004172345 0.2049994
vt -0.109902 0.1686568
vt -0.1095918 0.1682424
vt -0.1093747 0.1683833
vt -0.1097057 0.1688255
vt -0.1626724 0.1193219
vt -0.1622588 0.1189558
vt -0.1620547 0.119115
vt -0.1625392 0.1195438
vt -0.184415 0.09212862
vt -0.1839153 0.09171751
vt -0.1837061 0.09186991
vt -0.1843057 0.09236325
vt -0.1792889 0.1080909
vt -0.179114 0.1073344
vt -0.1788553 0.1073278
vt -0.1790593 0.1082104
vt -0.1216253 0.1470612
vt -0.1216349 0.1461554
vt -0.1213809 0.1461054
vt -0.1213703 0.1471059
vt -0.02818423 0.1568687
vt -0.02842 0.1558963
vt -0.02817312 0.1558186
vt -0.02792918 0.1568247
vt 0.06440683 0.1312068
vt 0.06401451 0.1302488
vt 0.06426006 0.1301669
vt 0.06463924 0.1310929
vt 0.1371156 0.09638608
vt 0.1366872 0.09548183
vt 0.1369374 0.09541569
vt 0.1373253 0.09623434
vt 0.1803962 0.08342527
vt 0.1800517 0.08258747
vt 0.1803081 0.082552
vt 0.1806034 0.08327012
vt 0.1790285 0.1081511
vt 0.1788535 0.1073946
vt 0.1791123 0.1074012
vt 0.179258 0.1080316
vt 0.1213392 0.1469288
vt 0.1213461 0.1462818
vt 0.1216 0.1463318
vt 0.1215942 0.1468841
vt 0.02797032 0.1565862
vt 0.02810046 0.1560494
vt 0.02834734 0.1561271
vt 0.02822537 0.1566302
vt -0.06453277 0.1308756
vt -0.06433661 0.1303965
vt -0.06409107 0.1304784
vt -0.06430037 0.1309895
vt -0.1372198 0.0960887
vt -0.1369833 0.09558956
vt -0.1367331 0.09565569
vt -0.1370101 0.09624045
vt -0.1805634 0.08321664
vt -0.1803173 0.08261821
vt -0.1800609 0.08265366
vt -0.1803562 0.08337179
vt -0.179299 0.1044769
vt -0.1795113 0.10373
vt -0.179288 0.1035993
vt -0.1790402 0.1044706
vt -0.13132 0.1045196
vt -0.1316394 0.1036719
vt -0.131418 0.1035378
vt -0.1310652 0.1044742
vt -0.05502898 0.07511993
vt -0.05537365 0.07418058
vt -0.05513719 0.07407535
vt -0.05478057 0.07504726
vt 0.03548456 0.04397444
vt 0.03521994 0.04297355
vt 0.03547403 0.04292431
vt 0.03572978 0.04389167
vt 0.1234386 0.04038621
vt 0.1233466 0.03938985
vt 0.1236044 0.03941362
vt 0.1236876 0.04031565
vt 0.1790681 0.07153286
vt 0.1791672 0.07063243
vt 0.1794092 0.07072414
vt 0.1793243 0.07149595
vt 0.1790418 0.1044038
vt 0.1792542 0.1036569
vt 0.1794776 0.1037877
vt 0.1793006 0.1044101
vt 0.1310968 0.1042972
vt 0.1313249 0.1036917
vt 0.1315463 0.1038257
vt 0.1313516 0.1043425
vt 0.05484851 0.07481496
vt 0.05503877 0.07429644
vt 0.05527524 0.07440168
vt 0.05509692 0.07488763
vt -0.03565238 0.04366237
vt -0.03552007 0.04316192
vt -0.03526597 0.04321117
vt -0.03540715 0.04374514
vt -0.1236386 0.04014262
vt -0.1235878 0.03959265
vt -0.1233301 0.03956888
vt -0.1233896 0.04021318
vt -0.1793148 0.07142985
vt -0.1793856 0.07078668
vt -0.1791436 0.07069495
vt -0.1790586 0.07146676
vt -0.1826194 0.09826483
vt -0.1831596 0.09770711
vt -0.1830246 0.09748628
vt -0.1823944 0.09813697
vt -0.154839 0.06616952
vt -0.1554535 0.0655039
vt -0.1552987 0.06529651
vt -0.1546199 0.06603173
vt -0.09534261 -0.006188584
vt -0.09587929 -0.007033079
vt -0.09567064 -0.007186221
vt -0.09511535 -0.00631246
vt 0.01169582 -0.05959934
vt 0.01150146 -0.06061621
vt 0.01175836 -0.06064766
vt 0.01194621 -0.05966485
vt 0.129497 -0.01897744
vt 0.1297924 -0.01993344
vt 0.1300215 -0.01981307
vt 0.1297541 -0.01894758
vt 0.1817044 0.0643407
vt 0.1822434 0.06361265
vt 0.1824063 0.06381376
vt 0.1819443 0.06443781
vt 0.1824274 0.09807886
vt 0.1829676 0.09752114
vt 0.1831026 0.09774198
vt 0.1826524 0.09820674
vt 0.1547157 0.0658795
vt 0.1551546 0.06540406
vt 0.1553094 0.06561147
vt 0.1549347 0.06601728
vt 0.09523119 -0.006524974
vt 0.09552743 -0.006991121
vt 0.09573608 -0.006837978
vt 0.09545844 -0.006401098
vt -0.01188492 -0.05989901
vt -0.01178774 -0.06040744
vt -0.01153084 -0.060376
vt -0.01163453 -0.0598335
vt -0.1297748 -0.01912619
vt -0.1299378 -0.01965388
vt -0.1297087 -0.01977426
vt -0.1295177 -0.01915605
vt -0.1819694 0.06437591
vt -0.1823544 0.06385588
vt -0.1821915 0.06365477
vt -0.1817295 0.0642788
vt -0.1863298 0.09444003
vt -0.1870701 0.09420583
vt -0.1870562 0.09394738
vt -0.1861925 0.09422062
vt -0.1807747 0.06329804
vt -0.1816282 0.06299441
vt -0.1815875 0.0627388
vt -0.1806448 0.06307419
vt -0.1607167 -0.01981316
vt -0.1615829 -0.02031399
vt -0.1614687 -0.02054623
vt -0.1605724 -0.02002805
vt -0.02428569 -0.1473076
vt -0.02451414 -0.1483174
vt -0.02425844 -0.1483575
vt -0.02403764 -0.1473815
vt 0.1672769 -0.02422535
vt 0.1680825 -0.02481875
vt 0.1681953 -0.02458579
vt 0.1674659 -0.02404856
vt 0.1860134 0.06926354
vt 0.1868598 0.06894062
vt 0.1868887 0.06919782
vt 0.1861632 0.06947462
vt 0.1862492 0.09418518
vt 0.1869895 0.09395097
vt 0.1870034 0.09420943
vt 0.1863865 0.09440459
vt 0.1808003 0.06298394
vt 0.18141 0.06276705
vt 0.1814506 0.06302266
vt 0.1809302 0.06320779
vt 0.1607733 -0.02016295
vt 0.1612515 -0.0204394
vt 0.1613657 -0.02020716
vt 0.1609176 -0.01994806
vt 0.02410686 -0.1476134
vt 0.02422109 -0.1481183
vt 0.02447679 -0.1480782
vt 0.02435491 -0.1475395
vt -0.1675887 -0.02417996
vt -0.1680334 -0.02450751
vt -0.1679206 -0.02474047
vt -0.1673996 -0.02435675
vt -0.1862177 0.06943598
vt -0.1868223 0.06920532
vt -0.1867934 0.06894812
vt -0.1860679 0.06922491
vt -0.187467 0.09298
vt -0.1882291 0.09312842
vt -0.1883406 0.09289481
vt -0.1874514 0.09272165
vt -0.1852237 0.0968544
vt -0.1861084 0.09704922
vt -0.1862094 0.09681091
vt -0.1852322 0.09659573
vt -0.1761797 0.1058602
vt -0.1771207 0.1062003
vt -0.1772248 0.1059634
vt -0.1762512 0.1056115
vt -0.04702845 0.1966513
vt -0.04734228 0.1976378
vt -0.04758311 0.197543
vt -0.0472798 0.1965895
vt 0.1784986 0.09493136
vt 0.1794129 0.09533789
vt 0.1792663 0.09555115
vt 0.1784385 0.09518311
vt 0.1872936 0.08502092
vt 0.1881757 0.08522689
vt 0.1880557 0.08545621
vt 0.1872996 0.08527967
vt 0.1875181 0.09271763
vt 0.1882802 0.09286605
vt 0.1881688 0.09309966
vt 0.1875337 0.09297597
vt 0.1854119 0.09660161
vt 0.1860438 0.09674077
vt 0.1859428 0.09697907
vt 0.1854034 0.0968603
vt 0.1764838 0.1056783
vt 0.1770032 0.1058661
vt 0.1768991 0.106103
vt 0.1764123 0.1059271
vt 0.0473376 0.1968245
vt 0.04749451 0.1973178
vt 0.04725368 0.1974126
vt 0.04708626 0.1968863
vt -0.1786135 0.09522485
vt -0.1791181 0.09544925
vt -0.1792648 0.09523599
vt -0.1786736 0.09497311
vt -0.1873664 0.08527812
vt -0.1879965 0.08542524
vt -0.1881165 0.08519591
vt -0.1873604 0.08501938
vt 0.1090403 0.2059908
vt 0.113109 0.2030846
vt 0.1154339 0.2063396
vt 0.1113652 0.2092458
vt -0.1090403 0.2059908
vt -0.1113652 0.2092458
vt -0.1154339 0.2063396
vt -0.113109 0.2030846
vt -0.03323004 -0.0008744736
vt -0.03726608 -0.01217538
vt -0.03255736 -0.01385706
vt -0.02852133 -0.002556156
vt 0.03323004 -0.0008744736
vt 0.02852133 -0.002556156
vt 0.03255736 -0.01385706
vt 0.03726608 -0.01217538
vt -0.2119792 0.09257322
vt -0.2155569 0.09436207
vt -0.2209235 0.08362894
vt -0.2173458 0.08184009
vt 0.2119792 0.09257322
vt 0.2173458 0.08184009
vt 0.2209235 0.08362894
vt 0.2155569 0.09436207
vt 0.07349172 -0.06296241
vt 0.07297248 -0.06206677
vt 0.06951198 -0.06407299
vt 0.07003124 -0.06496864
vt 0.1816454 -0.001513261
vt 0.1806279 -0.001322402
vt 0.1798904 -0.00525383
vt 0.1809079 -0.005444689
vt 0.1009718 0.1964144
vt 0.1003701 0.195572
vt 0.103625 0.193247
vt 0.1042267 0.1940895
vt 0.0415452 0.1980469
vt 0.0411751 0.19708
vt 0.04491076 0.1956501
vt 0.04528086 0.196617
vt 0.008445224 0.1313816
vt 0.008129682 0.1303956
vt 0.01193936 0.1291765
vt 0.0122549 0.1301625
vt -0.02289854 0.03102728
vt -0.02324675 0.03005232
vt -0.01947979 0.02870697
vt -0.01913158 0.02968194
vt -0.07297252 -0.06206681
vt -0.07349177 -0.06296246
vt -0.07003129 -0.06496869
vt -0.06951202 -0.06407304
vt -0.1806279 -0.001322357
vt -0.1816454 -0.001513216
vt -0.180908 -0.005444644
vt -0.1798905 -0.005253789
vt -0.1003701 0.195572
vt -0.1009718 0.1964144
vt -0.1042267 0.1940895
vt -0.103625 0.193247
vt -0.04117509 0.1970801
vt -0.04154519 0.1980469
vt -0.04528085 0.196617
vt -0.04491075 0.1956501
vt -0.008129681 0.1303956
vt -0.008445224 0.1313816
vt -0.0122549 0.1301625
vt -0.01193936 0.1291765
vt 0.02324675 0.03005229
vt 0.02289855 0.03102725
vt 0.01913159 0.0296819
vt 0.01947979 0.02870694
vt -0.187553 0.1166764
vt -0.187491 0.115643
vt -0.1869206 0.1147791
vt -0.1859946 0.1143161
vt -0.1849612 0.1143781
vt -0.1840972 0.1149485
vt -0.1836342 0.1158745
vt -0.1836963 0.1169079
vt -0.1842667 0.1177719
vt -0.1851927 0.1182349
vt -0.1862261 0.1181728
vt -0.18709 0.1176024
vt 0.18709 0.1176024
vt 0.1862261 0.1181728
vt 0.1851927 0.1182349
vt 0.1842667 0.1177719
vt 0.1836963 0.1169079
vt 0.1836342 0.1158745
vt 0.1840972 0.1149485
vt 0.1849612 0.1143781
vt 0.1859946 0.1143161
vt 0.1869206 0.1147791
vt 0.187491 0.115643
vt 0.187553 0.1166764
vt -0.1823481 0.09677926
vt -0.1829477 0.09727259
vt -0.1831569 0.09712019
vt -0.1824574 0.09654464
vt -0.1612843 0.122914
vt -0.1619627 0.1235144
vt -0.1621668 0.1233553
vt -0.1614175 0.1226921
vt -0.1095125 0.1705867
vt -0.1101122 0.1713877
vt -0.1103293 0.1712468
vt -0.1097088 0.1704181
vt 0.002748292 0.2060537
vt 0.002561394 0.207072
vt 0.00231053 0.2070083
vt 0.002491168 0.2060242
vt 0.1317452 0.1630707
vt 0.132146 0.1639875
vt 0.1318939 0.164046
vt 0.131531 0.163216
vt 0.1805884 0.1070614
vt 0.181215 0.1077156
vt 0.1809893 0.1078422
vt 0.1804522 0.1072815
vt 0.1825179 0.09657285
vt 0.1831175 0.09706618
vt 0.1829083 0.09721858
vt 0.1824087 0.09680746
vt 0.1615717 0.1227846
vt 0.1620562 0.1232135
vt 0.1618521 0.1233726
vt 0.1614385 0.1230065
vt 0.1098666 0.1706016
vt 0.1101976 0.1710437
vt 0.1099805 0.1711846
vt 0.1096703 0.1707702
vt -0.002463755 0.2062646
vt -0.002370305 0.2067737
vt -0.002621172 0.2068374
vt -0.00272088 0.2062941
vt -0.1316319 0.1633648
vt -0.1318531 0.1638709
vt -0.1321053 0.1638124
vt -0.1318461 0.1632195
vt -0.180509 0.1073167
vt -0.1809566 0.1077839
vt -0.1811824 0.1076573
vt -0.1806452 0.1070966
vt -0.1797533 0.08889659
vt -0.1800487 0.0896147
vt -0.180305 0.08957924
vt -0.1799605 0.08874144
vt -0.1373674 0.1014716
vt -0.1377553 0.1022902
vt -0.1380055 0.1022241
vt -0.1375771 0.1013198
vt -0.06550999 0.1357679
vt -0.06588918 0.1366939
vt -0.06613472 0.136612
vt -0.0657424 0.135654
vt 0.02640359 0.1612103
vt 0.02615965 0.1622164
vt 0.02591277 0.1621387
vt 0.02614854 0.1611663
vt 0.1196257 0.1517439
vt 0.1196151 0.1527445
vt 0.1193612 0.1526944
vt 0.1193708 0.1517886
vt 0.177767 0.1133855
vt 0.1779711 0.1142681
vt 0.1777124 0.1142615
vt 0.1775374 0.113505
vt 0.1800006 0.08879492
vt 0.1802959 0.08951305
vt 0.1800395 0.08954851
vt 0.1797934 0.08895008
vt 0.1376825 0.1014655
vt 0.1379595 0.1020503
vt 0.1377093 0.1021164
vt 0.1374728 0.1016173
vt 0.06584897 0.1358713
vt 0.06605828 0.1363824
vt 0.06581273 0.1364642
vt 0.06561657 0.1359852
vt -0.02610739 0.1614048
vt -0.02598542 0.1619079
vt -0.0262323 0.1619856
vt -0.02636244 0.1614488
vt -0.1194018 0.1519657
vt -0.1193959 0.152518
vt -0.1196499 0.1525681
vt -0.1196567 0.151921
vt -0.1775683 0.1135642
vt -0.1777141 0.1141946
vt -0.1779728 0.1142012
vt -0.1777979 0.1134447
vt -0.1790907 0.07846317
vt -0.1790058 0.07923497
vt -0.1792478 0.07932668
vt -0.1793469 0.07842626
vt -0.1246011 0.04708184
vt -0.1246844 0.04798387
vt -0.1249421 0.04800763
vt -0.1248501 0.04701127
vt -0.03738422 0.05041219
vt -0.03763997 0.05137955
vt -0.03789406 0.05133031
vt -0.03762944 0.05032942
vt 0.05289711 0.08148456
vt 0.05254049 0.08245648
vt 0.05230403 0.08235124
vt 0.05264871 0.08141188
vt 0.1294391 0.1110499
vt 0.1290864 0.1119863
vt 0.128865 0.1118523
vt 0.1291843 0.1110046
vt 0.1781662 0.111314
vt 0.1779185 0.1121853
vt 0.1776951 0.1120546
vt 0.1779075 0.1113077
vt 0.1793564 0.0784924
vt 0.1792715 0.07926419
vt 0.1790295 0.07917247
vt 0.1791003 0.07852931
vt 0.1248991 0.04718427
vt 0.1249586 0.04782858
vt 0.1247009 0.04780481
vt 0.1246501 0.04725483
vt 0.03770683 0.05055874
vt 0.037848 0.05109271
vt 0.03759391 0.05114195
vt 0.0374616 0.05064151
vt -0.05258073 0.08164418
vt -0.05240241 0.08213014
vt -0.05263888 0.08223537
vt -0.05282913 0.08171686
vt -0.1291528 0.1111815
vt -0.1289581 0.1116984
vt -0.1291795 0.1118324
vt -0.1294076 0.1112269
vt -0.1779059 0.1113745
vt -0.1777289 0.1119969
vt -0.1779523 0.1121277
vt -0.1781646 0.1113808
vt -0.1814412 0.07271398
vt -0.1809792 0.07333802
vt -0.1811421 0.07353914
vt -0.1816811 0.07281108
vt -0.1307636 -0.01149589
vt -0.1304962 -0.0106304
vt -0.1307253 -0.01051003
vt -0.1310207 -0.01146603
vt -0.01416218 -0.05323984
vt -0.01435003 -0.05225703
vt -0.01460693 -0.05228848
vt -0.01441258 -0.05330535
vt 0.09278086 0.0001330976
vt 0.09222557 0.00100686
vt 0.09201693 0.0008537177
vt 0.09255361 9.222438E-06
vt 0.1527561 0.07346608
vt 0.1520774 0.0742013
vt 0.1519226 0.07399391
vt 0.152537 0.07332829
vt 0.1812552 0.1065304
vt 0.1806249 0.1071811
vt 0.1804899 0.1069603
vt 0.1810302 0.1064026
vt 0.181656 0.07287303
vt 0.181194 0.07349707
vt 0.1810311 0.07329596
vt 0.1814161 0.07277592
vt 0.1309999 -0.01128746
vt 0.1308089 -0.01066925
vt 0.1305797 -0.01078962
vt 0.1307428 -0.01131732
vt 0.01447392 -0.05307126
vt 0.0145776 -0.05252876
vt 0.0143207 -0.05249732
vt 0.01422352 -0.05300574
vt -0.09243785 0.0002217494
vt -0.09216021 0.0006586295
vt -0.09236886 0.0008117711
vt -0.0926651 0.0003456247
vt -0.1524413 0.07348049
vt -0.1520667 0.07388631
vt -0.1522215 0.07409371
vt -0.1526604 0.07361828
vt -0.1809972 0.1064607
vt -0.180547 0.1069254
vt -0.180682 0.1071463
vt -0.1812222 0.1065885
vt -0.1844468 0.0786664
vt -0.1837214 0.0789432
vt -0.1837503 0.0792004
vt -0.1845966 0.07887747
vt -0.1669948 -0.01667698
vt -0.1662654 -0.01613976
vt -0.1663782 -0.0159068
vt -0.1671838 -0.0165002
vt 0.02118723 -0.1432525
vt 0.02096643 -0.1422765
vt 0.02071073 -0.1423166
vt 0.02093918 -0.1433263
vt 0.1577654 -0.01564963
vt 0.1568692 -0.01513144
vt 0.1567549 -0.01536368
vt 0.1576212 -0.01586451
vt 0.1783243 0.0704432
vt 0.1773816 0.07077859
vt 0.1773409 0.07052299
vt 0.1781944 0.07021935
vt 0.1842199 0.1037361
vt 0.1833562 0.1040093
vt 0.1833423 0.1037509
vt 0.1840826 0.1035167
vt 0.1845421 0.07891618
vt 0.1838167 0.07919297
vt 0.1837878 0.07893577
vt 0.1843924 0.07870511
vt 0.167061 -0.01636898
vt 0.16654 -0.01598525
vt 0.1664272 -0.01621821
vt 0.1668719 -0.01654576
vt -0.02087003 -0.1430944
vt -0.02074816 -0.1425557
vt -0.02100385 -0.1425157
vt -0.02111808 -0.1430205
vt -0.1574202 -0.01572955
vt -0.1569721 -0.01547046
vt -0.1570863 -0.01523822
vt -0.1575645 -0.01551466
vt -0.1780389 0.07030956
vt -0.1775185 0.07049469
vt -0.1775592 0.07075029
vt -0.1781688 0.07053341
vt -0.184026 0.1035521
vt -0.183409 0.1037473
vt -0.1834229 0.1040057
vt -0.1841632 0.1037715
vt -0.1837723 0.09469552
vt -0.1830162 0.09451897
vt -0.1828962 0.0947483
vt -0.1837783 0.09495427
vt -0.174492 0.1011923
vt -0.1736642 0.1008243
vt -0.1735176 0.1010375
vt -0.1744319 0.1014441
vt 0.04923111 0.194846
vt 0.0489278 0.1938925
vt 0.04916862 0.1937977
vt 0.04948245 0.1947843
vt 0.1742904 0.107991
vt 0.1733167 0.1076391
vt 0.1734208 0.1074021
vt 0.1743619 0.1077422
vt 0.1825521 0.103791
vt 0.1815749 0.1035759
vt 0.1816759 0.1033375
vt 0.1825605 0.1035324
vt 0.1843063 0.1027783
vt 0.1834172 0.1026052
vt 0.1835286 0.1023716
vt 0.1842907 0.10252
vt 0.1837115 0.09495582
vt 0.1829554 0.09477929
vt 0.1830754 0.09454997
vt 0.1837054 0.09469707
vt 0.174257 0.1014023
vt 0.1736657 0.1011395
vt 0.1738124 0.1009262
vt 0.1743171 0.1011506
vt -0.04942449 0.1945493
vt -0.04925707 0.194023
vt -0.04901623 0.1941178
vt -0.04917315 0.194611
vt -0.1741293 0.1076753
vt -0.1736425 0.1074994
vt -0.1735384 0.1077364
vt -0.1740578 0.1079241
vt -0.1823808 0.1035265
vt -0.1818414 0.1034077
vt -0.1817405 0.103646
vt -0.1823724 0.1037852
vt -0.184224 0.102524
vt -0.1835889 0.1024003
vt -0.1834775 0.1026339
vt -0.1842396 0.1027824
vt -0.179166 0.109589
vt -0.1786288 0.1090283
vt -0.1784031 0.1091549
vt -0.1790298 0.109809
vt -0.1303125 0.1647374
vt -0.1299496 0.1639074
vt -0.1296975 0.1639659
vt -0.1300983 0.1648827
vt -0.001866434 0.2069268
vt -0.002047072 0.2059426
vt -0.001796208 0.2058789
vt -0.00160931 0.2068972
vt 0.1095544 0.171827
vt 0.1089339 0.1709982
vt 0.109151 0.1708573
vt 0.1097507 0.1716583
vt 0.1606856 0.1250286
vt 0.1599363 0.1243654
vt 0.1601405 0.1242063
vt 0.1608188 0.1248067
vt 0.1812341 0.09945708
vt 0.1805346 0.09888153
vt 0.1807438 0.09872912
vt 0.1813434 0.09922245
vt 0.1789729 0.1097739
vt 0.1784358 0.1092132
vt 0.1786615 0.1090866
vt 0.1791091 0.1095538
vt 0.1299973 0.164734
vt 0.1297381 0.1641411
vt 0.1299902 0.1640826
vt 0.1302114 0.1645886
vt 0.001637037 0.2066568
vt 0.001736745 0.2061135
vt 0.001987612 0.2061772
vt 0.001894162 0.2066863
vt -0.109593 0.1714747
vt -0.1092827 0.1710604
vt -0.1090656 0.1712012
vt -0.1093967 0.1716434
vt -0.1606645 0.1247142
vt -0.160251 0.1243482
vt -0.1600469 0.1245073
vt -0.1605314 0.1249362
vt -0.1812828 0.09919422
vt -0.1807831 0.09878312
vt -0.180574 0.09893552
vt -0.1811735 0.09942885
vt -0.1752522 0.1148303
vt -0.1750773 0.1140737
vt -0.1748186 0.1140672
vt -0.1750226 0.1149497
vt -0.1176354 0.1526761
vt -0.117645 0.1517703
vt -0.1173911 0.1517202
vt -0.1173805 0.1527208
vt -0.02547383 0.1620323
vt -0.0257096 0.1610599
vt -0.02546272 0.1609822
vt -0.02521878 0.1619883
vt 0.06523885 0.1369789
vt 0.06484653 0.1360208
vt 0.06509207 0.135939
vt 0.06547125 0.136865
vt 0.1359859 0.1031809
vt 0.1355575 0.1022766
vt 0.1358077 0.1022105
vt 0.1361956 0.1030291
vt 0.1775062 0.09073014
vt 0.1771617 0.08989234
vt 0.1774181 0.08985688
vt 0.1777134 0.09057499
vt 0.1749918 0.1148905
vt 0.1748169 0.114134
vt 0.1750756 0.1141406
vt 0.1752214 0.114771
vt 0.1173494 0.1525437
vt 0.1173563 0.1518966
vt 0.1176102 0.1519467
vt 0.1176043 0.152499
vt 0.02525992 0.1617498
vt 0.02539006 0.161213
vt 0.02563694 0.1612907
vt 0.02551497 0.1617938
vt -0.06536479 0.1366476
vt -0.06516863 0.1361686
vt -0.06492308 0.1362504
vt -0.06513239 0.1367615
vt -0.1360901 0.1028835
vt -0.1358537 0.1023844
vt -0.1356034 0.1024505
vt -0.1358805 0.1030352
vt -0.1776733 0.09052151
vt -0.1774272 0.08992308
vt -0.1771708 0.08995854
vt -0.1774661 0.09067666
vt -0.1752664 0.111364
vt -0.1754787 0.1106171
vt -0.1752554 0.1104863
vt -0.1750076 0.1113577
vt -0.1272499 0.1112439
vt -0.1275692 0.1103962
vt -0.1273478 0.1102621
vt -0.1269951 0.1111985
vt -0.05188004 0.08219568
vt -0.05222472 0.08125632
vt -0.05198826 0.08115109
vt -0.05163164 0.082123
vt 0.03695812 0.05157777
vt 0.0366935 0.05057688
vt 0.03694759 0.05052764
vt 0.03720335 0.051495
vt 0.1227168 0.04821316
vt 0.1226248 0.0472168
vt 0.1228825 0.04724057
vt 0.1229658 0.04814259
vt 0.1762397 0.07899569
vt 0.1763388 0.07809526
vt 0.1765808 0.07818698
vt 0.1764959 0.07895878
vt 0.1750092 0.1112909
vt 0.1752216 0.110544
vt 0.1754449 0.1106748
vt 0.175268 0.1112972
vt 0.1270266 0.1110215
vt 0.1272547 0.110416
vt 0.1274761 0.11055
vt 0.1272814 0.1110668
vt 0.05169959 0.0818907
vt 0.05188984 0.08137219
vt 0.0521263 0.08147743
vt 0.05194799 0.08196338
vt -0.03712594 0.05126569
vt -0.03699363 0.05076525
vt -0.03673954 0.0508145
vt -0.03688071 0.05134847
vt -0.1229168 0.04796957
vt -0.122866 0.04741959
vt -0.1226083 0.04739583
vt -0.1226678 0.04804013
vt -0.1764864 0.07889268
vt -0.1765572 0.07824951
vt -0.1763152 0.07815779
vt -0.1762302 0.07892959
vt -0.1786762 0.1052035
vt -0.1792164 0.1046458
vt -0.1790814 0.104425
vt -0.1784512 0.1050756
vt -0.1506545 0.0728232
vt -0.1512689 0.07215758
vt -0.1511141 0.07195019
vt -0.1504354 0.07268541
vt -0.09163578 0.0006115226
vt -0.09217247 -0.0002329723
vt -0.09196381 -0.0003861142
vt -0.09140854 0.0004876474
vt 0.01365611 -0.05210673
vt 0.01346176 -0.0531236
vt 0.01371866 -0.05315505
vt 0.01390651 -0.05217224
vt 0.1285901 -0.01116977
vt 0.1288855 -0.01212577
vt 0.1291146 -0.0120054
vt 0.1288472 -0.01113991
vt 0.1787099 0.07173845
vt 0.1792489 0.0710104
vt 0.1794118 0.07121152
vt 0.1789498 0.07183556
vt 0.1784842 0.1050175
vt 0.1790244 0.1044598
vt 0.1791594 0.1046806
vt 0.1787092 0.1051454
vt 0.1505311 0.07253318
vt 0.15097 0.07205774
vt 0.1511248 0.07226514
vt 0.1507502 0.07267097
vt 0.09152438 0.0002751332
vt 0.09182061 -0.0001910133
vt 0.09202926 -3.787136E-05
vt 0.09175162 0.0003990084
vt -0.01384521 -0.0524064
vt -0.01374803 -0.05291484
vt -0.01349113 -0.05288339
vt -0.01359482 -0.05234089
vt -0.1288679 -0.01131852
vt -0.129031 -0.01184622
vt -0.1288018 -0.01196659
vt -0.1286108 -0.01134838
vt -0.1789749 0.07177366
vt -0.1793599 0.07125363
vt -0.179197 0.07105251
vt -0.178735 0.07167655
vt -0.1825806 0.1013435
vt -0.183321 0.1011093
vt -0.1833071 0.1008508
vt -0.1824434 0.101124
vt -0.1767624 0.06889689
vt -0.1776159 0.06859326
vt -0.1775752 0.06833765
vt -0.1766325 0.06867304
vt -0.1565289 -0.01575468
vt -0.1573951 -0.01625551
vt -0.1572808 -0.01648775
vt -0.1563846 -0.01596957
vt -0.02165497 -0.142103
vt -0.02188342 -0.1431127
vt -0.02162772 -0.1431528
vt -0.02140692 -0.1421769
vt 0.1650529 -0.0177062
vt 0.1658585 -0.0182996
vt 0.1659713 -0.01806663
vt 0.1652419 -0.01752941
vt 0.1826715 0.07637303
vt 0.1835178 0.0760501
vt 0.1835467 0.07630731
vt 0.1828212 0.0765841
vt 0.1825 0.1010886
vt 0.1832403 0.1008544
vt 0.1832542 0.1011129
vt 0.1826373 0.101308
vt 0.176788 0.06858279
vt 0.1773977 0.0683659
vt 0.1774383 0.06862151
vt 0.176918 0.06880663
vt 0.1565855 -0.01610447
vt 0.1570637 -0.01638092
vt 0.1571779 -0.01614867
vt 0.1567298 -0.01588958
vt 0.02147614 -0.1424088
vt 0.02159036 -0.1429137
vt 0.02184606 -0.1428736
vt 0.02172418 -0.1423349
vt -0.1653647 -0.01766081
vt -0.1658094 -0.01798836
vt -0.1656966 -0.01822132
vt -0.1651756 -0.01783759
vt -0.1828758 0.07654548
vt -0.1834803 0.07631481
vt -0.1834514 0.07605761
vt -0.182726 0.0763344
vt -0.1840113 0.09989311
vt -0.1847734 0.1000415
vt -0.1848848 0.09980792
vt -0.1839956 0.09963475
vt -0.182047 0.1016521
vt -0.1829317 0.1018469
vt -0.1830327 0.1016086
vt -0.1820555 0.1013934
vt -0.1735743 0.1069774
vt -0.1745154 0.1073175
vt -0.1746195 0.1070805
vt -0.1736458 0.1067287
vt -0.0482459 0.1940912
vt -0.04855972 0.1950778
vt -0.04880055 0.194983
vt -0.04849724 0.1940295
vt 0.1744255 0.09899564
vt 0.1753398 0.09940217
vt 0.1751931 0.09961543
vt 0.1743654 0.09924739
vt 0.1835842 0.09180135
vt 0.1844663 0.09200731
vt 0.1843464 0.09223664
vt 0.1835903 0.0920601
vt 0.1840623 0.09963073
vt 0.1848245 0.09977915
vt 0.1847131 0.1000128
vt 0.1840779 0.09988908
vt 0.1822352 0.1013993
vt 0.1828671 0.1015384
vt 0.1827661 0.1017768
vt 0.1822268 0.101658
vt 0.1738784 0.1067955
vt 0.1743978 0.1069832
vt 0.1742938 0.1072202
vt 0.1738069 0.1070443
vt 0.04855504 0.1942645
vt 0.04871196 0.1947578
vt 0.04847113 0.1948526
vt 0.0483037 0.1943263
vt -0.1745403 0.09928913
vt -0.175045 0.09951353
vt -0.1751916 0.09930028
vt -0.1746004 0.09903739
vt -0.1836571 0.09205855
vt -0.1842872 0.09220566
vt -0.1844071 0.09197634
vt -0.183651 0.0917998
vt 0.1045067 0.2030846
vt 0.1077617 0.2007596
vt 0.1095054 0.2032008
vt 0.1062505 0.2055258
vt -0.1045067 0.2030846
vt -0.1062505 0.2055258
vt -0.1095054 0.2032008
vt -0.1077617 0.2007596
vt -0.03578627 -0.002085254
vt -0.03847696 -0.009619188
vt -0.03471 -0.01096454
vt -0.0320193 -0.003430601
vt 0.03578627 -0.002085254
vt 0.0320193 -0.003430601
vt 0.03471 -0.01096454
vt 0.03847696 -0.009619188
vt -0.2084015 0.08854827
vt -0.2110848 0.08988992
vt -0.2146625 0.0827345
vt -0.2119792 0.08139285
vt 0.2084015 0.08854827
vt 0.2119792 0.08139285
vt 0.2146625 0.0827345
vt 0.2110848 0.08988992
vt 0.1118302 0.2064558
vt 0.1142714 0.2047121
vt 0.1183401 0.2104083
vt 0.1158989 0.212152
vt -0.1118302 0.2064558
vt -0.1158989 0.212152
vt -0.1183401 0.2104083
vt -0.1142714 0.2047121
vt -0.03269189 -0.005314117
vt -0.03437357 -0.01002283
vt -0.03154835 -0.01103184
vt -0.02986667 -0.006323125
vt 0.03269189 -0.005314117
vt 0.02986667 -0.006323125
vt 0.03154835 -0.01103184
vt 0.03437357 -0.01002283
vt -0.2155569 0.08988993
vt -0.221818 0.09302044
vt -0.224054 0.0885483
vt -0.217793 0.08541779
vt 0.2155569 0.08988993
vt 0.217793 0.08541779
vt 0.224054 0.0885483
vt 0.221818 0.09302044
vt -0.02408181 0.02028101
vt -0.02879051 0.0219627
vt -0.05166147 -0.04207573
vt -0.04695276 -0.04375742
vt 0.02408181 0.02028101
vt 0.04695276 -0.04375742
vt 0.05166147 -0.04207573
vt 0.02879051 0.0219627
vt -0.2128849 0.1266622
vt -0.216354 0.1194532
vt -0.2119115 0.1217566
vt 0.2128117 0.133259
vt 0.1962633 0.1303978
vt 0.2040155 0.1152683
vt -0.2118435 0.12952
vt -0.2039467 0.1164188
vt -0.1961265 0.1315133
vt -0.2120928 0.1271972
vt -0.2165608 0.1249435
vt -0.2039836 0.1142264
vt 0.2040379 0.1148272
vt 0.2165141 0.1256617
vt 0.2128864 0.1327922
vt -0.2127355 0.1322687
vt -0.2119072 0.1273365
vt -0.1961946 0.1293645
vt -0.2249932 0.1488024
vt -0.2176923 0.1455312
vt -0.220116 0.1499092
vt 0.2249088 0.1475985
vt 0.2228099 0.1642607
vt 0.2073406 0.1572107
vt -0.21998 0.1485541
vt -0.2072758 0.157075
vt -0.2227307 0.1641564
vt -0.2195647 0.1524952
vt -0.217214 0.1480776
vt -0.2067741 0.1608858
vt 0.2072939 0.1578388
vt 0.217601 0.1449234
vt 0.224876 0.1482519
vt -0.2249633 0.1443993
vt -0.2200916 0.1455302
vt -0.2230849 0.1610878
vt -0.2270844 0.1254706
vt -0.2293045 0.1285603
vt -0.2304867 0.1281012
vt -0.2278966 0.1244966
vt -0.1868374 0.1542093
vt -0.1894176 0.1578209
vt -0.190567 0.157285
vt -0.187717 0.1532957
vt -0.1068325 0.2080323
vt -0.109101 0.2123788
vt -0.1102621 0.2118686
vt -0.1079149 0.2073715
vt 0.01715824 0.2418365
vt 0.01616301 0.2468106
vt 0.01493892 0.2464791
vt 0.01590082 0.2416715
vt 0.1508442 0.210682
vt 0.1517033 0.215509
vt 0.1504352 0.215499
vt 0.1496574 0.211129
vt 0.2234626 0.1477367
vt 0.2255079 0.1516761
vt 0.224272 0.1519605
vt 0.222519 0.1485839
vt 0.2281481 0.1247063
vt 0.2303681 0.127796
vt 0.229186 0.128255
vt 0.2273359 0.1256803
vt 0.1883518 0.1539067
vt 0.1901948 0.1564865
vt 0.1890454 0.1570223
vt 0.1874722 0.1548203
vt 0.1085327 0.2083838
vt 0.1097849 0.210783
vt 0.1086238 0.2112931
vt 0.1074503 0.2090446
vt -0.0157465 0.2428474
vt -0.01524889 0.2453344
vt -0.01647297 0.245666
vt -0.01700392 0.2430123
vt -0.1499681 0.2119534
vt -0.1504423 0.2146178
vt -0.1517105 0.2146279
vt -0.1511549 0.2115065
vt -0.2227377 0.1488276
vt -0.2241986 0.1516414
vt -0.2254345 0.151357
vt -0.2236814 0.1479804
vt -0.2265069 0.1154822
vt -0.2269958 0.1192552
vt -0.2282543 0.1194118
vt -0.2276839 0.1150099
vt -0.165119 0.1053023
vt -0.1662312 0.1095994
vt -0.1674964 0.1095117
vt -0.1662679 0.1047652
vt -0.06607733 0.1291781
vt -0.06755444 0.1338532
vt -0.06878658 0.133553
vt -0.06725828 0.1287159
vt 0.0461869 0.1624767
vt 0.044764 0.1673458
vt 0.04357329 0.1669093
vt 0.04494853 0.1622033
vt 0.1522427 0.1751135
vt 0.1513134 0.1799275
vt 0.1501333 0.1794633
vt 0.1509745 0.1751051
vt 0.2231806 0.1519791
vt 0.2230105 0.1564145
vt 0.2217956 0.1560506
vt 0.2219414 0.1522488
vt 0.2278058 0.1153138
vt 0.2282947 0.1190868
vt 0.2270362 0.1189302
vt 0.2266288 0.1157861
vt 0.1666411 0.1055634
vt 0.1674355 0.1086327
vt 0.1661703 0.1087204
vt 0.1654922 0.1061005
vt 0.06769042 0.1298202
vt 0.06850577 0.1324008
vt 0.06727362 0.132701
vt 0.06650947 0.1302825
vt -0.04469275 0.1633613
vt -0.04398131 0.1657959
vt -0.04517201 0.1662323
vt -0.04593112 0.1636347
vt -0.1509688 0.1759861
vt -0.1504559 0.1786434
vt -0.1516361 0.1791076
vt -0.152237 0.1759946
vt -0.2220111 0.1525688
vt -0.2218896 0.1557369
vt -0.2231044 0.1561008
vt -0.2232502 0.152299
vt -0.2280502 0.106797
vt -0.2266288 0.1103261
vt -0.2276494 0.111079
vt -0.2293077 0.1069617
vt -0.1612016 0.03046547
vt -0.1607403 0.03488009
vt -0.1619562 0.0352405
vt -0.1624657 0.0303642
vt -0.03692394 0.005766101
vt -0.03794316 0.01056184
vt -0.03919852 0.01038189
vt -0.03814398 0.00541996
vt 0.08549341 0.05489817
vt 0.08333167 0.05948725
vt 0.08222318 0.05887118
vt 0.08431251 0.0544358
vt 0.1744391 0.1224343
vt 0.1718787 0.1266154
vt 0.1709367 0.1257664
vt 0.1732547 0.1219811
vt 0.2259119 0.1493697
vt 0.2236521 0.15319
vt 0.2227566 0.152292
vt 0.2246936 0.1490174
vt 0.2292651 0.1072863
vt 0.2278437 0.1108154
vt 0.2268232 0.1100626
vt 0.2280077 0.1071217
vt 0.1625361 0.03124246
vt 0.1622066 0.03439576
vt 0.1609907 0.03403535
vt 0.161272 0.03134372
vt 0.03846759 0.006560792
vt 0.03903018 0.009207953
vt 0.03777482 0.009387899
vt 0.03724755 0.006906935
vt -0.0838801 0.05554
vt -0.08279923 0.05783454
vt -0.08390772 0.05845061
vt -0.085061 0.05600237
vt -0.1729399 0.122804
vt -0.1715266 0.125112
vt -0.1724686 0.125961
vt -0.1741243 0.1232572
vt -0.2246026 0.149332
vt -0.2229885 0.1520608
vt -0.223884 0.1529588
vt -0.2258209 0.1496842
vt -0.2306316 0.1088878
vt -0.2275783 0.1111576
vt -0.2280564 0.1123322
vt -0.2316186 0.1096841
vt -0.1869409 -0.02043328
vt -0.1844853 -0.01673578
vt -0.1853955 -0.01585268
vt -0.1881079 -0.01993686
vt -0.007183086 -0.1236829
vt -0.008013977 -0.118851
vt -0.009275412 -0.1189817
vt -0.008415725 -0.1239811
vt 0.151248 -0.0227303
vt 0.1477499 -0.01905665
vt 0.1468921 -0.01999075
vt 0.1502731 -0.02354135
vt 0.2078331 0.09412785
vt 0.2037542 0.09684826
vt 0.2032555 0.09568225
vt 0.2069482 0.09321938
vt 0.2292679 0.1466137
vt 0.2254685 0.1489086
vt 0.2251051 0.1476936
vt 0.2283617 0.1457266
vt 0.2314129 0.1099389
vt 0.2283596 0.1122087
vt 0.2278815 0.1110341
vt 0.2304259 0.1091426
vt 0.1877632 -0.01912591
vt 0.1860091 -0.01648484
vt 0.1850989 -0.01736794
vt 0.1865962 -0.01962233
vt 0.008694315 -0.1228284
vt 0.009152958 -0.1201612
vt 0.007891524 -0.1200305
vt 0.00746168 -0.1225302
vt -0.1495146 -0.0226298
vt -0.1477655 -0.02079298
vt -0.1486233 -0.01985888
vt -0.1504895 -0.02181875
vt -0.2063171 0.09383424
vt -0.2040656 0.09533586
vt -0.2045643 0.09650188
vt -0.207202 0.0947427
vt -0.2281326 0.1459606
vt -0.2254188 0.1475998
vt -0.2257823 0.1488148
vt -0.2290389 0.1468477
vt -0.2295101 0.1253605
vt -0.2257111 0.125565
vt -0.2254605 0.1268081
vt -0.2298927 0.1265696
vt -0.2298054 0.05856631
vt -0.2253892 0.05901226
vt -0.2252835 0.06027604
vt -0.2301616 0.05978346
vt 0.1635285 -0.1516948
vt 0.1598559 -0.1484467
vt 0.158954 -0.1493383
vt 0.1627539 -0.1526989
vt 0.2283152 0.05188515
vt 0.2232608 0.05231656
vt 0.2232378 0.05104858
vt 0.2281229 0.05063162
vt 0.2294013 0.1189414
vt 0.2245049 0.1191932
vt 0.2246726 0.1179362
vt 0.2291054 0.1177082
vt 0.2295996 0.1463492
vt 0.2251655 0.1465496
vt 0.2254267 0.1453086
vt 0.2292274 0.1451368
vt 0.2295805 0.1266684
vt 0.2257814 0.1268728
vt 0.226032 0.1256296
vt 0.2291979 0.1254593
vt 0.229316 0.06003103
vt 0.2261616 0.06034956
vt 0.2262672 0.05908579
vt 0.2289598 0.05881389
vt -0.1618153 -0.1519741
vt -0.159788 -0.1501813
vt -0.1606899 -0.1492897
vt -0.1625899 -0.15097
vt -0.2269508 0.05081133
vt -0.2244236 0.05102703
vt -0.2244465 0.05229501
vt -0.227143 0.05206486
vt -0.2282486 0.1179138
vt -0.225546 0.1180528
vt -0.2253782 0.1193098
vt -0.2285444 0.119147
vt -0.2289144 0.1452329
vt -0.2257472 0.1453761
vt -0.2254859 0.146617
vt -0.2292866 0.1464453
vt -0.2220908 0.1463134
vt -0.2188191 0.1443716
vt -0.2179197 0.1452657
vt -0.2217367 0.1475312
vt -0.1794693 0.1965024
vt -0.176586 0.1931278
vt -0.1754873 0.1937612
vt -0.1786722 0.1974887
vt 0.01955302 0.2668841
vt 0.01869927 0.2620561
vt 0.01993049 0.2617522
vt 0.02081382 0.2667474
vt 0.1754614 0.2040024
vt 0.1716361 0.2006708
vt 0.1725312 0.1997724
vt 0.1762283 0.2029924
vt 0.2145617 0.1626798
vt 0.2102546 0.1603375
vt 0.2110541 0.1593531
vt 0.2149535 0.1614736
vt 0.2252551 0.1449092
vt 0.2212655 0.1429637
vt 0.2220887 0.141999
vt 0.2255083 0.1436665
vt 0.2214223 0.1474397
vt 0.2181506 0.1454979
vt 0.2190499 0.1446038
vt 0.2217763 0.146222
vt 0.1779871 0.1969349
vt 0.1759275 0.1945245
vt 0.1770262 0.193891
vt 0.1787842 0.1959485
vt -0.02068619 0.2655684
vt -0.02021494 0.2629035
vt -0.01898372 0.2632074
vt -0.01942539 0.2657051
vt -0.1752838 0.2022753
vt -0.1733711 0.2006095
vt -0.172476 0.2015079
vt -0.1745168 0.2032853
vt -0.2141155 0.1612014
vt -0.2117381 0.1599085
vt -0.2109385 0.1608929
vt -0.2137238 0.1624076
vt -0.2251875 0.1436011
vt -0.2223378 0.1422115
vt -0.2215146 0.1431763
vt -0.2249343 0.1448438
vt -0.2132915 0.1576616
vt -0.2115383 0.154285
vt -0.2103025 0.1545694
vt -0.2123478 0.1585088
vt -0.1421096 0.2169808
vt -0.1413318 0.2126108
vt -0.1400636 0.2126008
vt -0.1409228 0.2174278
vt -0.01276877 0.2460449
vt -0.01373067 0.2412373
vt -0.01250659 0.2409058
vt -0.01151135 0.2458799
vt 0.1060565 0.2140636
vt 0.1037094 0.2095665
vt 0.1048704 0.2090564
vt 0.107139 0.2134028
vt 0.1816572 0.1636503
vt 0.1788071 0.1596609
vt 0.1799565 0.159125
vt 0.1825367 0.1627367
vt 0.2184448 0.1367539
vt 0.2158547 0.1331493
vt 0.2170369 0.1326903
vt 0.219257 0.1357799
vt 0.212129 0.1582652
vt 0.2103759 0.1548886
vt 0.2116117 0.1546041
vt 0.2130727 0.157418
vt 0.1406123 0.2166032
vt 0.1400567 0.2134818
vt 0.1413249 0.2134918
vt 0.1417991 0.2161562
vt 0.01166567 0.2447041
vt 0.01219662 0.2420504
vt 0.0134207 0.242382
vt 0.01292309 0.2448691
vt -0.1065211 0.2123906
vt -0.1053475 0.2101421
vt -0.1041865 0.2106522
vt -0.1054387 0.2130514
vt -0.181902 0.1621256
vt -0.1803288 0.1599236
vt -0.1791794 0.1604595
vt -0.1810224 0.1630392
vt -0.2190055 0.1355702
vt -0.2171554 0.1329955
vt -0.2159733 0.1334546
vt -0.2181933 0.1365442
vt -0.2094323 0.1555765
vt -0.2095781 0.1517747
vt -0.2083632 0.1514109
vt -0.2081932 0.1558463
vt -0.1418301 0.1778605
vt -0.1426714 0.1735022
vt -0.1414912 0.1730381
vt -0.1405619 0.177852
vt -0.04144902 0.1662886
vt -0.04282426 0.1615825
vt -0.04163355 0.1611461
vt -0.04021064 0.1660152
vt 0.06426319 0.1349821
vt 0.0627349 0.130145
vt 0.06396704 0.1298448
vt 0.06544416 0.1345199
vt 0.1568956 0.1122553
vt 0.1556671 0.1075089
vt 0.1569322 0.1074212
vt 0.1580444 0.1117183
vt 0.213549 0.1213173
vt 0.2129786 0.1169155
vt 0.2142371 0.1170721
vt 0.214726 0.1208451
vt 0.2081235 0.1555264
vt 0.2082693 0.1517246
vt 0.2094841 0.1520885
vt 0.2093627 0.1552566
vt 0.1405677 0.176971
vt 0.1411687 0.173858
vt 0.1423489 0.1743222
vt 0.1418359 0.1769794
vt 0.04046634 0.1648572
vt 0.04122545 0.1622595
vt 0.04241616 0.162696
vt 0.04170471 0.1651306
vt -0.06501197 0.1334155
vt -0.06424783 0.130997
vt -0.06301568 0.1312972
vt -0.06383102 0.1338778
vt -0.1576713 0.1109201
vt -0.1569932 0.1083001
vt -0.1557281 0.1083879
vt -0.1565225 0.1114572
vt -0.2146041 0.1205412
vt -0.2141966 0.1173971
vt -0.2129381 0.1172404
vt -0.2134271 0.1210135
vt -0.2121077 0.1459931
vt -0.2140447 0.1427185
vt -0.2131492 0.1418205
vt -0.2108894 0.1456408
vt -0.1637248 0.1213502
vt -0.1660428 0.1175648
vt -0.1651008 0.1167158
vt -0.1625404 0.120897
vt -0.08022125 0.05792814
vt -0.08231058 0.05349276
vt -0.08120209 0.05287669
vt -0.07904035 0.05746577
vt 0.03455856 0.01136802
vt 0.03350402 0.006406086
vt 0.03475938 0.00622614
vt 0.0357786 0.01102188
vt 0.1510654 0.03410255
vt 0.1515749 0.02922625
vt 0.1527908 0.02958665
vt 0.1523295 0.03400128
vt 0.2138948 0.1055392
vt 0.2155531 0.1014219
vt 0.2165737 0.1021747
vt 0.2151523 0.1057038
vt 0.2109803 0.1453263
vt 0.2129173 0.1420517
vt 0.2138128 0.1429497
vt 0.2121986 0.1456785
vt 0.1628552 0.1200741
vt 0.1645109 0.1173703
vt 0.165453 0.1182194
vt 0.1640397 0.1205273
vt 0.07947268 0.05636143
vt 0.08062595 0.05391318
vt 0.08173444 0.05452926
vt 0.08065358 0.0568238
vt -0.03545483 0.009880977
vt -0.03492756 0.007400014
vt -0.03367221 0.007579959
vt -0.03423479 0.01022712
vt -0.1522592 0.03312303
vt -0.1525405 0.0304314
vt -0.1513246 0.030071
vt -0.1509951 0.03322431
vt -0.2151948 0.1053792
vt -0.2163793 0.1024383
vt -0.2153588 0.1016854
vt -0.2139374 0.1052145
vt -0.2187083 0.1371032
vt -0.2219649 0.1351362
vt -0.2216014 0.1339212
vt -0.217802 0.1362161
vt -0.1985633 0.0886469
vt -0.202256 0.08618404
vt -0.2017573 0.08501802
vt -0.1976784 0.08773844
vt -0.1452895 -0.02151682
vt -0.1486705 -0.02506742
vt -0.1478127 -0.02600152
vt -0.1443145 -0.02232787
vt 0.004600303 -0.1181778
vt 0.003740614 -0.1231772
vt 0.005002052 -0.1233079
vt 0.005832942 -0.1184759
vt 0.1762739 -0.02191061
vt 0.1789863 -0.02599479
vt 0.1798965 -0.02511169
vt 0.1774409 -0.02141419
vt 0.2192098 0.100432
vt 0.222772 0.09778388
vt 0.2232501 0.09895848
vt 0.2201968 0.1012283
vt 0.2180311 0.1359821
vt 0.2212877 0.134015
vt 0.2216512 0.13523
vt 0.2189373 0.1368692
vt 0.1983095 0.08712373
vt 0.2009472 0.08536455
vt 0.2014459 0.08653057
vt 0.1991944 0.08803219
vt 0.1450729 -0.02323963
vt 0.1469391 -0.0251995
vt 0.1477969 -0.0242654
vt 0.1460478 -0.02242858
vt -0.005554034 -0.1196285
vt -0.005124191 -0.1221282
vt -0.003862757 -0.1219975
vt -0.004321399 -0.1193304
vt -0.1777858 -0.02222487
vt -0.179283 -0.02447926
vt -0.1783728 -0.02536236
vt -0.1766188 -0.02272129
vt -0.2204024 0.1009735
vt -0.2229469 0.09908196
vt -0.2224687 0.09790736
vt -0.2194154 0.1001772
vt -0.2248682 0.1329488
vt -0.2286689 0.1327771
vt -0.2289302 0.1315361
vt -0.224496 0.1317365
vt -0.2242384 0.1094908
vt -0.2286712 0.1092628
vt -0.2288389 0.1080058
vt -0.2239425 0.1082576
vt -0.2230496 0.04884351
vt -0.2279347 0.04842656
vt -0.2279118 0.04715857
vt -0.2228574 0.04758998
vt -0.1620969 -0.1457845
vt -0.1658968 -0.1491451
vt -0.1649949 -0.1500367
vt -0.1613223 -0.1467886
vt 0.2241834 0.04938142
vt 0.2290615 0.04888883
vt 0.2289558 0.05015261
vt 0.2245396 0.05059856
vt 0.2246636 0.1120014
vt 0.2290958 0.1117628
vt 0.2288452 0.113006
vt 0.2250461 0.1132105
vt 0.2248091 0.1316404
vt 0.2286098 0.1314686
vt 0.2283484 0.1327096
vt 0.2251812 0.1328527
vt 0.2247993 0.1080521
vt 0.2279656 0.1078893
vt 0.2277978 0.1091463
vt 0.2250951 0.1092853
vt 0.2240296 0.04741028
vt 0.2267261 0.04718013
vt 0.226749 0.04844811
vt 0.2242219 0.04866381
vt 0.1622621 -0.1475121
vt 0.164162 -0.1491924
vt 0.1650639 -0.1483009
vt 0.1630367 -0.146508
vt -0.2253852 0.05035121
vt -0.2280778 0.05007932
vt -0.2281834 0.04881554
vt -0.225029 0.04913406
vt -0.2253583 0.1131117
vt -0.2285242 0.1129413
vt -0.2287748 0.1116981
vt -0.2249758 0.1119026
vt -0.2275115 0.1308783
vt -0.2309311 0.1325459
vt -0.2317543 0.1315811
vt -0.2277647 0.1296357
vt -0.2150942 0.151924
vt -0.2189935 0.1540445
vt -0.2197931 0.1530601
vt -0.2154859 0.1507178
vt -0.1739843 0.1981038
vt -0.1776815 0.2013238
vt -0.1785766 0.2004254
vt -0.1747513 0.1970938
vt -0.01525912 0.2625782
vt -0.01614245 0.2675734
vt -0.01737366 0.2672694
vt -0.01651992 0.2624415
vt 0.1838124 0.186648
vt 0.1869973 0.1903755
vt 0.1858987 0.191009
vt 0.1830153 0.1876344
vt 0.2254879 0.1325143
vt 0.2293049 0.1347797
vt 0.2284056 0.1356739
vt 0.2251339 0.1337321
vt 0.2280855 0.1297011
vt 0.2315052 0.1313686
vt 0.230682 0.1323333
vt 0.2278323 0.1309437
vt 0.2163239 0.15099
vt 0.2191092 0.1525046
vt 0.2183096 0.153489
vt 0.2159322 0.1521961
vt 0.1756958 0.197811
vt 0.1777366 0.1995884
vt 0.1768415 0.2004868
vt 0.1749288 0.198821
vt 0.01664822 0.2636205
vt 0.0170899 0.2661181
vt 0.01585868 0.2664221
vt 0.01538742 0.2637572
vt -0.1837007 0.1881881
vt -0.1854587 0.1902456
vt -0.1865573 0.1896121
vt -0.1844978 0.1872017
vt -0.2254483 0.1338235
vt -0.2281747 0.1354417
vt -0.229074 0.1345475
vt -0.2258023 0.1326057
vt 0.05079624 -0.04393501
vt 0.05035225 -0.04275345
vt 0.0440751 -0.04511217
vt 0.04451909 -0.04629374
vt 0.1238008 -0.1390122
vt 0.1231364 -0.137939
vt 0.1174348 -0.1414685
vt 0.1180992 -0.1425418
vt 0.2607251 -0.003260762
vt 0.2594746 -0.003089739
vt 0.258566 -0.00973358
vt 0.2598166 -0.009904606
vt 0.1296207 0.2333521
vt 0.1288796 0.2323304
vt 0.1343075 0.228393
vt 0.1350487 0.2294147
vt 0.04396223 0.198134
vt 0.04349739 0.1969605
vt 0.04973176 0.194491
vt 0.05019661 0.1956645
vt -0.004379786 0.08820057
vt -0.004779656 0.08700337
vt 0.001580636 0.08487901
vt 0.001980506 0.08607621
vt -0.05035232 -0.04275348
vt -0.05079631 -0.04393504
vt -0.04451915 -0.04629376
vt -0.04407516 -0.0451122
vt -0.1231364 -0.137939
vt -0.1238008 -0.1390123
vt -0.1180991 -0.1425418
vt -0.1174348 -0.1414685
vt -0.2594746 -0.003089762
vt -0.2607251 -0.003260785
vt -0.2598166 -0.009904629
vt -0.258566 -0.009733606
vt -0.1288795 0.2323304
vt -0.1296207 0.2333521
vt -0.1350487 0.2294147
vt -0.1343075 0.228393
vt -0.04349737 0.1969605
vt -0.04396222 0.198134
vt -0.0501966 0.1956645
vt -0.04973175 0.194491
vt 0.00477959 0.08700337
vt 0.004379719 0.08820058
vt -0.001980572 0.08607622
vt -0.001580702 0.08487902
vt -0.2639118 0.06903812
vt -0.2632315 0.06797494
vt -0.2621107 0.06739436
vt -0.2608498 0.06745196
vt -0.2597867 0.0681323
vt -0.2592061 0.06925307
vt -0.2592637 0.07051398
vt -0.259944 0.07157715
vt -0.2610648 0.07215773
vt -0.2623257 0.07210014
vt -0.2633888 0.07141981
vt -0.2639694 0.07029904
vt 0.2639694 0.07029904
vt 0.2633888 0.07141982
vt 0.2623257 0.07210015
vt 0.2610648 0.07215775
vt 0.259944 0.07157717
vt 0.2592637 0.07051399
vt 0.2592061 0.06925308
vt 0.2597866 0.0681323
vt 0.2608498 0.06745198
vt 0.2621107 0.06739438
vt 0.2632315 0.06797495
vt 0.2639118 0.06903814
vt -0.1755272 0.1077456
vt -0.1760624 0.1083081
vt -0.1762886 0.1081823
vt -0.1756642 0.107526
vt -0.1511221 0.1311598
vt -0.1517398 0.1318224
vt -0.1519582 0.1316835
vt -0.1512759 0.1309516
vt -0.0977051 0.1739679
vt -0.09826065 0.1748001
vt -0.09848504 0.1746711
vt -0.09791026 0.1738101
vt 7.568308E-05 0.204483
vt -0.0001637713 0.2054901
vt -0.0004109979 0.2054136
vt -0.0001795612 0.2044401
vt 0.1155619 0.1755342
vt 0.1158133 0.1765027
vt 0.1155551 0.1765207
vt 0.1153275 0.1756439
vt 0.1718953 0.1224804
vt 0.1724156 0.123222
vt 0.1721732 0.1233129
vt 0.1717273 0.1226772
vt 0.1757208 0.1075613
vt 0.1762561 0.1081239
vt 0.1760299 0.1082497
vt 0.1755839 0.107781
vt 0.1514205 0.1310585
vt 0.1518617 0.1315318
vt 0.1516433 0.1316707
vt 0.1512667 0.1312667
vt 0.09805791 0.1740018
vt 0.09836458 0.1744612
vt 0.09814017 0.1745901
vt 0.09785277 0.1741596
vt 0.0002194423 0.2046788
vt 0.0003391717 0.2051824
vt 9.194743E-05 0.205259
vt -3.580445E-05 0.2047216
vt -0.1154037 0.1758068
vt -0.1155424 0.1763414
vt -0.1158006 0.1763233
vt -0.1156381 0.175697
vt -0.1717782 0.1227206
vt -0.1721498 0.1232503
vt -0.1723921 0.1231594
vt -0.1719462 0.1225237
vt -0.1734747 0.09830025
vt -0.1736821 0.09904849
vt -0.1739409 0.09904391
vt -0.1736989 0.09817095
vt -0.1300195 0.1006394
vt -0.1303487 0.1014834
vt -0.1306029 0.1014351
vt -0.1302394 0.1005028
vt -0.05898754 0.12824
vt -0.05935637 0.1291702
vt -0.05960282 0.1290911
vt -0.05922119 0.1281287
vt 0.02642722 0.1552437
vt 0.02612738 0.1562347
vt 0.02588523 0.1561433
vt 0.02617503 0.1551856
vt 0.1120298 0.1566333
vt 0.1119013 0.1576257
vt 0.111655 0.157546
vt 0.1117713 0.1566477
vt 0.1696691 0.1272234
vt 0.169745 0.128126
vt 0.1694899 0.1280826
vt 0.1694248 0.1273088
vt 0.1737323 0.09822884
vt 0.1739397 0.09897709
vt 0.1736809 0.09898167
vt 0.173508 0.09835813
vt 0.1303342 0.1006556
vt 0.1305693 0.1012584
vt 0.1303151 0.1013067
vt 0.1301144 0.1007922
vt 0.05932534 0.1283472
vt 0.05952894 0.1288606
vt 0.05928249 0.1289397
vt 0.05909168 0.1284585
vt -0.0261206 0.1554214
vt -0.02597068 0.1559168
vt -0.02621283 0.1560082
vt -0.02637279 0.1554796
vt -0.1117812 0.1568272
vt -0.1117103 0.1573749
vt -0.1119566 0.1574546
vt -0.1120397 0.1568129
vt -0.1694469 0.1273719
vt -0.1695011 0.1280167
vt -0.1697563 0.1280601
vt -0.1696912 0.1272864
vt -0.1735667 0.0878269
vt -0.1733866 0.08858219
vt -0.1736153 0.08870324
vt -0.1738254 0.08782208
vt -0.1205261 0.04197191
vt -0.1205498 0.04287747
vt -0.1208054 0.04291816
vt -0.1207792 0.0419179
vt -0.03138566 0.03808755
vt -0.03165194 0.03905208
vt -0.03190548 0.03900006
vt -0.03162997 0.03800212
vt 0.05688467 0.07517713
vt 0.05645797 0.07612038
vt 0.05622983 0.07599814
vt 0.05664224 0.07508649
vt 0.1269694 0.1160822
vt 0.1265112 0.1169717
vt 0.1263067 0.1168131
vt 0.1267215 0.1160078
vt 0.1710669 0.1244734
vt 0.1707024 0.1253027
vt 0.170499 0.1251426
vt 0.1708114 0.1244318
vt 0.1738267 0.08788888
vt 0.1736466 0.08864416
vt 0.1734178 0.0885231
vt 0.1735679 0.0878937
vt 0.1208167 0.04209374
vt 0.1208337 0.04274056
vt 0.1205781 0.04269988
vt 0.1205636 0.04214776
vt 0.03170984 0.03823058
vt 0.03185683 0.03876298
vt 0.03160329 0.03881499
vt 0.03146554 0.03831602
vt -0.05655747 0.0753132
vt -0.05634411 0.07578482
vt -0.05657225 0.07590705
vt -0.05679989 0.07540383
vt -0.1266698 0.11618
vt -0.1264169 0.116671
vt -0.1266215 0.1168296
vt -0.1269177 0.1162544
vt -0.1708007 0.1244977
vt -0.1705403 0.1250901
vt -0.1707437 0.1252502
vt -0.1710562 0.1245394
vt -0.1761359 0.0842288
vt -0.175593 0.08478396
vt -0.175727 0.08500543
vt -0.1763603 0.08435775
vt -0.1315258 -0.01329225
vt -0.1311765 -0.01245645
vt -0.131393 -0.01231462
vt -0.1317788 -0.01323784
vt -0.004017999 -0.06570252
vt -0.004247477 -0.0647286
vt -0.004502807 -0.06477093
vt -0.004265378 -0.06577861
vt 0.1031332 0.003029883
vt 0.1024769 0.003830465
vt 0.1022882 0.003653324
vt 0.1029226 0.002879558
vt 0.1526134 0.08490369
vt 0.1518442 0.08554359
vt 0.1517179 0.08531769
vt 0.1524143 0.08473837
vt 0.1746779 0.1199389
vt 0.1739663 0.1204995
vt 0.1738621 0.1202626
vt 0.1744719 0.119782
vt 0.176327 0.08441569
vt 0.1757842 0.08497085
vt 0.1756502 0.08474939
vt 0.1761026 0.08428675
vt 0.131741 -0.01306209
vt 0.1314915 -0.01246509
vt 0.131275 -0.01260691
vt 0.1314879 -0.01311651
vt 0.004336621 -0.06554733
vt 0.004463288 -0.06500975
vt 0.004207955 -0.0649674
vt 0.004089242 -0.06547124
vt -0.1027821 0.003076609
vt -0.1024539 0.003476901
vt -0.1026426 0.003654042
vt -0.1029928 0.003226935
vt -0.1522994 0.0848767
vt -0.1518748 0.08522991
vt -0.1520011 0.08545582
vt -0.1524985 0.08504202
vt -0.1744315 0.1198352
vt -0.1739232 0.1202357
vt -0.1740275 0.1204725
vt -0.1746374 0.119992
vt -0.1780268 0.09343587
vt -0.1772679 0.09359996
vt -0.1772576 0.09385858
vt -0.178143 0.09366713
vt -0.1717797 0.008665319
vt -0.1709478 0.009023836
vt -0.171005 0.009276253
vt -0.1719239 0.008880245
vt 0.0681525 -0.1385843
vt 0.06768524 -0.1376995
vt 0.06744879 -0.1378048
vt 0.06793223 -0.1387202
vt 0.1673873 0.01805406
vt 0.1663991 0.01836276
vt 0.1663387 0.01811111
vt 0.1672938 0.01781274
vt 0.1751046 0.09053315
vt 0.1741227 0.09072602
vt 0.1741202 0.09046721
vt 0.175009 0.09029261
vt 0.1774678 0.117327
vt 0.1765758 0.1174848
vt 0.1765958 0.1172267
vt 0.1773604 0.1170915
vt 0.1780833 0.09369718
vt 0.1773244 0.09386127
vt 0.1773347 0.09360265
vt 0.1779671 0.09346591
vt 0.1717746 0.008980338
vt 0.1711804 0.00923642
vt 0.1711231 0.008984
vt 0.1716304 0.008765412
vt -0.06780509 -0.1385143
vt -0.06754717 -0.1380259
vt -0.06778362 -0.1379207
vt -0.06802534 -0.1383784
vt -0.1670681 0.01790027
vt -0.166574 0.01805463
vt -0.1666345 0.01830629
vt -0.1671616 0.01814159
vt -0.1748419 0.09035894
vt -0.1743 0.09046539
vt -0.1743025 0.0907242
vt -0.1749374 0.09059948
vt -0.1772996 0.1171192
vt -0.1766625 0.1172319
vt -0.1766424 0.1174899
vt -0.177407 0.1173547
vt -0.1754563 0.1109899
vt -0.1747373 0.1106969
vt -0.1745828 0.1109045
vt -0.1754217 0.1112464
vt -0.1514014 0.1376908
vt -0.1507041 0.1371125
vt -0.1505052 0.1372781
vt -0.1512754 0.1379169
vt 0.04424044 0.2005978
vt 0.04393282 0.1996457
vt 0.04417321 0.1995498
vt 0.04449151 0.200535
vt 0.1560807 0.1389919
vt 0.1551821 0.1384777
vt 0.1553254 0.1382622
vt 0.1561939 0.1387592
vt 0.1729608 0.1225992
vt 0.1720207 0.1222566
vt 0.1721523 0.1220338
vt 0.1730035 0.1223439
vt 0.1771432 0.115477
vt 0.1762831 0.1151927
vt 0.1764232 0.114975
vt 0.1771604 0.1152187
vt 0.1753554 0.1112375
vt 0.1746364 0.1109444
vt 0.1747909 0.1107367
vt 0.1753901 0.110981
vt 0.1511183 0.1378294
vt 0.1506203 0.1374163
vt 0.1508192 0.1372507
vt 0.1512443 0.1376033
vt -0.04443257 0.2003002
vt -0.04426277 0.1997746
vt -0.04402237 0.1998705
vt -0.04418151 0.2003631
vt -0.1559763 0.1386533
vt -0.155527 0.1383962
vt -0.1553837 0.1386117
vt -0.1558631 0.138886
vt -0.1728261 0.1223143
vt -0.1723071 0.1221252
vt -0.1721755 0.1223481
vt -0.1727834 0.1225696
vt -0.1770938 0.1152143
vt -0.1764794 0.1150112
vt -0.1763393 0.1152288
vt -0.1770765 0.1154725
vt -0.1701061 0.124763
vt -0.1696602 0.1241273
vt -0.1694179 0.1242182
vt -0.1699381 0.1249598
vt -0.1138845 0.1769544
vt -0.1136569 0.1760776
vt -0.1133987 0.1760956
vt -0.1136501 0.1770642
vt 0.0008502829 0.2053091
vt 0.0006188437 0.2043356
vt 0.0008660703 0.204259
vt 0.001105524 0.2052662
vt 0.09767995 0.1752086
vt 0.09710516 0.1743475
vt 0.09732956 0.1742185
vt 0.09788511 0.1750508
vt 0.1503235 0.1332073
vt 0.1496412 0.1324754
vt 0.1498597 0.1323365
vt 0.1504773 0.1329992
vt 0.1740961 0.1102682
vt 0.1734717 0.1096119
vt 0.1736979 0.1094861
vt 0.1742331 0.1100486
vt 0.1698873 0.1249165
vt 0.1694414 0.1242808
vt 0.1696837 0.1241899
vt 0.1700553 0.1247196
vt 0.1135738 0.1769014
vt 0.1134112 0.176275
vt 0.1136694 0.176257
vt 0.1138082 0.1767916
vt -0.001065382 0.2050276
vt -0.0009376298 0.2044902
vt -0.0006904055 0.2045668
vt -0.000810135 0.2050704
vt -0.09773752 0.1748589
vt -0.09745013 0.1744284
vt -0.09722572 0.1745574
vt -0.09753238 0.1750167
vt -0.1503327 0.1328923
vt -0.1499561 0.1324883
vt -0.1497377 0.1326272
vt -0.1501788 0.1331005
vt -0.1741764 0.1100132
vt -0.1737304 0.1095445
vt -0.1735042 0.1096703
vt -0.1740395 0.1102329
vt -0.1669738 0.1282943
vt -0.1669087 0.1275205
vt -0.1666535 0.1274771
vt -0.1667295 0.1283797
vt -0.1099435 0.1573244
vt -0.1100598 0.1564261
vt -0.1098135 0.1563464
vt -0.109685 0.1573387
vt -0.02545294 0.1560124
vt -0.02574274 0.1550547
vt -0.02550059 0.1549633
vt -0.02520075 0.1559543
vt 0.0587029 0.1294479
vt 0.05832128 0.1284855
vt 0.05856771 0.1284065
vt 0.05893656 0.1293366
vt 0.1285209 0.102247
vt 0.1281573 0.1013147
vt 0.1284116 0.1012664
vt 0.1287407 0.1021104
vt 0.1710246 0.09985225
vt 0.1707826 0.09897929
vt 0.1710414 0.0989747
vt 0.1712488 0.09972294
vt 0.1667074 0.1283167
vt 0.1666423 0.1275429
vt 0.1668974 0.1275864
vt 0.1669517 0.1282312
vt 0.109675 0.1571592
vt 0.1097581 0.1565175
vt 0.1100044 0.1565972
vt 0.1099335 0.1571449
vt 0.02525516 0.1557184
vt 0.02541513 0.1551898
vt 0.02565728 0.1552812
vt 0.02550736 0.1557766
vt -0.05883252 0.1291181
vt -0.0586417 0.1286369
vt -0.05839526 0.128716
vt -0.05859886 0.1292294
vt -0.1286458 0.1019577
vt -0.1284451 0.1014431
vt -0.1281909 0.1014914
vt -0.128426 0.1020943
vt -0.1712154 0.09966508
vt -0.1710426 0.09904154
vt -0.1707838 0.09904612
vt -0.1709912 0.09979437
vt -0.1681874 0.1241266
vt -0.1684999 0.1234157
vt -0.1682965 0.1232557
vt -0.167932 0.1240849
vt -0.1247724 0.1160229
vt -0.1251871 0.1152176
vt -0.1249826 0.1150589
vt -0.1245245 0.1159485
vt -0.05581834 0.07581202
vt -0.05623075 0.07490036
vt -0.05600261 0.07477812
vt -0.05557591 0.07572138
vt 0.03097228 0.0392577
vt 0.03069677 0.03825976
vt 0.03095031 0.03820775
vt 0.03121659 0.03917227
vt 0.1185714 0.04297671
vt 0.1185452 0.04197645
vt 0.1188008 0.04201714
vt 0.1188245 0.04292269
vt 0.1706716 0.08800138
vt 0.1708817 0.08712021
vt 0.1711105 0.08724128
vt 0.1709304 0.08799656
vt 0.1679427 0.124019
vt 0.1682551 0.1233082
vt 0.1684585 0.1234683
vt 0.1681982 0.1240606
vt 0.1245762 0.1157763
vt 0.1248724 0.115201
vt 0.1250769 0.1153596
vt 0.124824 0.1158507
vt 0.05566067 0.07549466
vt 0.05588831 0.07499145
vt 0.05611644 0.07511368
vt 0.05590309 0.0755853
vt -0.03113669 0.03894382
vt -0.03099894 0.03844485
vt -0.0307454 0.03849686
vt -0.03089238 0.03902926
vt -0.118787 0.0427468
vt -0.1187725 0.04219468
vt -0.1185169 0.04215399
vt -0.1185339 0.04280082
vt -0.1709292 0.08792979
vt -0.1710792 0.08730038
vt -0.1708505 0.08717933
vt -0.1706704 0.08793461
vt -0.1722994 0.1182792
vt -0.1729093 0.1177986
vt -0.172805 0.1175618
vt -0.1720935 0.1181224
vt -0.1506141 0.08399083
vt -0.1513106 0.08341152
vt -0.1511842 0.08318561
vt -0.150415 0.08382551
vt -0.1019389 0.003367021
vt -0.1025734 0.002593255
vt -0.1023846 0.002416114
vt -0.1017282 0.003216696
vt 0.00356058 -0.06454891
vt 0.003323152 -0.06555659
vt 0.003578482 -0.06559893
vt 0.003807959 -0.064625
vt 0.129331 -0.01317639
vt 0.1297168 -0.01409961
vt 0.1299334 -0.01395779
vt 0.129584 -0.01312198
vt 0.1735632 0.08288973
vt 0.1741965 0.08224203
vt 0.1743305 0.0824635
vt 0.1737876 0.08301867
vt 0.172134 0.1180692
vt 0.1727439 0.1175887
vt 0.1728481 0.1178256
vt 0.1723399 0.118226
vt 0.1505299 0.08368715
vt 0.1510273 0.08327336
vt 0.1511536 0.08349927
vt 0.150729 0.08385247
vt 0.1018688 0.003019664
vt 0.102219 0.002592557
vt 0.1024077 0.002769698
vt 0.1020795 0.00316999
vt -0.003736761 -0.06485634
vt -0.003618048 -0.06536018
vt -0.003362716 -0.06531783
vt -0.003489383 -0.06478025
vt -0.1296218 -0.01329778
vt -0.1298348 -0.01380737
vt -0.1296183 -0.0139492
vt -0.1293688 -0.0133522
vt -0.1738209 0.08296078
vt -0.1742733 0.08249815
vt -0.1741394 0.08227668
vt -0.1735965 0.08283184
vt -0.1761561 0.1147403
vt -0.1769207 0.1146051
vt -0.1769408 0.114347
vt -0.1760488 0.1145048
vt -0.1737875 0.08877365
vt -0.1746764 0.08859906
vt -0.1746738 0.08834025
vt -0.173692 0.08853311
vt -0.166204 0.01768002
vt -0.1671591 0.01738165
vt -0.1670986 0.01712999
vt -0.1661104 0.0174387
vt -0.06830487 -0.1373527
vt -0.06878831 -0.1382681
vt -0.06855187 -0.1383734
vt -0.06808461 -0.1374886
vt 0.1701205 0.007223918
vt 0.1710394 0.006827909
vt 0.1710966 0.007080326
vt 0.1702647 0.007438844
vt 0.1766181 0.09090073
vt 0.1775035 0.09070928
vt 0.1774932 0.0909679
vt 0.1767343 0.091132
vt 0.1761096 0.1144771
vt 0.1768742 0.1143418
vt 0.1768541 0.1145999
vt 0.1762169 0.1147126
vt 0.1738591 0.08846675
vt 0.174494 0.08834204
vt 0.1744966 0.08860084
vt 0.1739546 0.08870731
vt 0.1663361 0.01735121
vt 0.1668633 0.01718652
vt 0.1669237 0.01743818
vt 0.1664297 0.01759253
vt 0.06821184 -0.1376945
vt 0.06845356 -0.1381522
vt 0.06869001 -0.138047
vt 0.06843209 -0.1375586
vt -0.170414 0.007338597
vt -0.1709213 0.007120008
vt -0.1708641 0.006867588
vt -0.1702698 0.007123672
vt -0.176794 0.09110204
vt -0.1774264 0.09096529
vt -0.1774367 0.09070668
vt -0.1766778 0.09087077
vt -0.1772158 0.1125776
vt -0.177953 0.1128213
vt -0.1780931 0.1126037
vt -0.177233 0.1123194
vt -0.1727432 0.1204122
vt -0.1735944 0.1207224
vt -0.173726 0.1204996
vt -0.1727858 0.1201569
vt -0.1555497 0.1378702
vt -0.1564182 0.1383672
vt -0.1565615 0.1381517
vt -0.155663 0.1376375
vt -0.04325191 0.1998475
vt -0.0435702 0.2008326
vt -0.04381059 0.2007367
vt -0.04350297 0.1997846
vt 0.1519318 0.1355581
vt 0.152702 0.1361969
vt 0.1525031 0.1363625
vt 0.1518058 0.1357842
vt 0.1757251 0.1081021
vt 0.1765639 0.1084441
vt 0.1764094 0.1086517
vt 0.1756904 0.1083586
vt 0.1772997 0.1123238
vt 0.1780369 0.1125675
vt 0.1778968 0.1127851
vt 0.1772824 0.112582
vt 0.1729632 0.1201866
vt 0.1735711 0.1204081
vt 0.1734395 0.120631
vt 0.1729206 0.1204419
vt 0.1558806 0.1377434
vt 0.1563599 0.1380177
vt 0.1562167 0.1382332
vt 0.1557674 0.1379761
vt 0.04356181 0.2000193
vt 0.04372096 0.2005119
vt 0.04348056 0.2006078
vt 0.04331076 0.2000823
vt -0.151963 0.1358717
vt -0.1523881 0.1362243
vt -0.152587 0.1360587
vt -0.1520889 0.1356456
vt -0.1757566 0.1083676
vt -0.1763558 0.1086118
vt -0.1765103 0.1084042
vt -0.1757913 0.1081111
vt 0.09753223 0.1847173
vt 0.09834596 0.184136
vt 0.1053208 0.1939008
vt 0.1045071 0.1944821
vt -0.0975314 0.1847177
vt -0.1045062 0.1944825
vt -0.10532 0.1939013
vt -0.09834513 0.1841365
vt -0.03208759 -0.006591725
vt -0.04419579 -0.0404944
vt -0.04325405 -0.04083074
vt -0.03114585 -0.006928065
vt 0.03208545 -0.006592627
vt 0.03114371 -0.006928963
vt 0.04325175 -0.04083169
vt 0.0441935 -0.04049536
vt -0.1927491 0.07736795
vt -0.2034822 0.08273451
vt -0.2195819 0.05053513
vt -0.2088488 0.04516857
vt 0.1927491 0.07736795
vt 0.2088488 0.04516857
vt 0.2195819 0.05053513
vt 0.2034822 0.08273451
vt -0.255174 0.05835286
vt -0.2573941 0.06144251
vt -0.2585763 0.06098345
vt -0.2559862 0.05737885
vt -0.2005818 0.09754835
vt -0.203162 0.10116
vt -0.2043114 0.1006241
vt -0.2014614 0.09663474
vt -0.1026316 0.1672312
vt -0.1049001 0.1715777
vt -0.1060612 0.1710676
vt -0.103714 0.1665705
vt 0.04152656 0.207842
vt 0.04053133 0.2128162
vt 0.03930724 0.2124847
vt 0.04026914 0.2076771
vt 0.1891182 0.165156
vt 0.1899773 0.169983
vt 0.1887092 0.169973
vt 0.1879314 0.165603
vt 0.261412 0.08508791
vt 0.2634573 0.08902726
vt 0.2622214 0.0893117
vt 0.2604683 0.08593512
vt 0.2562377 0.05758857
vt 0.2584577 0.06067822
vt 0.2572756 0.06113728
vt 0.2554255 0.05856256
vt 0.2020961 0.09724574
vt 0.2039392 0.09982552
vt 0.2027898 0.1003614
vt 0.2012166 0.09815935
vt 0.1043318 0.1675828
vt 0.105584 0.1699819
vt 0.1044229 0.1704921
vt 0.1032493 0.1682435
vt -0.04011482 0.2088529
vt -0.0396172 0.21134
vt -0.04084129 0.2116716
vt -0.04137223 0.2090179
vt -0.188242 0.1664275
vt -0.1887163 0.1690919
vt -0.1899844 0.1691019
vt -0.1894288 0.1659805
vt -0.2606871 0.08617876
vt -0.262148 0.0889926
vt -0.2633839 0.08870815
vt -0.2616307 0.08533157
vt -0.2530921 0.04617602
vt -0.253581 0.04994904
vt -0.2548395 0.05010565
vt -0.254269 0.04570379
vt -0.1728271 0.03584012
vt -0.1739393 0.04013719
vt -0.1752044 0.04004949
vt -0.1739759 0.03530303
vt -0.05422834 0.06442422
vt -0.05570544 0.06909927
vt -0.05693759 0.06879906
vt -0.05540929 0.063962
vt 0.07437621 0.1026676
vt 0.07295331 0.1075367
vt 0.0717626 0.1071003
vt 0.07313783 0.1023942
vt 0.1905491 0.1159872
vt 0.1896198 0.1208012
vt 0.1884397 0.120337
vt 0.1892809 0.1159788
vt 0.2615 0.08808541
vt 0.2613299 0.09252082
vt 0.2601151 0.09215696
vt 0.2602609 0.08835518
vt 0.2543909 0.04600769
vt 0.2548799 0.0497807
vt 0.2536214 0.04962408
vt 0.2532139 0.0464799
vt 0.1743491 0.0361012
vt 0.1751435 0.03917054
vt 0.1738784 0.03925825
vt 0.1732003 0.03663828
vt 0.05584142 0.06506636
vt 0.05665676 0.06764691
vt 0.05542461 0.0679471
vt 0.05466046 0.06552859
vt -0.07288204 0.1035522
vt -0.0721706 0.1059868
vt -0.07336131 0.1064233
vt -0.07412042 0.1038256
vt -0.1892752 0.1168598
vt -0.1887623 0.1195171
vt -0.1899425 0.1199813
vt -0.1905434 0.1168683
vt -0.2603305 0.08867513
vt -0.260209 0.09184326
vt -0.2614239 0.09220713
vt -0.2615697 0.08840536
vt -0.2551833 0.03685502
vt -0.2537619 0.04038411
vt -0.2547824 0.04113694
vt -0.2564407 0.03701968
vt -0.1677475 -0.04427337
vt -0.1672862 -0.03985874
vt -0.1685021 -0.03949834
vt -0.1690116 -0.04437464
vt -0.02014491 -0.06735773
vt -0.02116413 -0.062562
vt -0.02241949 -0.06274194
vt -0.02136495 -0.06770387
vt 0.1182384 -0.01259752
vt 0.1160767 -0.008008434
vt 0.1149682 -0.008624507
vt 0.1170575 -0.01305989
vt 0.2138542 0.05860879
vt 0.2112938 0.06278997
vt 0.2103518 0.06194095
vt 0.2126698 0.05815563
vt 0.263767 0.08460625
vt 0.2615072 0.0884266
vt 0.2606118 0.08752857
vt 0.2625487 0.084254
vt 0.2563982 0.03734431
vt 0.2549768 0.04087338
vt 0.2539563 0.04012055
vt 0.2551407 0.03717965
vt 0.169082 -0.04349639
vt 0.1687525 -0.04034308
vt 0.1675366 -0.04070348
vt 0.1678179 -0.04339511
vt 0.02168855 -0.06656303
vt 0.02225113 -0.06391588
vt 0.02099578 -0.06373592
vt 0.0204685 -0.0662169
vt -0.1166251 -0.01195569
vt -0.1155442 -0.009661144
vt -0.1166527 -0.009045072
vt -0.117806 -0.01149332
vt -0.212355 0.05897855
vt -0.2109417 0.06128649
vt -0.2118837 0.06213552
vt -0.2135394 0.05943172
vt -0.2624578 0.08456855
vt -0.2608437 0.08729738
vt -0.2617391 0.08819541
vt -0.2636761 0.08492082
vt -0.260404 0.0406343
vt -0.2573507 0.04290412
vt -0.2578288 0.0440787
vt -0.261391 0.04143059
vt -0.1999885 -0.08933336
vt -0.1975328 -0.08563586
vt -0.198443 -0.08475275
vt -0.2011555 -0.08883694
vt 0.01419959 -0.185568
vt 0.0133687 -0.1807361
vt 0.01210726 -0.1808668
vt 0.01296695 -0.1858662
vt 0.1896393 -0.0753947
vt 0.1861412 -0.07172106
vt 0.1852834 -0.07265516
vt 0.1886644 -0.07620576
vt 0.2473219 0.03688624
vt 0.2432431 0.03960666
vt 0.2427444 0.03844064
vt 0.246437 0.03597778
vt 0.2657343 0.08201388
vt 0.2619349 0.08430877
vt 0.2615714 0.08309378
vt 0.264828 0.08112673
vt 0.2611853 0.04168535
vt 0.258132 0.04395517
vt 0.2576539 0.04278057
vt 0.2601984 0.04088906
vt 0.2008107 -0.08802599
vt 0.1990567 -0.08538491
vt 0.1981465 -0.08626802
vt 0.1996437 -0.08852241
vt -0.01268839 -0.1847135
vt -0.01222975 -0.1820464
vt -0.01349118 -0.1819156
vt -0.01392103 -0.1844153
vt -0.1879059 -0.07529421
vt -0.1861568 -0.07345738
vt -0.1870145 -0.07252328
vt -0.1888808 -0.07448316
vt -0.2458059 0.03659263
vt -0.2435545 0.03809425
vt -0.2440532 0.03926027
vt -0.2466908 0.03750109
vt -0.264599 0.08136074
vt -0.2618851 0.08299993
vt -0.2622486 0.08421493
vt -0.2655053 0.08224788
vt -0.2629589 0.06024458
vt -0.2591599 0.06044904
vt -0.2589093 0.06169223
vt -0.2633415 0.06145368
vt -0.2618822 0.008945785
vt -0.257466 0.009391734
vt -0.2573604 0.01065552
vt -0.2622384 0.01016293
vt 0.2026972 -0.1631056
vt 0.1990246 -0.1598575
vt 0.1981227 -0.1607491
vt 0.2019226 -0.1641097
vt 0.2637776 0.03347258
vt 0.2587233 0.03390398
vt 0.2587003 0.03263599
vt 0.2635854 0.03221904
vt 0.2639617 0.07249733
vt 0.2590653 0.0727491
vt 0.2592331 0.07149206
vt 0.2636659 0.07126413
vt 0.2636333 0.08209478
vt 0.2591992 0.08229516
vt 0.2594605 0.08105419
vt 0.2632612 0.08088243
vt 0.2630293 0.06155245
vt 0.2592302 0.06175691
vt 0.2594808 0.06051373
vt 0.2626467 0.06034334
vt 0.2613928 0.01041049
vt 0.2582384 0.01072902
vt 0.258344 0.009465242
vt 0.2610366 0.009193348
vt -0.200984 -0.1633849
vt -0.1989568 -0.161592
vt -0.1998587 -0.1607005
vt -0.2017586 -0.1623808
vt -0.2624132 0.03239876
vt -0.259886 0.03261447
vt -0.259909 0.03388245
vt -0.2626055 0.03365229
vt -0.2628091 0.07146968
vt -0.2601064 0.07160865
vt -0.2599386 0.07286569
vt -0.2631049 0.07270288
vt -0.2629482 0.08097853
vt -0.2597809 0.08112166
vt -0.2595196 0.08236264
vt -0.2633203 0.08219089
vt -0.2585271 0.08354885
vt -0.2552554 0.08160703
vt -0.2543561 0.08250116
vt -0.258173 0.08476661
vt -0.2192211 0.1616147
vt -0.2163377 0.1582401
vt -0.215239 0.1588735
vt -0.218424 0.1626011
vt -9.747588E-05 0.2696468
vt -0.0009512268 0.2648188
vt 0.0002799884 0.2645148
vt 0.001163322 0.2695101
vt 0.186597 0.1901488
vt 0.1827716 0.1868172
vt 0.1836667 0.1859188
vt 0.1873639 0.1891389
vt 0.2384761 0.1172367
vt 0.2341689 0.1148944
vt 0.2349684 0.1139099
vt 0.2388678 0.1160305
vt 0.2561817 0.07988711
vt 0.2521921 0.07794164
vt 0.2530152 0.07697691
vt 0.2564349 0.07864445
vt 0.2578586 0.08467521
vt 0.2545869 0.08273339
vt 0.2554863 0.08183928
vt 0.2582127 0.08345746
vt 0.2177388 0.1620471
vt 0.2156792 0.1596367
vt 0.2167779 0.1590033
vt 0.2185359 0.1610608
vt -0.001035724 0.2683311
vt -0.0005644667 0.2656662
vt 0.0006667503 0.2659701
vt 0.0002250762 0.2684678
vt -0.1864193 0.1884218
vt -0.1845067 0.186756
vt -0.1836116 0.1876544
vt -0.1856523 0.1894318
vt -0.2380298 0.1157583
vt -0.2356524 0.1144654
vt -0.2348528 0.1154498
vt -0.2376381 0.1169644
vt -0.2561141 0.07857908
vt -0.2532644 0.07718947
vt -0.2524412 0.07815419
vt -0.2558608 0.07982172
vt -0.2512408 0.09501277
vt -0.2494877 0.09163619
vt -0.2482518 0.09192063
vt -0.2502971 0.09585997
vt -0.1803835 0.1714548
vt -0.1796057 0.1670848
vt -0.1783376 0.1670748
vt -0.1791967 0.1719018
vt -0.03713706 0.2120505
vt -0.03809896 0.2072429
vt -0.03687488 0.2069114
vt -0.03587964 0.2118855
vt 0.1018556 0.1732626
vt 0.09950841 0.1687655
vt 0.1006695 0.1682553
vt 0.102938 0.1726018
vt 0.1954015 0.1069894
vt 0.1925515 0.103
vt 0.1937009 0.1024641
vt 0.1962811 0.1060758
vt 0.2465344 0.06963617
vt 0.2439443 0.06603158
vt 0.2451265 0.06557252
vt 0.2473466 0.06866217
vt 0.2500784 0.09561636
vt 0.2483253 0.09223978
vt 0.2495611 0.09195534
vt 0.2510221 0.09476916
vt 0.1788863 0.1710772
vt 0.1783307 0.1679558
vt 0.1795989 0.1679658
vt 0.1800731 0.1706302
vt 0.03603397 0.2107097
vt 0.03656492 0.208056
vt 0.037789 0.2083876
vt 0.03729139 0.2108746
vt -0.1023202 0.1715895
vt -0.1011466 0.169341
vt -0.09998554 0.1698512
vt -0.1012377 0.1722503
vt -0.1956464 0.1054647
vt -0.1940732 0.1032626
vt -0.1929238 0.1037985
vt -0.1947668 0.1063783
vt -0.2470951 0.06845247
vt -0.245245 0.06587775
vt -0.2440629 0.0663368
vt -0.2462829 0.06942646
vt -0.2477518 0.09168285
vt -0.2478976 0.08788107
vt -0.2466827 0.08751722
vt -0.2465126 0.09195262
vt -0.1801365 0.1187341
vt -0.1809778 0.1143759
vt -0.1797976 0.1139117
vt -0.1788683 0.1187257
vt -0.0696383 0.1064795
vt -0.07101354 0.1017735
vt -0.06982283 0.101337
vt -0.06839993 0.1062061
vt 0.05241417 0.0702282
vt 0.05088587 0.06539115
vt 0.05211801 0.06509094
vt 0.05359511 0.06976599
vt 0.1646036 0.04279314
vt 0.1633751 0.0380467
vt 0.1646403 0.03795899
vt 0.1657525 0.04225606
vt 0.2401342 0.0520112
vt 0.2395637 0.04760934
vt 0.2408222 0.04776596
vt 0.2413112 0.05153898
vt 0.2464429 0.0916327
vt 0.2465887 0.08783092
vt 0.2478036 0.08819479
vt 0.2476821 0.09136294
vt 0.1788742 0.1178447
vt 0.1794751 0.1147316
vt 0.1806553 0.1151958
vt 0.1801423 0.1178531
vt 0.06865562 0.1050481
vt 0.06941474 0.1024505
vt 0.07060545 0.102887
vt 0.069894 0.1053215
vt -0.05316295 0.06866165
vt -0.05239881 0.06624313
vt -0.05116666 0.06654333
vt -0.051982 0.06912387
vt -0.1653794 0.04145792
vt -0.1647013 0.03883796
vt -0.1634361 0.03892567
vt -0.1642305 0.041995
vt -0.2411892 0.05123509
vt -0.2407818 0.04809091
vt -0.2395233 0.04793429
vt -0.2400123 0.05170731
vt -0.2499629 0.08122964
vt -0.2518998 0.07795507
vt -0.2510044 0.07705703
vt -0.2487446 0.08087738
vt -0.2031399 0.05752468
vt -0.2054579 0.05373936
vt -0.2045159 0.05289034
vt -0.2019555 0.05707152
vt -0.1129662 -0.009567542
vt -0.1150556 -0.01400292
vt -0.1139471 -0.014619
vt -0.1117853 -0.01002991
vt 0.01777953 -0.06175581
vt 0.01672499 -0.06671774
vt 0.01798035 -0.0668977
vt 0.01899957 -0.06210195
vt 0.1576113 -0.04063629
vt 0.1581208 -0.04551259
vt 0.1593367 -0.04515219
vt 0.1588754 -0.04073756
vt 0.2410279 0.03559715
vt 0.2426862 0.0314799
vt 0.2437067 0.03223273
vt 0.2422854 0.03576181
vt 0.2488355 0.08056283
vt 0.2507725 0.07728824
vt 0.2516679 0.07818627
vt 0.2500538 0.0809151
vt 0.2022703 0.05624864
vt 0.2039261 0.05354484
vt 0.2048681 0.05439387
vt 0.2034548 0.0567018
vt 0.1122177 -0.01113425
vt 0.1133709 -0.01358251
vt 0.1144794 -0.01296643
vt 0.1133986 -0.01067189
vt -0.01867579 -0.06324285
vt -0.01814852 -0.06572382
vt -0.01689317 -0.06554388
vt -0.01745575 -0.06289671
vt -0.1588051 -0.04161581
vt -0.1590864 -0.04430743
vt -0.1578705 -0.04466784
vt -0.157541 -0.04151453
vt -0.2423279 0.03543716
vt -0.2435124 0.03249625
vt -0.2424918 0.03174342
vt -0.2410704 0.03527249
vt -0.2551746 0.0725034
vt -0.2584313 0.07053635
vt -0.2580678 0.06932136
vt -0.2542684 0.07161625
vt -0.2380521 0.0314053
vt -0.2417448 0.02894244
vt -0.2412461 0.02777642
vt -0.2371672 0.03049684
vt -0.1836808 -0.07418123
vt -0.1870618 -0.07773183
vt -0.186204 -0.07866593
vt -0.1827058 -0.07499228
vt -0.01678239 -0.1800629
vt -0.01764208 -0.1850623
vt -0.01638064 -0.185193
vt -0.01554975 -0.1803611
vt 0.1893214 -0.09081069
vt 0.1920339 -0.09489487
vt 0.192944 -0.09401177
vt 0.1904884 -0.09031426
vt 0.2489823 0.0321785
vt 0.2525445 0.02953039
vt 0.2530226 0.03070497
vt 0.2499693 0.03297479
vt 0.2544974 0.07138224
vt 0.257754 0.0694152
vt 0.2581175 0.07063019
vt 0.2554037 0.07226939
vt 0.2377984 0.02988211
vt 0.240436 0.02812294
vt 0.2409347 0.02928895
vt 0.2386833 0.03079057
vt 0.1834642 -0.07590405
vt 0.1853304 -0.07786392
vt 0.1861882 -0.07692982
vt 0.1844391 -0.07509299
vt 0.01582867 -0.1815137
vt 0.01625851 -0.1840134
vt 0.01751995 -0.1838827
vt 0.01706131 -0.1812155
vt -0.1908334 -0.09112494
vt -0.1923306 -0.09337933
vt -0.1914204 -0.09426244
vt -0.1896663 -0.09162137
vt -0.2501749 0.03271998
vt -0.2527193 0.03082846
vt -0.2522412 0.02965387
vt -0.2491879 0.03192369
vt -0.258902 0.06869444
vt -0.2627026 0.06852267
vt -0.2629639 0.06728169
vt -0.2585298 0.06748208
vt -0.2587988 0.06304668
vt -0.2632316 0.06281874
vt -0.2633994 0.0615617
vt -0.258503 0.06181347
vt -0.2585121 0.03043097
vt -0.2633972 0.03001402
vt -0.2633742 0.02874603
vt -0.2583198 0.02917744
vt -0.2012657 -0.1571952
vt -0.2050656 -0.1605559
vt -0.2041637 -0.1614474
vt -0.200491 -0.1581994
vt 0.2562602 -0.0002391268
vt 0.2611383 -0.0007317165
vt 0.2610326 0.0005320664
vt 0.2566164 0.0009780171
vt 0.2581124 0.04688544
vt 0.2625446 0.0466469
vt 0.262294 0.04789009
vt 0.2584949 0.04809453
vt 0.2588428 0.06738599
vt 0.2626435 0.06721424
vt 0.2623822 0.06845523
vt 0.259215 0.06859836
vt 0.2593597 0.06160797
vt 0.262526 0.06144515
vt 0.2623582 0.06270219
vt 0.2596555 0.06284117
vt 0.259492 0.02899774
vt 0.2621885 0.02876759
vt 0.2622115 0.03003557
vt 0.2596843 0.03025127
vt 0.2014308 -0.1589227
vt 0.2033308 -0.160603
vt 0.2042327 -0.1597115
vt 0.2022054 -0.1579186
vt -0.257462 0.0007306564
vt -0.2601546 0.0004587624
vt -0.2602603 -0.0008050184
vt -0.2571058 -0.0004864898
vt -0.2588071 0.04799575
vt -0.2619731 0.04782537
vt -0.2622236 0.0465822
vt -0.2584246 0.04678666
vt -0.258438 0.06585626
vt -0.2618577 0.0675238
vt -0.2626808 0.06655907
vt -0.2586913 0.06461361
vt -0.2390085 0.1064809
vt -0.2429078 0.1086014
vt -0.2437073 0.107617
vt -0.2394002 0.1052747
vt -0.1851199 0.1842503
vt -0.1888171 0.1874703
vt -0.1897122 0.1865719
vt -0.1858869 0.1832403
vt 0.004391419 0.2653409
vt 0.00350809 0.2703361
vt 0.002276875 0.2700321
vt 0.003130622 0.2652042
vt 0.2235641 0.1517603
vt 0.226749 0.1554878
vt 0.2256504 0.1561213
vt 0.222767 0.1527467
vt 0.2619243 0.06974975
vt 0.2657413 0.0720152
vt 0.2648419 0.07290933
vt 0.2615702 0.07096751
vt 0.2590121 0.06467901
vt 0.2624318 0.06634654
vt 0.2616086 0.06731126
vt 0.2587589 0.06592165
vt 0.2402382 0.1055468
vt 0.2430235 0.1070615
vt 0.2422239 0.1080459
vt 0.2398465 0.106753
vt 0.1868313 0.1839575
vt 0.1888721 0.1857349
vt 0.187977 0.1866333
vt 0.1860643 0.1849675
vt -0.00300224 0.2663831
vt -0.002560569 0.2688808
vt -0.003791782 0.2691848
vt -0.004263039 0.2665198
vt -0.2234524 0.1533003
vt -0.2252104 0.1553579
vt -0.226309 0.1547244
vt -0.2242495 0.152314
vt -0.2618846 0.07105894
vt -0.264611 0.07267712
vt -0.2655104 0.07178301
vt -0.2622387 0.06984119
vt 0.07077824 -0.1038442
vt 0.06992079 -0.1019595
vt 0.05990835 -0.1065148
vt 0.06076581 -0.1083995
vt 0.1844474 -0.1367093
vt 0.1829062 -0.1353265
vt 0.1755603 -0.1435141
vt 0.1771014 -0.1448969
vt 0.2173986 0.1654705
vt 0.2156578 0.1643495
vt 0.2216133 0.1551011
vt 0.2233541 0.1562221
vt 0.08914534 0.2275469
vt 0.08822399 0.2256926
vt 0.09807495 0.2207979
vt 0.0989963 0.2226521
vt 0.0294411 0.1482001
vt 0.02875382 0.146247
vt 0.03913018 0.1425958
vt 0.03981745 0.1445489
vt -0.01509092 0.02199344
vt -0.01576388 0.02003529
vt -0.005361069 0.01646015
vt -0.00468811 0.01841829
vt -0.06992086 -0.1019595
vt -0.07077833 -0.1038442
vt -0.06076588 -0.1083995
vt -0.05990843 -0.1065149
vt -0.1829062 -0.1353265
vt -0.1844474 -0.1367093
vt -0.1771014 -0.1448969
vt -0.1755603 -0.1435142
vt -0.2156578 0.1643494
vt -0.2173987 0.1654704
vt -0.2233541 0.1562221
vt -0.2216133 0.155101
vt -0.08822399 0.2256926
vt -0.08914534 0.2275469
vt -0.0989963 0.2226521
vt -0.09807496 0.2207979
vt -0.02875381 0.1462469
vt -0.02944108 0.1482001
vt -0.03981743 0.1445489
vt -0.03913016 0.1425957
vt 0.01576382 0.02003528
vt 0.01509087 0.02199342
vt 0.004688062 0.01841828
vt 0.005361021 0.01646013
vt -0.2657071 0.07296173
vt -0.2650838 0.07098723
vt -0.2635567 0.06958894
vt -0.261535 0.06914154
vt -0.2595606 0.0697649
vt -0.2581623 0.07129199
vt -0.2577149 0.07331362
vt -0.2583382 0.07528812
vt -0.2598653 0.0766864
vt -0.261887 0.07713379
vt -0.2638614 0.07651044
vt -0.2652597 0.07498335
vt 0.2652597 0.07498335
vt 0.2638614 0.07651044
vt 0.261887 0.07713379
vt 0.2598653 0.0766864
vt 0.2583382 0.07528811
vt 0.2577149 0.07331362
vt 0.2581623 0.07129198
vt 0.2595606 0.0697649
vt 0.261535 0.06914154
vt 0.2635567 0.06958894
vt 0.2650838 0.07098721
vt 0.2657071 0.0729617
vt -0.2577433 0.08172148
vt -0.2504424 0.07845025
vt -0.2528661 0.08282827
vt 0.2582217 0.08039854
vt 0.2561228 0.09706078
vt 0.2406535 0.09001075
vt -0.2534371 0.08140506
vt -0.240733 0.08992595
vt -0.2561879 0.09700739
vt -0.2537673 0.0857842
vt -0.2514166 0.08136655
vt -0.2409767 0.09417476
vt 0.2407129 0.09070402
vt 0.25102 0.07778866
vt 0.2582949 0.08111711
vt -0.2572874 0.07675371
vt -0.2524158 0.07788461
vt -0.2554091 0.09344225
vt -0.2757057 0.07751564
vt -0.271994 0.08460277
vt -0.2765121 0.08245142
vt 0.2752755 0.07115322
vt 0.2918563 0.07382019
vt 0.284282 0.08903955
vt -0.2759352 0.07465613
vt -0.284097 0.08759389
vt -0.2916085 0.07234338
vt -0.2765499 0.07815916
vt -0.2720533 0.08035497
vt -0.2844911 0.09123351
vt 0.2843695 0.08962281
vt 0.2718265 0.07886578
vt 0.27541 0.07171296
vt -0.2751581 0.0722055
vt -0.276066 0.07712362
vt -0.2917438 0.07484197
vt -0.2452644 0.05898387
vt -0.2487335 0.0517749
vt -0.244291 0.05407831
vt 0.2468638 0.06641018
vt 0.2303154 0.06354903
vt 0.2380677 0.0484195
vt -0.2461866 0.06282018
vt -0.2382898 0.049719
vt -0.2304695 0.06481351
vt -0.2452783 0.05998809
vt -0.2497462 0.05773443
vt -0.2371691 0.04701731
vt 0.2378987 0.04787774
vt 0.2503749 0.05871221
vt 0.2467472 0.0658427
vt -0.2469452 0.06560046
vt -0.2461169 0.06066832
vt -0.2304043 0.06269631
vt 0 0
vt 0 0
vt 0 0
vt 0 0
vt 0 0
vt 0 0
vt 0 0
vt 0 0
vt 0 0
vt 0 0
vt 0 0
vt 0 0
vt 0 0
vt 0 0
vt 0 0
vt 0 0
vt 0 0
vt 0 0
vt 0 0
vt 0 0
vt 0 0
vt 0 0
vt 0 0
vt 0 0
vt 0 0
vt 0 0
vt 0 0
vt 0 0
vt 0 0
vt 0 0
vt 0 0
vt 0 0
vt 0 0
vt 0 0
vt 0 0
vt 0 0
vt 0.0449558 0.1187546
vt 0.04478113 0.1187835
vt 0.0446491 0.1184622
vt 0.04497737 0.1184079
vt 0.0915622 0.09906436
vt 0.09141871 0.09916805
vt 0.09115736 0.09893934
vt 0.09142704 0.09874444
vt 0.1220269 0.0651836
vt 0.1219401 0.06533787
vt 0.121607 0.06523963
vt 0.1217702 0.06494971
vt 0.1349908 0.02287303
vt 0.1349752 0.02304938
vt 0.1346311 0.02309695
vt 0.1346606 0.02276553
vt 0.1275202 -0.02896353
vt 0.1275877 -0.02879985
vt 0.1273044 -0.0285989
vt 0.1271776 -0.02890653
vt 0.083214 -0.087465
vt 0.08336626 -0.08737464
vt 0.08326047 -0.08704384
vt 0.08297433 -0.08721365
vt -0.006427056 -0.1084257
vt -0.006257384 -0.1084763
vt -0.006086137 -0.1081741
vt -0.006405016 -0.1080791
vt -0.07262626 -0.06526405
vt -0.07253111 -0.06541335
vt -0.07220384 -0.06529708
vt -0.07238267 -0.06501649
vt -0.09167443 -0.007485592
vt -0.09166558 -0.007662414
vt -0.09132365 -0.007723251
vt -0.09134027 -0.007390935
vt -0.08287529 0.04520851
vt -0.08294137 0.04504426
vt -0.08265641 0.04484572
vt -0.08253222 0.04515441
vt -0.05410717 0.08842912
vt -0.05423515 0.08830678
vt -0.05405754 0.08800833
vt -0.05381702 0.08823824
vt -0.008526521 0.1154636
vt -0.008695126 0.1154096
vt -0.008666002 0.1150635
vt -0.008349132 0.115165
vt 0.05712681 0.1736716
vt 0.05679948 0.1737312
vt 0.05668122 0.1734047
vt 0.05712224 0.1733243
vt 0.1271978 0.1394085
vt 0.1269336 0.1396107
vt 0.1266796 0.1393739
vt 0.1270355 0.1391014
vt 0.164664 0.09729341
vt 0.16449 0.09757705
vt 0.1641679 0.09744727
vt 0.1644023 0.09706513
vt 0.1812459 0.05766701
vt 0.1811631 0.05798927
vt 0.1808171 0.05796003
vt 0.1809286 0.05752584
vt 0.1852704 0.0115986
vt 0.1852886 0.01193083
vt 0.1849498 0.01200729
vt 0.1849253 0.01155968
vt 0.1609603 -0.07632007
vt 0.1611465 -0.07604435
vt 0.1608951 -0.07580479
vt 0.1606442 -0.07617628
vt -0.07653803 -0.1508563
vt -0.07626648 -0.1510486
vt -0.07602143 -0.1508026
vt -0.07638727 -0.1505435
vt -0.1552332 -0.04352622
vt -0.1551755 -0.04385391
vt -0.1548282 -0.04385138
vt -0.154906 -0.0434099
vt -0.1556061 0.02259529
vt -0.1556598 0.02226692
vt -0.1553312 0.02215463
vt -0.1552588 0.02259704
vt -0.1377037 0.07936888
vt -0.1378494 0.07906972
vt -0.1375668 0.07886788
vt -0.1373706 0.07927094
vt -0.09945144 0.1323714
vt -0.09968844 0.1321379
vt -0.09948924 0.1318534
vt -0.09916992 0.132168
vt -0.03139878 0.1716257
vt -0.03171276 0.1715156
vt -0.03165393 0.1711733
vt -0.03123092 0.1713217
vt 0.07329588 0.20382
vt 0.07285929 0.2039218
vt 0.07275081 0.2035919
vt 0.07324728 0.2034761
vt 0.1608483 0.1491932
vt 0.1605199 0.1494983
vt 0.1602619 0.1492657
vt 0.1606354 0.1489188
vt 0.191507 0.1092915
vt 0.1912792 0.1096776
vt 0.1909656 0.1095282
vt 0.1912247 0.1090892
vt 0.2007834 0.08999535
vt 0.2006202 0.09041286
vt 0.2002868 0.09031551
vt 0.2004724 0.08984074
vt 0.2013922 0.08328325
vt 0.201263 0.0837125
vt 0.2009228 0.0836422
vt 0.2010698 0.08315407
vt 0.1880614 0.1025135
vt 0.1878977 0.1029308
vt 0.1875644 0.1028332
vt 0.1877505 0.1023586
vt -0.1873111 0.09349884
vt -0.1875572 0.09312413
vt -0.1872849 0.09290852
vt -0.1870051 0.09333464
vt -0.2003662 0.04270094
vt -0.2004933 0.04227105
vt -0.2001702 0.04214347
vt -0.2000257 0.04263232
vt -0.1919084 0.06486331
vt -0.1920578 0.06444062
vt -0.1917418 0.0642964
vt -0.191572 0.06477706
vt -0.1758356 0.1025714
vt -0.1760399 0.1021724
vt -0.175746 0.1019873
vt -0.1755136 0.102441
vt -0.1414939 0.151586
vt -0.1417871 0.1512469
vt -0.1415455 0.1509974
vt -0.1412121 0.151383
vt -0.06062852 0.2034379
vt -0.06103816 0.2032558
vt -0.06092571 0.2029272
vt -0.06045989 0.2031343
vt 0.1033832 0.2004941
vt 0.1029069 0.2006758
vt 0.1027832 0.2003513
vt 0.1032595 0.2001697
vt 0.190909 0.1186373
vt 0.1906091 0.1190496
vt 0.1903283 0.1188453
vt 0.1906281 0.1184331
vt 0.2019558 0.09735577
vt 0.2017279 0.09781173
vt 0.2014173 0.09765641
vt 0.2016452 0.09720047
vt 0.1975979 0.1064081
vt 0.1973778 0.1068679
vt 0.1970646 0.106718
vt 0.1972847 0.1062582
vt 0.1793327 0.1362434
vt 0.1790648 0.1366771
vt 0.1787693 0.1364946
vt 0.1790373 0.1360609
vt 0.1085208 0.1979727
vt 0.108106 0.198269
vt 0.1079041 0.1979864
vt 0.1083189 0.1976901
vt -0.1029069 0.2006758
vt -0.1033832 0.2004942
vt -0.1032594 0.2001697
vt -0.1027831 0.2003514
vt -0.1906091 0.1190496
vt -0.190909 0.1186374
vt -0.1906281 0.1184331
vt -0.1903283 0.1188454
vt -0.2017279 0.09781177
vt -0.2019558 0.09735581
vt -0.2016452 0.0972005
vt -0.2014173 0.09765646
vt -0.1973778 0.1068679
vt -0.1975979 0.1064081
vt -0.1972847 0.1062582
vt -0.1970646 0.106718
vt -0.1790648 0.1366771
vt -0.1793327 0.1362434
vt -0.1790373 0.1360609
vt -0.1787693 0.1364946
vt -0.108106 0.1982689
vt -0.1085209 0.1979726
vt -0.108319 0.19769
vt -0.1079042 0.1979863
vt 0.1875384 0.09307518
vt 0.1872586 0.09350129
vt 0.1869863 0.09328569
vt 0.1872324 0.09291098
vt 0.2004612 0.0422295
vt 0.2003166 0.04271834
vt 0.1999936 0.04259077
vt 0.2001207 0.04216088
vt 0.1920279 0.06439746
vt 0.1918581 0.06487812
vt 0.1915421 0.06473391
vt 0.1916914 0.06431122
vt 0.176016 0.1021256
vt 0.1757837 0.1025793
vt 0.1754898 0.1023943
vt 0.1756941 0.1019953
vt 0.141775 0.1511958
vt 0.1414416 0.1515814
vt 0.1412 0.1513319
vt 0.1414932 0.1509928
vt 0.06104897 0.2032044
vt 0.06058316 0.2034115
vt 0.06047071 0.2030829
vt 0.06088034 0.2029008
vt -0.07281975 0.2038873
vt -0.07331621 0.2037716
vt -0.07320774 0.2034416
vt -0.07277115 0.2035434
vt -0.1604684 0.149488
vt -0.1608419 0.1491411
vt -0.1605839 0.1489085
vt -0.1602555 0.1492136
vt -0.1912269 0.1096824
vt -0.191486 0.1092434
vt -0.1911724 0.109094
vt -0.1909446 0.1094801
vt -0.2005693 0.09042601
vt -0.200755 0.08995123
vt -0.2004216 0.08985388
vt -0.2002583 0.09027139
vt -0.2012133 0.08372969
vt -0.2013603 0.08324157
vt -0.2010202 0.08317126
vt -0.2008909 0.08360051
vt -0.1878468 0.1029441
vt -0.1880329 0.1024695
vt -0.1876996 0.1023718
vt -0.187536 0.1027891
vt 0.07618113 -0.1510283
vt 0.07654697 -0.1507692
vt 0.07630191 -0.1505232
vt 0.07603037 -0.1507154
vt 0.1551006 -0.04389939
vt 0.1551783 -0.04345791
vt 0.1548311 -0.04345538
vt 0.1547733 -0.04378306
vt 0.1556041 0.02219923
vt 0.1555317 0.02264164
vt 0.1552031 0.02252935
vt 0.1552568 0.02220098
vt 0.1378154 0.07898892
vt 0.1376192 0.07939199
vt 0.1373366 0.07919015
vt 0.1374822 0.07889099
vt 0.09968334 0.1320504
vt 0.09936403 0.132365
vt 0.09916483 0.1320805
vt 0.09940182 0.131847
vt 0.03174549 0.1714343
vt 0.03132247 0.1715827
vt 0.03126364 0.1712404
vt 0.03157762 0.1711303
vt -0.05673085 0.1736767
vt -0.05717186 0.1735964
vt -0.05705361 0.1732698
vt -0.05672627 0.1733295
vt -0.1268477 0.1395935
vt -0.1272037 0.139321
vt -0.1269496 0.1390842
vt -0.1266854 0.1392865
vt -0.1644036 0.09759187
vt -0.164638 0.09720973
vt -0.1643159 0.09707995
vt -0.1641419 0.09736358
vt -0.1810849 0.0580288
vt -0.1811965 0.05759461
vt -0.1808504 0.05756537
vt -0.1807676 0.05788763
vt -0.185226 0.01199214
vt -0.1852014 0.01154453
vt -0.1848626 0.01162099
vt -0.1848809 0.01195323
vt -0.1611242 -0.07595965
vt -0.1608733 -0.07633113
vt -0.1606219 -0.07609158
vt -0.1608081 -0.07581586
vt 0.006165978 -0.1084423
vt 0.006484858 -0.1083473
vt 0.006313611 -0.1080451
vt 0.006143938 -0.1080957
vt 0.07243985 -0.06544749
vt 0.07261868 -0.0651669
vt 0.07229141 -0.06505063
vt 0.07219626 -0.06519993
vt 0.09160316 -0.007737225
vt 0.09161978 -0.007404909
vt 0.09127785 -0.007465746
vt 0.091269 -0.007642568
vt 0.08291606 0.04495017
vt 0.08279187 0.04525886
vt 0.08250691 0.04506032
vt 0.08257299 0.04489607
vt 0.05425091 0.08821061
vt 0.05401039 0.08844052
vt 0.05383278 0.08814207
vt 0.05396076 0.08801973
vt 0.008751391 0.11533
vt 0.008434521 0.1154315
vt 0.008405398 0.1150854
vt 0.008574002 0.1150314
vt -0.0446948 0.1187383
vt -0.04502307 0.118684
vt -0.04489105 0.1183628
vt -0.04471638 0.1183917
vt -0.09132128 0.09916613
vt -0.09159096 0.09897123
vt -0.0913296 0.0987425
vt -0.09118612 0.09884621
vt -0.1218508 0.06537695
vt -0.122014 0.06508702
vt -0.1216809 0.06498878
vt -0.1215941 0.06514306
vt -0.1349099 0.02312173
vt -0.1349393 0.02279031
vt -0.1345953 0.02283788
vt -0.1345796 0.02301423
vt -0.1275632 -0.0287055
vt -0.1274364 -0.02901312
vt -0.1271531 -0.02881217
vt -0.1272206 -0.02864849
vt -0.08340325 -0.08728451
vt -0.08311711 -0.0874543
vt -0.08301132 -0.08712351
vt -0.08316357 -0.08703316
vt 0 0
vt 0 0
vt 0 0
vt 0 0
vt 0 0
vt 0 0
vt 0 0
vt 0 0
vt 0 0
vt 0 0
vt 0 0
vt 0 0
vt 0 0
vt 0 0
vt 0 0
vt 0 0
vt 0 0
vt 0 0
vt 0 0
vt 0 0
vt 0 0
vt 0 0
vt 0 0
vt 0 0
vt 0 0
vt 0 0
vt 0 0
vt 0 0
vt 0 0
vt 0 0
vt 0 0
vt 0 0
vt 0 0
vt 0 0
vt 0 0
vt 0 0
vt 0 0
vt 0 0
vt 0 0
vt 0 0
vt 0 0
vt 0 0
vt 0 0
vt 0 0
vt 0 0
vt 0 0
vt 0 0
vt 0 0
vt 0 0
vt 0 0
vt 0 0
vt 0 0
vt 0 0
vt 0 0
vt 0 0
vt 0 0
vt 0 0
vt 0 0
vt 0 0
vt 0 0
vt 0 0
vt 0 0
vt 0 0
vt 0 0
vt 0 0
vt 0 0
vt 0 0
vt 0 0
vt 0 0
vt 0 0
vt 0 0
vt 0 0
vt 0.01558721 0.126752
vt 0.01541065 0.126739
vt 0.01535798 0.1263957
vt 0.01568981 0.1264202
vt 0.06662469 0.1179363
vt 0.0664615 0.1180049
vt 0.06625848 0.1177231
vt 0.06656516 0.1175941
vt 0.1052124 0.09029611
vt 0.1050949 0.09042856
vt 0.10479 0.09026219
vt 0.1050108 0.09001328
vt 0.1267205 0.05184558
vt 0.1266677 0.05201458
vt 0.1263214 0.051988
vt 0.1264206 0.05167039
vt 0.1303747 0.004598493
vt 0.1303991 0.004773843
vt 0.1300746 0.004897633
vt 0.1300287 0.004568082
vt 0.107872 -0.05287436
vt 0.107984 -0.05273725
vt 0.1077711 -0.05246284
vt 0.1075606 -0.05272052
vt 0.03825801 -0.1008449
vt 0.03843352 -0.1008217
vt 0.03846635 -0.100476
vt 0.03813649 -0.1005195
vt -0.04776234 -0.08436359
vt -0.04762419 -0.08447431
vt -0.04735178 -0.08425888
vt -0.04761142 -0.0840508
vt -0.08716177 -0.02829846
vt -0.08711095 -0.02846805
vt -0.08676438 -0.02844547
vt -0.0868599 -0.02812674
vt -0.09044351 0.02767343
vt -0.0904736 0.02749897
vt -0.09015329 0.02736472
vt -0.09009673 0.02769261
vt -0.07168451 0.07570119
vt -0.07178345 0.07555438
vt -0.07154627 0.07530067
vt -0.07136033 0.07557659
vt -0.03471176 0.1112489
vt -0.03486357 0.1111579
vt -0.03475618 0.1108276
vt -0.03447086 0.1109988
vt 0.01010033 0.1830875
vt 0.0097687 0.1830604
vt 0.009738991 0.1827144
vt 0.01018579 0.1827509
vt 0.09278319 0.1648042
vt 0.09248067 0.1649427
vt 0.09228556 0.1646554
vt 0.09269315 0.1644688
vt 0.1452887 0.1247239
vt 0.1450689 0.1249737
vt 0.1447737 0.1247908
vt 0.1450698 0.1244543
vt 0.1706466 0.08399469
vt 0.1705182 0.08430164
vt 0.17018 0.08422281
vt 0.170353 0.08380924
vt 0.1806181 0.04182576
vt 0.1805828 0.04215662
vt 0.1802362 0.0421778
vt 0.1802837 0.04173204
vt 0.176662 -0.01909614
vt 0.176748 -0.01877471
vt 0.1764322 -0.01863038
vt 0.1763163 -0.01906343
vt 0.07291088 -0.1520183
vt 0.07322869 -0.1519198
vt 0.0731825 -0.1515756
vt 0.07275431 -0.1517083
vt -0.1379056 -0.0825334
vt -0.1377629 -0.08283398
vt -0.1374288 -0.08273931
vt -0.137621 -0.08233435
vt -0.1569921 -0.0005278312
vt -0.1569952 -0.0008605476
vt -0.1566533 -0.0009215578
vt -0.1566491 -0.0004732897
vt -0.1476389 0.0591744
vt -0.147739 0.05885711
vt -0.1474299 0.0586989
vt -0.1472949 0.05912639
vt -0.1213926 0.1132056
vt -0.121584 0.1129334
vt -0.1213371 0.1126892
vt -0.1210792 0.1130559
vt -0.07035754 0.1602712
vt -0.07063736 0.1600911
vt -0.07050066 0.1597719
vt -0.07012366 0.1600145
vt 0.002455542 0.2168661
vt 0.002009692 0.2168195
vt 0.002015148 0.2164722
vt 0.002522149 0.2165253
vt 0.1229308 0.1819544
vt 0.1225423 0.1821779
vt 0.1223431 0.1818934
vt 0.1227849 0.1816392
vt 0.1763112 0.1326027
vt 0.1760378 0.132958
vt 0.1757449 0.1327715
vt 0.1760557 0.1323674
vt 0.1937158 0.1043784
vt 0.1935242 0.1047837
vt 0.1931983 0.1046637
vt 0.1934161 0.1042028
vt 0.1983892 0.08996984
vt 0.198247 0.09039499
vt 0.1979092 0.09031442
vt 0.1980709 0.08983096
vt 0.195369 0.08725376
vt 0.1952396 0.08768298
vt 0.1948995 0.08761258
vt 0.1950466 0.08712449
vt 0.1006217 0.1832397
vt 0.1002569 0.1835002
vt 0.1000309 0.1832365
vt 0.1004457 0.1829403
vt -0.1982081 0.05068956
vt -0.1983515 0.05026481
vt -0.1980335 0.05012505
vt -0.1978705 0.05060806
vt -0.1938931 0.05820762
vt -0.1940261 0.05777953
vt -0.1937049 0.05764752
vt -0.1935536 0.05813432
vt -0.1828692 0.08960828
vt -0.1830424 0.08919477
vt -0.1827351 0.08903281
vt -0.1825382 0.08950303
vt -0.1606834 0.1314635
vt -0.1609274 0.1310874
vt -0.1606539 0.1308733
vt -0.1603765 0.131301
vt -0.109342 0.1823191
vt -0.1096932 0.1820405
vt -0.1095024 0.1817504
vt -0.1091029 0.1820671
vt -0.0133708 0.2251733
vt -0.01387317 0.2250867
vt -0.0138142 0.2247445
vt -0.01331183 0.2248311
vt 0.1625147 0.1552207
vt 0.1621375 0.1555636
vt 0.1619039 0.1553067
vt 0.1622811 0.1549637
vt 0.1957626 0.1092554
vt 0.1955093 0.1096978
vt 0.1952079 0.1095253
vt 0.1954612 0.1090829
vt 0.197758 0.1062029
vt 0.1975402 0.1066638
vt 0.1972262 0.1065155
vt 0.197444 0.1060545
vt 0.1884694 0.1234246
vt 0.1882339 0.1238767
vt 0.1879259 0.1237162
vt 0.1881614 0.1232641
vt 0.1553551 0.1638739
vt 0.1550299 0.1642666
vt 0.1547624 0.1640451
vt 0.1550876 0.1636524
vt 0.01387303 0.2250868
vt 0.01337066 0.2251733
vt 0.01331169 0.2248311
vt 0.01381406 0.2247445
vt -0.1621375 0.1555636
vt -0.1625147 0.1552207
vt -0.1622811 0.1549638
vt -0.1619039 0.1553067
vt -0.1955093 0.1096979
vt -0.1957626 0.1092555
vt -0.1954612 0.1090829
vt -0.1952079 0.1095253
vt -0.1975402 0.1066638
vt -0.197758 0.1062029
vt -0.197444 0.1060546
vt -0.1972262 0.1065155
vt -0.1882339 0.1238767
vt -0.1884694 0.1234246
vt -0.1881614 0.1232641
vt -0.1879259 0.1237162
vt -0.15503 0.1642665
vt -0.1553551 0.1638739
vt -0.1550876 0.1636524
vt -0.1547625 0.164045
vt -0.1002073 0.1834834
vt -0.1006222 0.1831872
vt -0.1003961 0.1829235
vt -0.1000313 0.1831839
vt 0.198321 0.05022207
vt 0.198158 0.05070508
vt 0.19784 0.05056532
vt 0.1979834 0.05014057
vt 0.1939946 0.05773757
vt 0.1938433 0.05822439
vt 0.1935221 0.05809236
vt 0.1936551 0.05766427
vt 0.183015 0.08915
vt 0.1828181 0.08962022
vt 0.1825109 0.08945825
vt 0.182684 0.08904474
vt 0.1609084 0.1310384
vt 0.160631 0.1314661
vt 0.1603575 0.1312521
vt 0.1606014 0.130876
vt 0.1096909 0.1819881
vt 0.1092915 0.1823048
vt 0.1091006 0.1820146
vt 0.1094518 0.1817361
vt -0.001983599 0.2167739
vt -0.002490599 0.216827
vt -0.002496055 0.2164797
vt -0.002050205 0.216433
vt -0.1224944 0.1821564
vt -0.1229363 0.1819021
vt -0.1227371 0.1816176
vt -0.1223485 0.1818412
vt -0.1759853 0.1329564
vt -0.1762961 0.1325524
vt -0.1760032 0.1323658
vt -0.1757299 0.1327211
vt -0.1934725 0.1047933
vt -0.1936904 0.1043325
vt -0.1933645 0.1042124
vt -0.1931729 0.1046177
vt -0.1981969 0.09041066
vt -0.1983586 0.0899272
vt -0.1980208 0.08984663
vt -0.1978786 0.09027178
vt -0.19519 0.0877002
vt -0.1953371 0.08721212
vt -0.194997 0.08714171
vt -0.1948676 0.08757093
vt -0.07326449 -0.1518397
vt -0.07283629 -0.1519724
vt -0.0727901 -0.1516282
vt -0.07310792 -0.1515297
vt 0.1376786 -0.08285794
vt 0.1378708 -0.08245298
vt 0.1375367 -0.0823583
vt 0.137394 -0.08265888
vt 0.1569299 -0.0009189833
vt 0.1569256 -0.0004707152
vt 0.1565837 -0.0005317253
vt 0.1565869 -0.0008644418
vt 0.1476936 0.05878217
vt 0.1475586 0.05920965
vt 0.1472495 0.05905144
vt 0.1473496 0.05873416
vt 0.1215633 0.1128483
vt 0.1213054 0.113215
vt 0.1210585 0.1129708
vt 0.1212499 0.1126986
vt 0.07065029 0.1600044
vt 0.0702733 0.160247
vt 0.0701366 0.1599277
vt 0.07041641 0.1597477
vt -0.009716519 0.18299
vt -0.01016332 0.1830265
vt -0.01013361 0.1826805
vt -0.009801982 0.1826534
vt -0.09240073 0.1649068
vt -0.09280832 0.1647202
vt -0.09261321 0.1644329
vt -0.09231069 0.1645714
vt -0.1449813 0.1249736
vt -0.1452774 0.124637
vt -0.1449822 0.1244542
vt -0.1447624 0.124704
vt -0.1704351 0.08432951
vt -0.1706081 0.08391593
vt -0.1702698 0.08383711
vt -0.1701415 0.08414406
vt -0.1805112 0.04220711
vt -0.1805587 0.04176135
vt -0.180212 0.04178253
vt -0.1801768 0.04211339
vt -0.1766993 -0.01870191
vt -0.1765834 -0.01913497
vt -0.1762675 -0.01899063
vt -0.1763535 -0.01866921
vt -0.03850307 -0.1007534
vt -0.03817321 -0.100797
vt -0.03820603 -0.1004512
vt -0.03838155 -0.100428
vt 0.04752678 -0.08447725
vt 0.04778642 -0.08426917
vt 0.047514 -0.08405374
vt 0.04737585 -0.08416446
vt 0.08703246 -0.02852579
vt 0.08712797 -0.02820706
vt 0.0867814 -0.02818447
vt 0.08673058 -0.02835407
vt 0.0904291 0.02741229
vt 0.09037254 0.02774018
vt 0.09005223 0.02760593
vt 0.09008233 0.02743146
vt 0.07177833 0.07545705
vt 0.07159238 0.07573298
vt 0.07135521 0.07547927
vt 0.07145415 0.07533245
vt 0.03490018 0.1110675
vt 0.03461487 0.1112387
vt 0.03450748 0.1109084
vt 0.03465929 0.1108174
vt -0.01533738 0.1266748
vt -0.01566921 0.1266994
vt -0.01561654 0.1263561
vt -0.01543998 0.126343
vt -0.06636701 0.1179811
vt -0.0666737 0.117852
vt -0.06647067 0.1175702
vt -0.06630748 0.1176389
vt -0.1049993 0.09044792
vt -0.1052201 0.09019899
vt -0.1049153 0.09003263
vt -0.1047978 0.09016508
vt -0.1265886 0.05207141
vt -0.1266877 0.0517538
vt -0.1263414 0.05172722
vt -0.1262887 0.05189622
vt -0.1303518 0.004859071
vt -0.1303059 0.00452952
vt -0.1299814 0.004653309
vt -0.1300059 0.004828661
vt -0.1079878 -0.05263989
vt -0.1077773 -0.05289757
vt -0.1075645 -0.05262315
vt -0.1076765 -0.05248604
vt 0 0
vt 0 0
vt 0 0
vt 0 0
vt 0 0
vt 0 0
vt 0 0
vt 0 0
vt 0 0
vt 0 0
vt 0 0
vt 0 0
vt 0 0
vt 0 0
vt 0 0
vt 0 0
vt 0 0
vt 0 0
vt 0 0
vt 0 0
vt 0 0
vt 0 0
vt 0 0
vt 0 0
vt 0 0
vt 0 0
vt 0 0
vt 0 0
vt 0 0
vt 0 0
vt 0 0
vt 0 0
vt 0 0
vt 0 0
vt 0 0
vt 0 0
vt 0 0
vt 0 0
vt 0 0
vt 0 0
vt 0 0
vt 0 0
vt 0 0
vt 0 0
vt 0 0
vt 0 0
vt 0 0
vt 0 0
vt 0 0
vt 0 0
vt 0 0
vt 0 0
vt 0 0
vt 0 0
vt 0 0
vt 0 0
vt 0 0
vt 0 0
vt 0 0
vt 0 0
vt 0 0
vt 0 0
vt 0 0
vt 0 0
vt 0 0
vt 0 0
vt 0 0
vt 0 0
vt 0 0
vt 0 0
vt 0 0
vt 0 0
vt 0.01047904 0.1396763
vt 0.01030248 0.1396632
vt 0.01024981 0.1393199
vt 0.01058163 0.1393445
vt 0.05996326 0.1312754
vt 0.05980007 0.1313441
vt 0.05959704 0.1310623
vt 0.05990373 0.1309333
vt 0.09761608 0.1042168
vt 0.0974986 0.1043492
vt 0.09719373 0.1041829
vt 0.09741453 0.1039339
vt 0.1187211 0.06553856
vt 0.1186683 0.06570755
vt 0.118322 0.06568097
vt 0.1184212 0.06536336
vt 0.1223171 0.01714378
vt 0.1223415 0.01731913
vt 0.122017 0.01744292
vt 0.1219711 0.01711337
vt 0.1002185 -0.04127467
vt 0.1003305 -0.04113756
vt 0.1001176 -0.04086315
vt 0.09990708 -0.04112083
vt 0.03241481 -0.08823597
vt 0.03259032 -0.08821277
vt 0.03262315 -0.08786702
vt 0.03229329 -0.08791061
vt -0.05051727 -0.06971045
vt -0.05037912 -0.06982116
vt -0.0501067 -0.06960573
vt -0.05036633 -0.06939764
vt -0.08819284 -0.0124738
vt -0.08814202 -0.01264339
vt -0.08779545 -0.0126208
vt -0.08789096 -0.01230208
vt -0.09131894 0.04350749
vt -0.09134904 0.04333302
vt -0.09102874 0.04319878
vt -0.09097217 0.04352666
vt -0.073415 0.09051035
vt -0.07351394 0.09036354
vt -0.07327677 0.09010983
vt -0.07309081 0.09038576
vt -0.03798608 0.1247547
vt -0.03813789 0.1246637
vt -0.0380305 0.1243334
vt -0.03774519 0.1245046
vt 0.005180781 0.1924494
vt 0.004849154 0.1924223
vt 0.004819444 0.1920763
vt 0.005266245 0.1921128
vt 0.08546261 0.1759916
vt 0.08516009 0.1761301
vt 0.08496498 0.1758428
vt 0.08537258 0.1756562
vt 0.1370368 0.1380489
vt 0.136817 0.1382987
vt 0.1365218 0.1381159
vt 0.1368179 0.1377793
vt 0.1622774 0.09724645
vt 0.162149 0.09755342
vt 0.1618108 0.09747458
vt 0.1619838 0.09706101
vt 0.1723361 0.05232147
vt 0.1723009 0.05265234
vt 0.1719542 0.05267353
vt 0.1720017 0.05222775
vt 0.168332 -0.01258014
vt 0.168418 -0.01225871
vt 0.1681021 -0.01211438
vt 0.1679862 -0.01254743
vt 0.06607498 -0.143949
vt 0.06639279 -0.1438505
vt 0.0663466 -0.1435063
vt 0.06591841 -0.143639
vt -0.1363224 -0.06925803
vt -0.1361797 -0.06955861
vt -0.1358455 -0.06946393
vt -0.1360378 -0.06905897
vt -0.1542386 0.0149015
vt -0.1542418 0.01456878
vt -0.1538999 0.01450777
vt -0.1538956 0.01495604
vt -0.1454718 0.07469701
vt -0.1455719 0.07437972
vt -0.1452628 0.07422151
vt -0.1451278 0.07464899
vt -0.1207135 0.126558
vt -0.1209049 0.1262858
vt -0.120658 0.1260416
vt -0.1204001 0.1264083
vt -0.07214042 0.1706955
vt -0.07242024 0.1705155
vt -0.07228354 0.1701963
vt -0.07190654 0.1704388
vt -0.002196985 0.2215329
vt -0.002642835 0.2214862
vt -0.002637379 0.2211389
vt -0.002130379 0.221192
vt 0.1149961 0.1908494
vt 0.1146076 0.191073
vt 0.1144084 0.1907885
vt 0.1148502 0.1905342
vt 0.1679765 0.1456898
vt 0.1677031 0.1460451
vt 0.1674102 0.1458585
vt 0.167721 0.1454545
vt 0.1858694 0.117764
vt 0.1856778 0.1181693
vt 0.1853519 0.1180493
vt 0.1855698 0.1175884
vt 0.1912423 0.09950939
vt 0.1911001 0.09993453
vt 0.1907623 0.09985397
vt 0.1909239 0.09937052
vt 0.1892662 0.08973949
vt 0.1891368 0.0901687
vt 0.1887967 0.0900983
vt 0.1889438 0.0896102
vt 0.1010144 0.1766613
vt 0.1006496 0.1769218
vt 0.1004235 0.1766581
vt 0.1008384 0.1763619
vt -0.1910349 0.06020917
vt -0.1911783 0.05978442
vt -0.1908603 0.05964467
vt -0.1906973 0.06012768
vt -0.1879952 0.07255856
vt -0.1881282 0.07213046
vt -0.1878069 0.07199845
vt -0.1876557 0.07248525
vt -0.1781674 0.1043944
vt -0.1783406 0.1039809
vt -0.1780333 0.1038189
vt -0.1778364 0.1042891
vt -0.1576748 0.1429972
vt -0.1579188 0.1426212
vt -0.1576452 0.1424071
vt -0.1573678 0.1428348
vt -0.1092822 0.1889084
vt -0.1096335 0.1886299
vt -0.1094426 0.1883397
vt -0.1090432 0.1886564
vt -0.017452 0.2244701
vt -0.01795437 0.2243835
vt -0.0178954 0.2240413
vt -0.01739303 0.2241279
vt 0.1541434 0.1628313
vt 0.1537662 0.1631742
vt 0.1535326 0.1629173
vt 0.1539098 0.1625744
vt 0.1880849 0.1226682
vt 0.1878316 0.1231106
vt 0.1875302 0.1229381
vt 0.1877835 0.1224956
vt 0.1911563 0.1201768
vt 0.1909386 0.1206377
vt 0.1906246 0.1204893
vt 0.1908423 0.1200284
vt 0.1832417 0.1334581
vt 0.1830061 0.1339102
vt 0.1826982 0.1337497
vt 0.1829337 0.1332976
vt 0.1527139 0.1670634
vt 0.1523888 0.167456
vt 0.1521213 0.1672345
vt 0.1524464 0.1668419
vt 0.01795423 0.2243835
vt 0.01745186 0.2244701
vt 0.01739289 0.2241279
vt 0.01789526 0.2240413
vt -0.1537662 0.1631743
vt -0.1541434 0.1628314
vt -0.1539098 0.1625744
vt -0.1535326 0.1629173
vt -0.1878316 0.1231107
vt -0.1880849 0.1226682
vt -0.1877835 0.1224957
vt -0.1875302 0.1229381
vt -0.1909386 0.1206377
vt -0.1911563 0.1201768
vt -0.1908423 0.1200284
vt -0.1906246 0.1204893
vt -0.1830062 0.1339102
vt -0.1832417 0.1334581
vt -0.1829337 0.1332976
vt -0.1826982 0.1337497
vt -0.1523888 0.167456
vt -0.1527139 0.1670633
vt -0.1524465 0.1668418
vt -0.1521213 0.1672345
vt -0.1005999 0.1769049
vt -0.1010148 0.1766087
vt -0.1007888 0.176345
vt -0.1004239 0.1766055
vt 0.1911478 0.05974167
vt 0.1909848 0.06022468
vt 0.1906668 0.06008493
vt 0.1908102 0.05966017
vt 0.1880967 0.0720885
vt 0.1879454 0.07257532
vt 0.1876242 0.07244329
vt 0.1877572 0.0720152
vt 0.1783132 0.1039361
vt 0.1781163 0.1044063
vt 0.1778091 0.1042444
vt 0.1779822 0.1038309
vt 0.1578998 0.1425722
vt 0.1576224 0.1429999
vt 0.1573488 0.1427858
vt 0.1575928 0.1424097
vt 0.1096311 0.1885774
vt 0.1092317 0.1888942
vt 0.1090408 0.188604
vt 0.1093921 0.1883254
vt 0.00266893 0.2214406
vt 0.002161929 0.2214937
vt 0.002156473 0.2211464
vt 0.002602323 0.2210998
vt -0.1145597 0.1910514
vt -0.1150016 0.1907972
vt -0.1148024 0.1905126
vt -0.1144138 0.1907362
vt -0.1676506 0.1460435
vt -0.1679615 0.1456394
vt -0.1676685 0.1454529
vt -0.1673952 0.1458082
vt -0.1856262 0.1181789
vt -0.1858441 0.117718
vt -0.1855182 0.117598
vt -0.1853266 0.1180033
vt -0.19105 0.09995021
vt -0.1912117 0.09946676
vt -0.1908738 0.09938619
vt -0.1907317 0.09981133
vt -0.1890872 0.0901859
vt -0.1892343 0.08969782
vt -0.1888942 0.08962742
vt -0.1887648 0.09005664
vt -0.06642858 -0.1437704
vt -0.06600039 -0.1439031
vt -0.06595419 -0.1435589
vt -0.06627201 -0.1434604
vt 0.1360953 -0.06958255
vt 0.1362876 -0.06917758
vt 0.1359535 -0.06908292
vt 0.1358108 -0.06938349
vt 0.1541764 0.01451035
vt 0.1541722 0.01495862
vt 0.1538303 0.01489761
vt 0.1538334 0.01456489
vt 0.1455265 0.07430477
vt 0.1453915 0.07473226
vt 0.1450824 0.07457405
vt 0.1451825 0.07425676
vt 0.1208842 0.1262006
vt 0.1206264 0.1265674
vt 0.1203794 0.1263232
vt 0.1205708 0.126051
vt 0.07243317 0.1704288
vt 0.07205618 0.1706714
vt 0.07191948 0.1703521
vt 0.0721993 0.1701721
vt -0.004796972 0.1923519
vt -0.005243772 0.1923884
vt -0.005214063 0.1920424
vt -0.004882435 0.1920153
vt -0.08508016 0.1760943
vt -0.08548775 0.1759076
vt -0.08529264 0.1756203
vt -0.08499012 0.1757589
vt -0.1367294 0.1382986
vt -0.1370255 0.1379621
vt -0.1367303 0.1377792
vt -0.1365105 0.138029
vt -0.1620659 0.09758128
vt -0.1622389 0.09716772
vt -0.1619007 0.09708887
vt -0.1617723 0.09739582
vt -0.1722292 0.05270282
vt -0.1722767 0.05225705
vt -0.1719301 0.05227823
vt -0.1718948 0.0526091
vt -0.1683692 -0.01218592
vt -0.1682534 -0.01261897
vt -0.1679375 -0.01247463
vt -0.1680235 -0.01215321
vt -0.03265987 -0.08814444
vt -0.03233001 -0.08818803
vt -0.03236284 -0.08784228
vt -0.03253835 -0.08781908
vt 0.05028171 -0.06982411
vt 0.05054135 -0.06961603
vt 0.05026893 -0.06940059
vt 0.05013078 -0.06951131
vt 0.08806352 -0.01270113
vt 0.08815904 -0.0123824
vt 0.08781247 -0.01235981
vt 0.08776165 -0.0125294
vt 0.09130455 0.04324635
vt 0.09124798 0.04357424
vt 0.09092768 0.04343999
vt 0.09095777 0.04326553
vt 0.07350883 0.09026621
vt 0.07332288 0.09054213
vt 0.0730857 0.09028842
vt 0.07318464 0.09014161
vt 0.0381745 0.1245733
vt 0.03788919 0.1247445
vt 0.03778179 0.1244143
vt 0.0379336 0.1243232
vt -0.01022921 0.139599
vt -0.01056103 0.1396236
vt -0.01050837 0.1392803
vt -0.0103318 0.1392672
vt -0.05970559 0.1313203
vt -0.06001227 0.1311912
vt -0.05980925 0.1309094
vt -0.05964606 0.1309781
vt -0.09740309 0.1043686
vt -0.09762388 0.1041196
vt -0.09731901 0.1039533
vt -0.09720153 0.1040857
vt -0.1185891 0.06576438
vt -0.1186883 0.06544678
vt -0.118342 0.0654202
vt -0.1182893 0.06558919
vt -0.1222942 0.01740437
vt -0.1222483 0.01707481
vt -0.1219238 0.01719861
vt -0.1219482 0.01737395
vt -0.1003343 -0.0410402
vt -0.1001238 -0.04129788
vt -0.0999109 -0.04102346
vt -0.1000229 -0.04088635
vt 0 0
vt 0 0
vt 0 0
vt 0 0
vt 0 0
vt 0 0
vt 0 0
vt 0 0
vt 0 0
vt 0 0
vt 0 0
vt 0 0
vt 0 0
vt 0 0
vt 0 0
vt 0 0
vt 0 0
vt 0 0
vt 0 0
vt 0 0
vt 0 0
vt 0 0
vt 0 0
vt 0 0
vt 0 0
vt 0 0
vt 0 0
vt 0 0
vt 0 0
vt 0 0
vt 0 0
vt 0 0
vt 0 0
vt 0 0
vt 0 0
vt 0 0
vt 0.09289552 0.1732823
vt 0.1003218 0.1679778
vt 0.1419227 0.2262189
vt 0.1344964 0.2315234
vt -0.09289543 0.1732823
vt -0.1344963 0.2315235
vt -0.1419226 0.226219
vt -0.1003217 0.1679778
vt -0.01289985 0.03858669
vt -0.04350656 -0.04711179
vt -0.03491202 -0.05018127
vt -0.004305317 0.03551721
vt 0.01289961 0.03858658
vt 0.00430508 0.0355171
vt 0.03491174 -0.0501814
vt 0.04350627 -0.04711192
vt -0.1601025 0.1158283
vt -0.2241191 0.1478366
vt -0.2648156 0.06644376
vt -0.2007989 0.03443542
vt 0.1601025 0.1158283
vt 0.2007989 0.03443542
vt 0.2648156 0.06644376
vt 0.2241191 0.1478366
vt 0 0
vt 0 0
vt 0 0
vt 0 0
vt 0 0
vt 0 0
vt 0 0
vt 0 0
vt 0 0
vt 0 0
vt 0 0
vt 0 0
vt 0 0
vt 0 0
vt 0 0
vt 0 0
vt 0 0
vt 0 0
vt 0 0
vt 0 0
vt 0 0
vt 0 0
vt 0 0
vt 0 0
vt 0 0
vt 0 0
vt 0 0
vt 0 0
vt 0 0
vt 0 0
vt 0 0
vt 0 0
vt 0 0
vt 0 0
vt 0 0
vt 0 0
vt 0.01302345 0.1332387
vt 0.01284689 0.1332257
vt 0.01279422 0.1328824
vt 0.01312605 0.1329069
vt 0.06328134 0.1246312
vt 0.06311817 0.1246999
vt 0.06291513 0.1244181
vt 0.06322182 0.1242891
vt 0.1013998 0.09728295
vt 0.1012824 0.0974154
vt 0.1009775 0.09724903
vt 0.1011983 0.09700011
vt 0.1227056 0.05871817
vt 0.1226529 0.05888716
vt 0.1223066 0.05886058
vt 0.1224057 0.05854298
vt 0.1263306 0.01089508
vt 0.1263551 0.01107043
vt 0.1260306 0.01119422
vt 0.1259847 0.01086467
vt 0.1040308 -0.04705237
vt 0.1041428 -0.04691526
vt 0.1039299 -0.04664084
vt 0.1037194 -0.04689853
vt 0.0353255 -0.09451642
vt 0.03550101 -0.09449323
vt 0.03553385 -0.09414747
vt 0.03520398 -0.09419107
vt -0.04914486 -0.07700925
vt -0.04900671 -0.07711997
vt -0.0487343 -0.07690454
vt -0.04899393 -0.07669646
vt -0.08767916 -0.02035615
vt -0.08762833 -0.02052574
vt -0.08728176 -0.02050316
vt -0.08737727 -0.02018443
vt -0.09088281 0.03562048
vt -0.09091291 0.03544601
vt -0.0905926 0.03531177
vt -0.09053604 0.03563965
vt -0.07255299 0.08313387
vt -0.07265193 0.08298706
vt -0.07241475 0.08273335
vt -0.0722288 0.08300927
vt -0.03635511 0.1180275
vt -0.03650692 0.1179364
vt -0.03639952 0.1176061
vt -0.03611421 0.1177773
vt 0.007631194 0.1877862
vt 0.007299567 0.1877591
vt 0.007269857 0.1874131
vt 0.007716657 0.1874496
vt 0.089109 0.1704192
vt 0.08880648 0.1705577
vt 0.08861137 0.1702704
vt 0.08901896 0.1700838
vt 0.1411471 0.1314118
vt 0.1409273 0.1316616
vt 0.1406321 0.1314787
vt 0.1409282 0.1311422
vt 0.1664461 0.09064583
vt 0.1663177 0.09095279
vt 0.1659795 0.09087394
vt 0.1661525 0.09046037
vt 0.1764614 0.04709366
vt 0.1764261 0.04742452
vt 0.1760795 0.04744571
vt 0.176127 0.04699994
vt 0.1724812 -0.01582561
vt 0.1725672 -0.01550419
vt 0.1722514 -0.01535985
vt 0.1721355 -0.01579291
vt 0.06948034 -0.1479681
vt 0.06979816 -0.1478696
vt 0.06975196 -0.1475254
vt 0.06932377 -0.1476581
vt -0.1371108 -0.07587071
vt -0.1369681 -0.07617128
vt -0.136634 -0.07607661
vt -0.1368262 -0.07567164
vt -0.1556101 0.007216009
vt -0.1556132 0.006883291
vt -0.1552713 0.006822282
vt -0.1552671 0.007270549
vt -0.1465511 0.0669651
vt -0.1466513 0.06664781
vt -0.1463422 0.06648961
vt -0.1462072 0.06691709
vt -0.1210517 0.1199071
vt -0.1212431 0.1196349
vt -0.1209962 0.1193907
vt -0.1207384 0.1197575
vt -0.07125236 0.1655031
vt -0.07153217 0.1653231
vt -0.07139548 0.1650039
vt -0.07101848 0.1652464
vt 0.0001203639 0.2192084
vt -0.000325486 0.2191617
vt -0.0003200302 0.2188144
vt 0.0001869706 0.2188675
vt 0.1189484 0.1864188
vt 0.1185598 0.1866424
vt 0.1183606 0.1863579
vt 0.1188025 0.1861036
vt 0.172128 0.1391711
vt 0.1718546 0.1395264
vt 0.1715617 0.1393398
vt 0.1718725 0.1389358
vt 0.1897777 0.1110967
vt 0.1895861 0.111502
vt 0.1892602 0.1113819
vt 0.1894781 0.1109211
vt 0.1948022 0.09475778
vt 0.19466 0.09518293
vt 0.1943222 0.09510236
vt 0.1944838 0.09461891
vt 0.192306 0.08850136
vt 0.1921767 0.08893058
vt 0.1918366 0.08886017
vt 0.1919837 0.08837209
vt 0.1008195 0.1799376
vt 0.1004547 0.1801981
vt 0.1002286 0.1799344
vt 0.1006435 0.1796382
vt -0.1946079 0.05546732
vt -0.1947513 0.05504257
vt -0.1944333 0.05490281
vt -0.1942703 0.05538582
vt -0.1909329 0.06541026
vt -0.1910659 0.06498216
vt -0.1907447 0.06485014
vt -0.1905934 0.06533696
vt -0.1805094 0.09702935
vt -0.1806825 0.09661584
vt -0.1803753 0.09645388
vt -0.1801784 0.0969241
vt -0.1591734 0.1372522
vt -0.1594173 0.1368762
vt -0.1591438 0.1366621
vt -0.1588664 0.1370898
vt -0.109312 0.1856262
vt -0.1096633 0.1853477
vt -0.1094724 0.1850575
vt -0.109073 0.1853743
vt -0.01541935 0.2248203
vt -0.01592172 0.2247338
vt -0.01586275 0.2243915
vt -0.01536038 0.2244781
vt 0.1583131 0.1590405
vt 0.1579359 0.1593834
vt 0.1577023 0.1591264
vt 0.1580795 0.1587835
vt 0.1919092 0.1159872
vt 0.1916559 0.1164296
vt 0.1913545 0.1162571
vt 0.1916078 0.1158147
vt 0.1944446 0.1132163
vt 0.1942268 0.1136773
vt 0.1939128 0.1135289
vt 0.1941306 0.113068
vt 0.1858456 0.1284604
vt 0.1856101 0.1289125
vt 0.1853021 0.128752
vt 0.1855376 0.1282999
vt 0.1540295 0.1654747
vt 0.1537044 0.1658673
vt 0.1534369 0.1656458
vt 0.153762 0.1652532
vt 0.01592157 0.2247338
vt 0.01541921 0.2248204
vt 0.01536023 0.2244782
vt 0.0158626 0.2243916
vt -0.1579359 0.1593834
vt -0.1583131 0.1590405
vt -0.1580795 0.1587836
vt -0.1577023 0.1591265
vt -0.1916559 0.1164297
vt -0.1919091 0.1159873
vt -0.1916077 0.1158147
vt -0.1913545 0.1162572
vt -0.1942269 0.1136773
vt -0.1944446 0.1132164
vt -0.1941306 0.113068
vt -0.1939128 0.1135289
vt -0.1856101 0.1289125
vt -0.1858456 0.1284604
vt -0.1855377 0.1282999
vt -0.1853021 0.128752
vt -0.1537044 0.1658672
vt -0.1540295 0.1654746
vt -0.1537621 0.1652531
vt -0.1534369 0.1656457
vt -0.1004051 0.1801812
vt -0.1008199 0.179885
vt -0.1005939 0.1796213
vt -0.1002291 0.1798818
vt 0.1947207 0.05499984
vt 0.1945577 0.05548284
vt 0.1942398 0.05534308
vt 0.1943831 0.05491834
vt 0.1910344 0.06494019
vt 0.1908831 0.065427
vt 0.1905619 0.06529498
vt 0.1906949 0.06486689
vt 0.1806551 0.09657107
vt 0.1804582 0.09704129
vt 0.180151 0.09687933
vt 0.1803241 0.09646582
vt 0.1593983 0.1368272
vt 0.1591209 0.1372549
vt 0.1588474 0.1370408
vt 0.1590914 0.1366647
vt 0.1096609 0.1852952
vt 0.1092615 0.185612
vt 0.1090706 0.1853218
vt 0.1094219 0.1850432
vt 0.0003515811 0.2191161
vt -0.0001554192 0.2191692
vt -0.000160875 0.218822
vt 0.0002849748 0.2187753
vt -0.118512 0.1866208
vt -0.1189538 0.1863665
vt -0.1187546 0.1860821
vt -0.1183661 0.1863056
vt -0.1718022 0.1395248
vt -0.172113 0.1391208
vt -0.1718201 0.1389342
vt -0.1715467 0.1392895
vt -0.1895345 0.1115116
vt -0.1897523 0.1110507
vt -0.1894265 0.1109307
vt -0.1892349 0.111336
vt -0.1946099 0.09519859
vt -0.1947716 0.09471514
vt -0.1944337 0.09463458
vt -0.1942916 0.09505973
vt -0.192127 0.0889478
vt -0.1922741 0.08845972
vt -0.191934 0.08838931
vt -0.1918046 0.08881853
vt -0.06983395 -0.1477895
vt -0.06940576 -0.1479222
vt -0.06935957 -0.147578
vt -0.06967738 -0.1474795
vt 0.1368838 -0.07619523
vt 0.1370761 -0.07579027
vt 0.1367419 -0.0756956
vt 0.1365992 -0.07599618
vt 0.1555478 0.006824861
vt 0.1555436 0.007273129
vt 0.1552017 0.00721212
vt 0.1552049 0.006879402
vt 0.1466059 0.06657287
vt 0.1464709 0.06700036
vt 0.1461617 0.06684215
vt 0.1462619 0.06652486
vt 0.1212224 0.1195498
vt 0.1209646 0.1199165
vt 0.1207177 0.1196723
vt 0.1209091 0.1194001
vt 0.07154512 0.1652364
vt 0.07116813 0.1654789
vt 0.07103143 0.1651597
vt 0.07131125 0.1649797
vt -0.007247385 0.1876888
vt -0.007694184 0.1877253
vt -0.007664475 0.1873792
vt -0.007332847 0.1873522
vt -0.08872654 0.1705218
vt -0.08913413 0.1703352
vt -0.08893903 0.1700479
vt -0.0886365 0.1701864
vt -0.1408397 0.1316614
vt -0.1411358 0.1313249
vt -0.1408406 0.1311421
vt -0.1406208 0.1313918
vt -0.1662346 0.09098063
vt -0.1664076 0.09056707
vt -0.1660694 0.09048822
vt -0.165941 0.09079518
vt -0.1763545 0.04747501
vt -0.176402 0.04702924
vt -0.1760553 0.04705042
vt -0.1760201 0.04738129
vt -0.1725185 -0.01543139
vt -0.1724026 -0.01586444
vt -0.1720868 -0.01572011
vt -0.1721728 -0.01539868
vt -0.03557057 -0.09442489
vt -0.0352407 -0.09446848
vt -0.03527353 -0.09412273
vt -0.03544905 -0.09409954
vt 0.0489093 -0.0771229
vt 0.04916893 -0.07691482
vt 0.04889652 -0.07669939
vt 0.04875837 -0.07681011
vt 0.08754984 -0.02058348
vt 0.08764535 -0.02026475
vt 0.08729879 -0.02024217
vt 0.08724796 -0.02041176
vt 0.09086841 0.03535934
vt 0.09081184 0.03568723
vt 0.09049154 0.03555298
vt 0.09052163 0.03537851
vt 0.07264681 0.08288972
vt 0.07246087 0.08316565
vt 0.07222369 0.08291195
vt 0.07232263 0.08276512
vt 0.03654353 0.1178461
vt 0.03625821 0.1180173
vt 0.03615082 0.117687
vt 0.03630263 0.1175959
vt -0.01277362 0.1331615
vt -0.01310545 0.133186
vt -0.01305278 0.1328427
vt -0.01287621 0.1328297
vt -0.06302368 0.124676
vt -0.06333037 0.124547
vt -0.06312733 0.1242652
vt -0.06296416 0.1243339
vt -0.1011868 0.09743474
vt -0.1014076 0.09718581
vt -0.1011028 0.09701945
vt -0.1009853 0.0971519
vt -0.1225737 0.05894399
vt -0.1226729 0.05862638
vt -0.1223266 0.05859981
vt -0.1222738 0.0587688
vt -0.1263078 0.01115565
vt -0.1262619 0.0108261
vt -0.1259374 0.01094989
vt -0.1259618 0.01112524
vt -0.1041466 -0.04681789
vt -0.1039361 -0.04707557
vt -0.1037233 -0.04680116
vt -0.1038353 -0.04666405
vt 0 0
vt 0 0
vt 0 0
vt 0 0
vt 0 0
vt 0 0
vt 0 0
vt 0 0
vt 0 0
vt 0 0
vt 0 0
vt 0 0
vt 0 0
vt 0 0
vt 0 0
vt 0 0
vt 0 0
vt 0 0
vt 0 0
vt 0 0
vt 0 0
vt 0 0
vt 0 0
vt 0 0
vt 0 0
vt 0 0
vt 0 0
vt 0 0
vt 0 0
vt 0 0
vt 0 0
vt 0 0
vt 0 0
vt 0 0
vt 0 0
vt 0 0
vt 0.06568016 -0.05194591
vt 0.06507854 -0.0508363
vt 0.0591836 -0.05403253
vt 0.05978523 -0.05514214
vt 0.1841123 -0.06860948
vt 0.1830203 -0.06797645
vt 0.1796572 -0.07377783
vt 0.1807492 -0.07441087
vt 0.1768324 0.1916635
vt 0.175866 0.1908515
vt 0.1801799 0.1857176
vt 0.1811462 0.1865296
vt 0.08265112 0.242984
vt 0.08209447 0.2418511
vt 0.08811282 0.2388939
vt 0.08866948 0.2400267
vt 0.03274401 0.1823849
vt 0.03230341 0.1812021
vt 0.0385873 0.1788614
vt 0.03902789 0.1800442
vt -0.008847337 0.0691918
vt -0.009298215 0.06801286
vt -0.003034942 0.06561753
vt -0.002584065 0.06679647
vt -0.06507861 -0.05083631
vt -0.06568024 -0.05194593
vt -0.05978531 -0.05514216
vt -0.05918368 -0.05403255
vt -0.1830203 -0.06797649
vt -0.1841123 -0.06860952
vt -0.1807492 -0.0744109
vt -0.1796572 -0.07377787
vt -0.175866 0.1908515
vt -0.1768324 0.1916635
vt -0.1811463 0.1865296
vt -0.1801799 0.1857176
vt -0.08209445 0.2418512
vt -0.08265112 0.242984
vt -0.08866946 0.2400267
vt -0.08811282 0.2388939
vt -0.0323034 0.1812021
vt -0.032744 0.1823849
vt -0.03902789 0.1800442
vt -0.03858729 0.1788614
vt 0.009298155 0.06801287
vt 0.008847279 0.06919181
vt 0.002584006 0.0667965
vt 0.00303488 0.06561755
vt -0.2295015 0.1369878
vt -0.2292351 0.135754
vt -0.2283874 0.1348187
vt -0.2271858 0.1344326
vt -0.225952 0.134699
vt -0.2250167 0.1355466
vt -0.2246305 0.1367483
vt -0.2248969 0.1379821
vt -0.2257445 0.1389174
vt -0.2269462 0.1393035
vt -0.22818 0.1390371
vt -0.2291153 0.1381895
vt 0.2291153 0.1381895
vt 0.22818 0.1390371
vt 0.2269462 0.1393035
vt 0.2257445 0.1389174
vt 0.2248969 0.1379821
vt 0.2246305 0.1367483
vt 0.2250167 0.1355466
vt 0.225952 0.134699
vt 0.2271858 0.1344326
vt 0.2283874 0.1348187
vt 0.2292351 0.135754
vt 0.2295015 0.1369878
o group223485897
g mesh223485897
usemtl mat17
f 4/4/1 3/3/1 2/2/1 1/1/1
f 8/8/2 7/7/2 6/6/2 5/5/2
f 2/12/3 8/11/3 5/10/3 1/9/3
f 6/16/4 7/15/4 3/14/4 4/13/4
f 5/20/5 6/19/5 4/18/5 1/17/5
f 3/24/6 7/23/6 8/22/6 2/21/6
o group1849345224
g mesh1849345224
usemtl mat17
f 12/28/7 11/27/7 10/26/7 9/25/7
f 15/31/8 14/30/8 13/29/8
f 18/35/9 17/34/9 16/33/9 14/32/9
f 21/39/10 20/38/10 19/37/10 17/36/10
f 23/42/11 22/41/11 20/40/11
f 26/46/12 25/45/12 24/44/12 22/43/12
f 29/50/13 28/49/13 27/48/13 25/47/13
f 29/53/14 30/52/14 28/51/14
f 33/57/15 32/56/15 31/55/15 30/54/15
f 36/61/16 35/60/16 34/59/16 32/58/16
f 38/64/17 37/63/17 35/62/17
f 40/68/18 9/67/18 39/66/18 37/65/18
f 39/72/19 34/71/19 35/70/19 37/69/19
f 53/85/20 52/84/20 51/83/20 50/82/20 49/81/20 48/80/20 47/79/20 46/78/20 45/77/20 44/76/20 43/75/20 42/74/20 41/73/20
f 54/88/21 13/87/21 11/86/21
f 52/91/22 53/90/22 38/89/22
f 53/94/23 41/93/23 40/92/23
f 41/97/24 42/96/24 12/95/24
f 42/100/25 43/99/25 54/98/25
f 43/103/26 44/102/26 15/101/26
f 44/106/27 45/105/27 18/104/27
f 45/109/28 46/108/28 21/107/28
f 46/112/29 47/111/29 23/110/29
f 47/115/30 48/114/30 26/113/30
f 48/118/31 49/117/31 29/116/31
f 29/121/32 49/120/32 50/119/32
f 33/124/33 50/123/33 51/122/33
f 51/127/34 52/126/34 36/125/34
f 33/130/35 55/129/35 32/128/35
f 32/133/36 55/132/36 36/131/36
f 51/136/37 55/135/37 33/134/37
f 36/139/38 55/138/38 51/137/38
f 29/142/39 33/141/39 30/140/39
f 50/145/40 33/144/40 29/143/40
f 35/148/41 36/147/41 38/146/41
f 38/151/42 36/150/42 52/149/42
f 37/154/43 38/153/43 40/152/43
f 40/157/44 38/156/44 53/155/44
f 9/160/45 40/159/45 12/158/45
f 12/163/46 40/162/46 41/161/46
f 11/166/47 12/165/47 54/164/47
f 54/169/48 12/168/48 42/167/48
f 13/172/49 54/171/49 15/170/49
f 15/175/50 54/174/50 43/173/50
f 14/178/51 15/177/51 18/176/51
f 18/181/52 15/180/52 44/179/52
f 17/184/53 18/183/53 21/182/53
f 21/187/54 18/186/54 45/185/54
f 20/190/55 21/189/55 23/188/55
f 23/193/56 21/192/56 46/191/56
f 22/196/57 23/195/57 26/194/57
f 26/199/58 23/198/58 47/197/58
f 25/202/59 26/201/59 29/200/59
f 29/205/60 26/204/60 48/203/60
f 57/209/61 56/208/61 27/207/61 31/206/61
f 60/212/62 59/211/62 58/210/62
f 56/217/63 58/216/63 24/215/63 25/214/63 27/213/63
f 58/220/64 19/219/64 24/218/64
f 58/225/65 59/224/65 16/223/65 17/222/65 19/221/65
f 61/231/66 58/230/66 57/229/66 31/228/66 32/227/66 34/226/66
f 62/237/67 39/236/67 9/235/67 10/234/67 60/233/67 58/232/67
f 57/240/68 58/239/68 56/238/68
f 27/244/69 28/243/69 30/242/69 31/241/69
f 39/248/70 62/247/70 61/246/70 34/245/70
f 62/251/71 58/250/71 61/249/71
f 60/255/72 10/254/72 16/253/72 59/252/72
f 10/260/73 11/259/73 13/258/73 14/257/73 16/256/73
f 19/264/74 20/263/74 22/262/74 24/261/74
o group1192500007
g mesh1192500007
usemtl mat17
f 66/268/75 65/267/75 64/266/75 63/265/75
f 69/271/76 68/270/76 67/269/76
f 72/275/77 71/274/77 70/273/77 68/272/77
f 75/279/78 74/278/78 73/277/78 71/276/78
f 77/282/79 76/281/79 74/280/79
f 80/286/80 79/285/80 78/284/80 76/283/80
f 83/290/81 82/289/81 81/288/81 79/287/81
f 83/293/82 84/292/82 82/291/82
f 87/297/83 86/296/83 85/295/83 84/294/83
f 90/301/84 89/300/84 88/299/84 86/298/84
f 92/304/85 91/303/85 89/302/85
f 94/308/86 63/307/86 93/306/86 91/305/86
f 93/312/87 88/311/87 89/310/87 91/309/87
f 107/325/88 106/324/88 105/323/88 104/322/88 103/321/88 102/320/88 101/319/88 100/318/88 99/317/88 98/316/88 97/315/88 96/314/88 95/313/88
f 108/328/89 67/327/89 65/326/89
f 106/331/90 107/330/90 92/329/90
f 107/334/91 95/333/91 94/332/91
f 95/337/92 96/336/92 66/335/92
f 96/340/93 97/339/93 108/338/93
f 97/343/94 98/342/94 69/341/94
f 98/346/95 99/345/95 72/344/95
f 99/349/96 100/348/96 75/347/96
f 100/352/97 101/351/97 77/350/97
f 101/355/98 102/354/98 80/353/98
f 102/358/99 103/357/99 83/356/99
f 83/361/100 103/360/100 104/359/100
f 87/364/101 104/363/101 105/362/101
f 105/367/102 106/366/102 90/365/102
f 87/370/103 109/369/103 86/368/103
f 86/373/104 109/372/104 90/371/104
f 105/376/105 109/375/105 87/374/105
f 90/379/106 109/378/106 105/377/106
f 83/382/107 87/381/107 84/380/107
f 104/385/108 87/384/108 83/383/108
f 89/388/109 90/387/109 92/386/109
f 92/391/110 90/390/110 106/389/110
f 91/394/111 92/393/111 94/392/111
f 94/397/112 92/396/112 107/395/112
f 63/400/113 94/399/113 66/398/113
f 66/403/114 94/402/114 95/401/114
f 65/406/115 66/405/115 108/404/115
f 108/409/116 66/408/116 96/407/116
f 67/412/117 108/411/117 69/410/117
f 69/415/118 108/414/118 97/413/118
f 68/418/119 69/417/119 72/416/119
f 72/421/120 69/420/120 98/419/120
f 71/424/121 72/423/121 75/422/121
f 75/427/122 72/426/122 99/425/122
f 74/430/123 75/429/123 77/428/123
f 77/433/124 75/432/124 100/431/124
f 76/436/125 77/435/125 80/434/125
f 80/439/126 77/438/126 101/437/126
f 79/442/127 80/441/127 83/440/127
f 83/445/128 80/444/128 102/443/128
f 111/449/129 110/448/129 81/447/129 85/446/129
f 114/452/130 113/451/130 112/450/130
f 110/457/131 112/456/131 78/455/131 79/454/131 81/453/131
f 112/460/132 73/459/132 78/458/132
f 112/465/133 113/464/133 70/463/133 71/462/133 73/461/133
f 115/471/134 112/470/134 111/469/134 85/468/134 86/467/134 88/466/134
f 116/477/135 93/476/135 63/475/135 64/474/135 114/473/135 112/472/135
f 111/480/136 112/479/136 110/478/136
f 81/484/137 82/483/137 84/482/137 85/481/137
f 93/488/138 116/487/138 115/486/138 88/485/138
f 116/491/139 112/490/139 115/489/139
f 114/495/140 64/494/140 70/493/140 113/492/140
f 64/500/141 65/499/141 67/498/141 68/497/141 70/496/141
f 73/504/142 74/503/142 76/502/142 78/501/142
o group1238500249
g mesh1238500249
usemtl mat22
f 120/508/143 119/507/143 118/506/143 117/505/143
f 119/512/144 122/511/144 121/510/144 118/509/144
f 122/516/145 124/515/145 123/514/145 121/513/145
f 124/520/146 126/519/146 125/518/146 123/517/146
f 126/524/147 128/523/147 127/522/147 125/521/147
f 128/528/148 130/527/148 129/526/148 127/525/148
f 130/532/149 132/531/149 131/530/149 129/529/149
f 132/536/150 134/535/150 133/534/150 131/533/150
f 134/540/151 136/539/151 135/538/151 133/537/151
f 136/544/152 138/543/152 137/542/152 135/541/152
f 138/548/153 140/547/153 139/546/153 137/545/153
f 140/552/154 120/551/154 117/550/154 139/549/154
f 140/576/156 138/575/156 136/574/156 134/573/156 132/572/156 130/571/156 128/570/156 126/569/156 124/568/156 122/567/156 119/566/156 120/565/156
usemtl mat12
f 117/564/155 118/563/155 121/562/155 123/561/155 125/560/155 127/559/155 129/558/155 131/557/155 133/556/155 135/555/155 137/554/155 139/553/155
o group1604072083
g mesh1604072083
usemtl mat20
f 143/579/157 142/578/157 141/577/157
f 145/582/158 144/581/158 141/580/158
f 144/585/159 145/584/159 143/583/159
f 145/588/160 142/587/160 143/586/160
f 141/591/161 142/590/161 145/589/161
f 144/594/162 143/593/162 141/592/162
o group944074566
g mesh944074566
usemtl mat20
f 148/597/163 147/596/163 146/595/163
f 150/600/164 149/599/164 146/598/164
f 149/603/165 150/602/165 148/601/165
f 150/606/166 147/605/166 148/604/166
f 146/609/167 147/608/167 150/607/167
f 149/612/168 148/611/168 146/610/168
o group1994299063
g mesh1994299063
usemtl mat20
f 153/615/169 152/614/169 151/613/169
f 155/618/170 154/617/170 151/616/170
f 154/621/171 155/620/171 153/619/171
f 155/624/172 152/623/172 153/622/172
f 151/627/173 152/626/173 155/625/173
f 154/630/174 153/629/174 151/628/174
o group88262285
g mesh88262285
usemtl mat21
f 159/634/175 158/633/175 157/632/175 156/631/175
f 158/638/176 161/637/176 160/636/176 157/635/176
f 161/642/177 163/641/177 162/640/177 160/639/177
f 163/646/178 165/645/178 164/644/178 162/643/178
f 165/650/179 167/649/179 166/648/179 164/647/179
f 167/654/180 169/653/180 168/652/180 166/651/180
f 169/658/181 171/657/181 170/656/181 168/655/181
f 171/662/182 173/661/182 172/660/182 170/659/182
f 173/666/183 175/665/183 174/664/183 172/663/183
f 175/670/184 177/669/184 176/668/184 174/667/184
f 177/674/185 179/673/185 178/672/185 176/671/185
f 179/678/186 159/677/186 156/676/186 178/675/186
f 179/702/188 177/701/188 175/700/188 173/699/188 171/698/188 169/697/188 167/696/188 165/695/188 163/694/188 161/693/188 158/692/188 159/691/188
usemtl mat13
f 156/690/187 157/689/187 160/688/187 162/687/187 164/686/187 166/685/187 168/684/187 170/683/187 172/682/187 174/681/187 176/680/187 178/679/187
o group1883008407
g mesh1883008407
usemtl mat21
f 183/706/189 182/705/189 181/704/189 180/703/189
f 182/710/190 185/709/190 184/708/190 181/707/190
f 185/714/191 187/713/191 186/712/191 184/711/191
f 187/718/192 189/717/192 188/716/192 186/715/192
f 189/722/193 191/721/193 190/720/193 188/719/193
f 191/726/194 193/725/194 192/724/194 190/723/194
f 193/730/195 195/729/195 194/728/195 192/727/195
f 195/734/196 197/733/196 196/732/196 194/731/196
f 197/738/197 199/737/197 198/736/197 196/735/197
f 199/742/198 201/741/198 200/740/198 198/739/198
f 201/746/199 203/745/199 202/744/199 200/743/199
f 203/750/200 183/749/200 180/748/200 202/747/200
f 203/774/202 201/773/202 199/772/202 197/771/202 195/770/202 193/769/202 191/768/202 189/767/202 187/766/202 185/765/202 182/764/202 183/763/202
usemtl mat13
f 180/762/201 181/761/201 184/760/201 186/759/201 188/758/201 190/757/201 192/756/201 194/755/201 196/754/201 198/753/201 200/752/201 202/751/201
o group698787417
g mesh698787417
usemtl mat21
f 207/778/203 206/777/203 205/776/203 204/775/203
f 206/782/204 209/781/204 208/780/204 205/779/204
f 209/786/205 211/785/205 210/784/205 208/783/205
f 211/790/206 213/789/206 212/788/206 210/787/206
f 213/794/207 215/793/207 214/792/207 212/791/207
f 215/798/208 217/797/208 216/796/208 214/795/208
f 217/802/209 219/801/209 218/800/209 216/799/209
f 219/806/210 221/805/210 220/804/210 218/803/210
f 221/810/211 223/809/211 222/808/211 220/807/211
f 223/814/212 225/813/212 224/812/212 222/811/212
f 225/818/213 227/817/213 226/816/213 224/815/213
f 227/822/214 207/821/214 204/820/214 226/819/214
f 227/846/216 225/845/216 223/844/216 221/843/216 219/842/216 217/841/216 215/840/216 213/839/216 211/838/216 209/837/216 206/836/216 207/835/216
usemtl mat13
f 204/834/215 205/833/215 208/832/215 210/831/215 212/830/215 214/829/215 216/828/215 218/827/215 220/826/215 222/825/215 224/824/215 226/823/215
o group1201016584
g mesh1201016584
usemtl mat17
f 231/850/217 230/849/217 229/848/217 228/847/217
f 233/854/218 232/853/218 230/852/218 231/851/218
f 235/858/219 234/857/219 232/856/219 233/855/219
f 237/862/220 236/861/220 234/860/220 235/859/220
f 239/866/221 238/865/221 236/864/221 237/863/221
f 241/870/222 240/869/222 238/868/222 239/867/222
f 243/874/223 242/873/223 240/872/223 241/871/223
f 245/878/224 244/877/224 242/876/224 243/875/224
f 247/882/225 246/881/225 244/880/225 245/879/225
f 249/886/226 248/885/226 246/884/226 247/883/226
f 251/890/227 250/889/227 248/888/227 249/887/227
f 228/894/228 229/893/228 250/892/228 251/891/228
f 230/898/229 253/897/229 252/896/229 229/895/229
f 232/902/230 254/901/230 253/900/230 230/899/230
f 234/906/231 255/905/231 254/904/231 232/903/231
f 236/910/232 256/909/232 255/908/232 234/907/232
f 238/914/233 257/913/233 256/912/233 236/911/233
f 240/918/234 258/917/234 257/916/234 238/915/234
f 242/922/235 259/921/235 258/920/235 240/919/235
f 244/926/236 260/925/236 259/924/236 242/923/236
f 246/930/237 261/929/237 260/928/237 244/927/237
f 248/934/238 262/933/238 261/932/238 246/931/238
f 250/938/239 263/937/239 262/936/239 248/935/239
f 229/942/240 252/941/240 263/940/240 250/939/240
f 253/946/241 265/945/241 264/944/241 252/943/241
f 254/950/242 266/949/242 265/948/242 253/947/242
f 255/954/243 267/953/243 266/952/243 254/951/243
f 256/958/244 268/957/244 267/956/244 255/955/244
f 257/962/245 269/961/245 268/960/245 256/959/245
f 258/966/246 270/965/246 269/964/246 257/963/246
f 259/970/247 271/969/247 270/968/247 258/967/247
f 260/974/248 272/973/248 271/972/248 259/971/248
f 261/978/249 273/977/249 272/976/249 260/975/249
f 262/982/250 274/981/250 273/980/250 261/979/250
f 263/986/251 275/985/251 274/984/251 262/983/251
f 252/990/252 264/989/252 275/988/252 263/987/252
f 265/994/253 277/993/253 276/992/253 264/991/253
f 266/998/254 278/997/254 277/996/254 265/995/254
f 267/1002/255 279/1001/255 278/1000/255 266/999/255
f 268/1006/256 280/1005/256 279/1004/256 267/1003/256
f 269/1010/257 281/1009/257 280/1008/257 268/1007/257
f 270/1014/258 282/1013/258 281/1012/258 269/1011/258
f 271/1018/259 283/1017/259 282/1016/259 270/1015/259
f 272/1022/260 284/1021/260 283/1020/260 271/1019/260
f 273/1026/261 285/1025/261 284/1024/261 272/1023/261
f 274/1030/262 286/1029/262 285/1028/262 273/1027/262
f 275/1034/263 287/1033/263 286/1032/263 274/1031/263
f 264/1038/264 276/1037/264 287/1036/264 275/1035/264
f 277/1042/265 289/1041/265 288/1040/265 276/1039/265
f 278/1046/266 290/1045/266 289/1044/266 277/1043/266
f 279/1050/267 291/1049/267 290/1048/267 278/1047/267
f 280/1054/268 292/1053/268 291/1052/268 279/1051/268
f 281/1058/269 293/1057/269 292/1056/269 280/1055/269
f 282/1062/270 294/1061/270 293/1060/270 281/1059/270
f 283/1066/271 295/1065/271 294/1064/271 282/1063/271
f 284/1070/272 296/1069/272 295/1068/272 283/1067/272
f 285/1074/273 297/1073/273 296/1072/273 284/1071/273
f 286/1078/274 298/1077/274 297/1076/274 285/1075/274
f 287/1082/275 299/1081/275 298/1080/275 286/1079/275
f 276/1086/276 288/1085/276 299/1084/276 287/1083/276
f 289/1090/277 301/1089/277 300/1088/277 288/1087/277
f 290/1094/278 302/1093/278 301/1092/278 289/1091/278
f 291/1098/279 303/1097/279 302/1096/279 290/1095/279
f 292/1102/280 304/1101/280 303/1100/280 291/1099/280
f 293/1106/281 305/1105/281 304/1104/281 292/1103/281
f 294/1110/282 306/1109/282 305/1108/282 293/1107/282
f 295/1114/283 307/1113/283 306/1112/283 294/1111/283
f 296/1118/284 308/1117/284 307/1116/284 295/1115/284
f 297/1122/285 309/1121/285 308/1120/285 296/1119/285
f 298/1126/286 310/1125/286 309/1124/286 297/1123/286
f 299/1130/287 311/1129/287 310/1128/287 298/1127/287
f 288/1134/288 300/1133/288 311/1132/288 299/1131/288
f 301/1138/289 313/1137/289 312/1136/289 300/1135/289
f 302/1142/290 314/1141/290 313/1140/290 301/1139/290
f 303/1146/291 315/1145/291 314/1144/291 302/1143/291
f 304/1150/292 316/1149/292 315/1148/292 303/1147/292
f 305/1154/293 317/1153/293 316/1152/293 304/1151/293
f 306/1158/294 318/1157/294 317/1156/294 305/1155/294
f 307/1162/295 319/1161/295 318/1160/295 306/1159/295
f 308/1166/296 320/1165/296 319/1164/296 307/1163/296
f 309/1170/297 321/1169/297 320/1168/297 308/1167/297
f 310/1174/298 322/1173/298 321/1172/298 309/1171/298
f 311/1178/299 323/1177/299 322/1176/299 310/1175/299
f 300/1182/300 312/1181/300 323/1180/300 311/1179/300
f 313/1186/301 325/1185/301 324/1184/301 312/1183/301
f 314/1190/302 326/1189/302 325/1188/302 313/1187/302
f 315/1194/303 327/1193/303 326/1192/303 314/1191/303
f 316/1198/304 328/1197/304 327/1196/304 315/1195/304
f 317/1202/305 329/1201/305 328/1200/305 316/1199/305
f 318/1206/306 330/1205/306 329/1204/306 317/1203/306
f 319/1210/307 331/1209/307 330/1208/307 318/1207/307
f 320/1214/308 332/1213/308 331/1212/308 319/1211/308
f 321/1218/309 333/1217/309 332/1216/309 320/1215/309
f 322/1222/310 334/1221/310 333/1220/310 321/1219/310
f 323/1226/311 335/1225/311 334/1224/311 322/1223/311
f 312/1230/312 324/1229/312 335/1228/312 323/1227/312
f 325/1234/313 337/1233/313 336/1232/313 324/1231/313
f 326/1238/314 338/1237/314 337/1236/314 325/1235/314
f 327/1242/315 339/1241/315 338/1240/315 326/1239/315
f 328/1246/316 340/1245/316 339/1244/316 327/1243/316
f 329/1250/317 341/1249/317 340/1248/317 328/1247/317
f 330/1254/318 342/1253/318 341/1252/318 329/1251/318
f 331/1258/319 343/1257/319 342/1256/319 330/1255/319
f 332/1262/320 344/1261/320 343/1260/320 331/1259/320
f 333/1266/321 345/1265/321 344/1264/321 332/1263/321
f 334/1270/322 346/1269/322 345/1268/322 333/1267/322
f 335/1274/323 347/1273/323 346/1272/323 334/1271/323
f 324/1278/324 336/1277/324 347/1276/324 335/1275/324
f 337/1282/325 349/1281/325 348/1280/325 336/1279/325
f 338/1286/326 350/1285/326 349/1284/326 337/1283/326
f 339/1290/327 351/1289/327 350/1288/327 338/1287/327
f 340/1294/328 352/1293/328 351/1292/328 339/1291/328
f 341/1298/329 353/1297/329 352/1296/329 340/1295/329
f 342/1302/330 354/1301/330 353/1300/330 341/1299/330
f 343/1306/331 355/1305/331 354/1304/331 342/1303/331
f 344/1310/332 356/1309/332 355/1308/332 343/1307/332
f 345/1314/333 357/1313/333 356/1312/333 344/1311/333
f 346/1318/334 358/1317/334 357/1316/334 345/1315/334
f 347/1322/335 359/1321/335 358/1320/335 346/1319/335
f 336/1326/336 348/1325/336 359/1324/336 347/1323/336
f 349/1330/337 361/1329/337 360/1328/337 348/1327/337
f 350/1334/338 362/1333/338 361/1332/338 349/1331/338
f 351/1338/339 363/1337/339 362/1336/339 350/1335/339
f 352/1342/340 364/1341/340 363/1340/340 351/1339/340
f 353/1346/341 365/1345/341 364/1344/341 352/1343/341
f 354/1350/342 366/1349/342 365/1348/342 353/1347/342
f 355/1354/343 367/1353/343 366/1352/343 354/1351/343
f 356/1358/344 368/1357/344 367/1356/344 355/1355/344
f 357/1362/345 369/1361/345 368/1360/345 356/1359/345
f 358/1366/346 370/1365/346 369/1364/346 357/1363/346
f 359/1370/347 371/1369/347 370/1368/347 358/1367/347
f 348/1374/348 360/1373/348 371/1372/348 359/1371/348
f 361/1378/349 231/1377/349 228/1376/349 360/1375/349
f 362/1382/350 233/1381/350 231/1380/350 361/1379/350
f 363/1386/351 235/1385/351 233/1384/351 362/1383/351
f 364/1390/352 237/1389/352 235/1388/352 363/1387/352
f 365/1394/353 239/1393/353 237/1392/353 364/1391/353
f 366/1398/354 241/1397/354 239/1396/354 365/1395/354
f 367/1402/355 243/1401/355 241/1400/355 366/1399/355
f 368/1406/356 245/1405/356 243/1404/356 367/1403/356
f 369/1410/357 247/1409/357 245/1408/357 368/1407/357
f 370/1414/358 249/1413/358 247/1412/358 369/1411/358
f 371/1418/359 251/1417/359 249/1416/359 370/1415/359
f 360/1422/360 228/1421/360 251/1420/360 371/1419/360
o group243584827
g mesh243584827
usemtl mat17
f 375/1426/361 374/1425/361 373/1424/361 372/1423/361
f 377/1430/362 376/1429/362 374/1428/362 375/1427/362
f 379/1434/363 378/1433/363 376/1432/363 377/1431/363
f 381/1438/364 380/1437/364 378/1436/364 379/1435/364
f 383/1442/365 382/1441/365 380/1440/365 381/1439/365
f 385/1446/366 384/1445/366 382/1444/366 383/1443/366
f 387/1450/367 386/1449/367 384/1448/367 385/1447/367
f 389/1454/368 388/1453/368 386/1452/368 387/1451/368
f 391/1458/369 390/1457/369 388/1456/369 389/1455/369
f 393/1462/370 392/1461/370 390/1460/370 391/1459/370
f 395/1466/371 394/1465/371 392/1464/371 393/1463/371
f 372/1470/372 373/1469/372 394/1468/372 395/1467/372
f 374/1474/373 397/1473/373 396/1472/373 373/1471/373
f 376/1478/374 398/1477/374 397/1476/374 374/1475/374
f 378/1482/375 399/1481/375 398/1480/375 376/1479/375
f 380/1486/376 400/1485/376 399/1484/376 378/1483/376
f 382/1490/377 401/1489/377 400/1488/377 380/1487/377
f 384/1494/378 402/1493/378 401/1492/378 382/1491/378
f 386/1498/379 403/1497/379 402/1496/379 384/1495/379
f 388/1502/380 404/1501/380 403/1500/380 386/1499/380
f 390/1506/381 405/1505/381 404/1504/381 388/1503/381
f 392/1510/382 406/1509/382 405/1508/382 390/1507/382
f 394/1514/383 407/1513/383 406/1512/383 392/1511/383
f 373/1518/384 396/1517/384 407/1516/384 394/1515/384
f 397/1522/385 409/1521/385 408/1520/385 396/1519/385
f 398/1526/386 410/1525/386 409/1524/386 397/1523/386
f 399/1530/387 411/1529/387 410/1528/387 398/1527/387
f 400/1534/388 412/1533/388 411/1532/388 399/1531/388
f 401/1538/389 413/1537/389 412/1536/389 400/1535/389
f 402/1542/390 414/1541/390 413/1540/390 401/1539/390
f 403/1546/391 415/1545/391 414/1544/391 402/1543/391
f 404/1550/392 416/1549/392 415/1548/392 403/1547/392
f 405/1554/393 417/1553/393 416/1552/393 404/1551/393
f 406/1558/394 418/1557/394 417/1556/394 405/1555/394
f 407/1562/395 419/1561/395 418/1560/395 406/1559/395
f 396/1566/396 408/1565/396 419/1564/396 407/1563/396
f 409/1570/397 421/1569/397 420/1568/397 408/1567/397
f 410/1574/398 422/1573/398 421/1572/398 409/1571/398
f 411/1578/399 423/1577/399 422/1576/399 410/1575/399
f 412/1582/400 424/1581/400 423/1580/400 411/1579/400
f 413/1586/401 425/1585/401 424/1584/401 412/1583/401
f 414/1590/402 426/1589/402 425/1588/402 413/1587/402
f 415/1594/403 427/1593/403 426/1592/403 414/1591/403
f 416/1598/404 428/1597/404 427/1596/404 415/1595/404
f 417/1602/405 429/1601/405 428/1600/405 416/1599/405
f 418/1606/406 430/1605/406 429/1604/406 417/1603/406
f 419/1610/407 431/1609/407 430/1608/407 418/1607/407
f 408/1614/408 420/1613/408 431/1612/408 419/1611/408
f 421/1618/409 433/1617/409 432/1616/409 420/1615/409
f 422/1622/410 434/1621/410 433/1620/410 421/1619/410
f 423/1626/411 435/1625/411 434/1624/411 422/1623/411
f 424/1630/412 436/1629/412 435/1628/412 423/1627/412
f 425/1634/413 437/1633/413 436/1632/413 424/1631/413
f 426/1638/414 438/1637/414 437/1636/414 425/1635/414
f 427/1642/415 439/1641/415 438/1640/415 426/1639/415
f 428/1646/416 440/1645/416 439/1644/416 427/1643/416
f 429/1650/417 441/1649/417 440/1648/417 428/1647/417
f 430/1654/418 442/1653/418 441/1652/418 429/1651/418
f 431/1658/419 443/1657/419 442/1656/419 430/1655/419
f 420/1662/420 432/1661/420 443/1660/420 431/1659/420
f 433/1666/421 445/1665/421 444/1664/421 432/1663/421
f 434/1670/422 446/1669/422 445/1668/422 433/1667/422
f 435/1674/423 447/1673/423 446/1672/423 434/1671/423
f 436/1678/424 448/1677/424 447/1676/424 435/1675/424
f 437/1682/425 449/1681/425 448/1680/425 436/1679/425
f 438/1686/426 450/1685/426 449/1684/426 437/1683/426
f 439/1690/427 451/1689/427 450/1688/427 438/1687/427
f 440/1694/428 452/1693/428 451/1692/428 439/1691/428
f 441/1698/429 453/1697/429 452/1696/429 440/1695/429
f 442/1702/430 454/1701/430 453/1700/430 441/1699/430
f 443/1706/431 455/1705/431 454/1704/431 442/1703/431
f 432/1710/432 444/1709/432 455/1708/432 443/1707/432
f 445/1714/433 457/1713/433 456/1712/433 444/1711/433
f 446/1718/434 458/1717/434 457/1716/434 445/1715/434
f 447/1722/435 459/1721/435 458/1720/435 446/1719/435
f 448/1726/436 460/1725/436 459/1724/436 447/1723/436
f 449/1730/437 461/1729/437 460/1728/437 448/1727/437
f 450/1734/438 462/1733/438 461/1732/438 449/1731/438
f 451/1738/439 463/1737/439 462/1736/439 450/1735/439
f 452/1742/440 464/1741/440 463/1740/440 451/1739/440
f 453/1746/441 465/1745/441 464/1744/441 452/1743/441
f 454/1750/442 466/1749/442 465/1748/442 453/1747/442
f 455/1754/443 467/1753/443 466/1752/443 454/1751/443
f 444/1758/444 456/1757/444 467/1756/444 455/1755/444
f 457/1762/445 469/1761/445 468/1760/445 456/1759/445
f 458/1766/446 470/1765/446 469/1764/446 457/1763/446
f 459/1770/447 471/1769/447 470/1768/447 458/1767/447
f 460/1774/448 472/1773/448 471/1772/448 459/1771/448
f 461/1778/449 473/1777/449 472/1776/449 460/1775/449
f 462/1782/450 474/1781/450 473/1780/450 461/1779/450
f 463/1786/451 475/1785/451 474/1784/451 462/1783/451
f 464/1790/452 476/1789/452 475/1788/452 463/1787/452
f 465/1794/453 477/1793/453 476/1792/453 464/1791/453
f 466/1798/454 478/1797/454 477/1796/454 465/1795/454
f 467/1802/455 479/1801/455 478/1800/455 466/1799/455
f 456/1806/456 468/1805/456 479/1804/456 467/1803/456
f 469/1810/457 481/1809/457 480/1808/457 468/1807/457
f 470/1814/458 482/1813/458 481/1812/458 469/1811/458
f 471/1818/459 483/1817/459 482/1816/459 470/1815/459
f 472/1822/460 484/1821/460 483/1820/460 471/1819/460
f 473/1826/461 485/1825/461 484/1824/461 472/1823/461
f 474/1830/462 486/1829/462 485/1828/462 473/1827/462
f 475/1834/463 487/1833/463 486/1832/463 474/1831/463
f 476/1838/464 488/1837/464 487/1836/464 475/1835/464
f 477/1842/465 489/1841/465 488/1840/465 476/1839/465
f 478/1846/466 490/1845/466 489/1844/466 477/1843/466
f 479/1850/467 491/1849/467 490/1848/467 478/1847/467
f 468/1854/468 480/1853/468 491/1852/468 479/1851/468
f 481/1858/469 493/1857/469 492/1856/469 480/1855/469
f 482/1862/470 494/1861/470 493/1860/470 481/1859/470
f 483/1866/471 495/1865/471 494/1864/471 482/1863/471
f 484/1870/472 496/1869/472 495/1868/472 483/1867/472
f 485/1874/473 497/1873/473 496/1872/473 484/1871/473
f 486/1878/474 498/1877/474 497/1876/474 485/1875/474
f 487/1882/475 499/1881/475 498/1880/475 486/1879/475
f 488/1886/476 500/1885/476 499/1884/476 487/1883/476
f 489/1890/477 501/1889/477 500/1888/477 488/1887/477
f 490/1894/478 502/1893/478 501/1892/478 489/1891/478
f 491/1898/479 503/1897/479 502/1896/479 490/1895/479
f 480/1902/480 492/1901/480 503/1900/480 491/1899/480
f 493/1906/481 505/1905/481 504/1904/481 492/1903/481
f 494/1910/482 506/1909/482 505/1908/482 493/1907/482
f 495/1914/483 507/1913/483 506/1912/483 494/1911/483
f 496/1918/484 508/1917/484 507/1916/484 495/1915/484
f 497/1922/485 509/1921/485 508/1920/485 496/1919/485
f 498/1926/486 510/1925/486 509/1924/486 497/1923/486
f 499/1930/487 511/1929/487 510/1928/487 498/1927/487
f 500/1934/488 512/1933/488 511/1932/488 499/1931/488
f 501/1938/489 513/1937/489 512/1936/489 500/1935/489
f 502/1942/490 514/1941/490 513/1940/490 501/1939/490
f 503/1946/491 515/1945/491 514/1944/491 502/1943/491
f 492/1950/492 504/1949/492 515/1948/492 503/1947/492
f 505/1954/493 375/1953/493 372/1952/493 504/1951/493
f 506/1958/494 377/1957/494 375/1956/494 505/1955/494
f 507/1962/495 379/1961/495 377/1960/495 506/1959/495
f 508/1966/496 381/1965/496 379/1964/496 507/1963/496
f 509/1970/497 383/1969/497 381/1968/497 508/1967/497
f 510/1974/498 385/1973/498 383/1972/498 509/1971/498
f 511/1978/499 387/1977/499 385/1976/499 510/1975/499
f 512/1982/500 389/1981/500 387/1980/500 511/1979/500
f 513/1986/501 391/1985/501 389/1984/501 512/1983/501
f 514/1990/502 393/1989/502 391/1988/502 513/1987/502
f 515/1994/503 395/1993/503 393/1992/503 514/1991/503
f 504/1998/504 372/1997/504 395/1996/504 515/1995/504
o group1245687448
g mesh1245687448
usemtl mat17
f 519/2002/505 518/2001/505 517/2000/505 516/1999/505
f 523/2006/506 522/2005/506 521/2004/506 520/2003/506
f 517/2010/507 523/2009/507 520/2008/507 516/2007/507
f 521/2014/508 522/2013/508 518/2012/508 519/2011/508
f 520/2018/509 521/2017/509 519/2016/509 516/2015/509
f 518/2022/510 522/2021/510 523/2020/510 517/2019/510
o group2144155958
g mesh2144155958
usemtl mat21
f 527/2026/511 526/2025/511 525/2024/511 524/2023/511
f 526/2030/512 529/2029/512 528/2028/512 525/2027/512
f 529/2034/513 531/2033/513 530/2032/513 528/2031/513
f 531/2038/514 533/2037/514 532/2036/514 530/2035/514
f 533/2042/515 535/2041/515 534/2040/515 532/2039/515
f 535/2046/516 537/2045/516 536/2044/516 534/2043/516
f 537/2050/517 539/2049/517 538/2048/517 536/2047/517
f 539/2054/518 541/2053/518 540/2052/518 538/2051/518
f 541/2058/519 543/2057/519 542/2056/519 540/2055/519
f 543/2062/520 545/2061/520 544/2060/520 542/2059/520
f 545/2066/521 547/2065/521 546/2064/521 544/2063/521
f 547/2070/522 527/2069/522 524/2068/522 546/2067/522
f 547/2094/524 545/2093/524 543/2092/524 541/2091/524 539/2090/524 537/2089/524 535/2088/524 533/2087/524 531/2086/524 529/2085/524 526/2084/524 527/2083/524
usemtl mat13
f 524/2082/523 525/2081/523 528/2080/523 530/2079/523 532/2078/523 534/2077/523 536/2076/523 538/2075/523 540/2074/523 542/2073/523 544/2072/523 546/2071/523
o group985453416
g mesh985453416
usemtl mat17
f 551/2098/525 550/2097/525 549/2096/525 548/2095/525
f 553/2102/526 552/2101/526 550/2100/526 551/2099/526
f 555/2106/527 554/2105/527 552/2104/527 553/2103/527
f 557/2110/528 556/2109/528 554/2108/528 555/2107/528
f 559/2114/529 558/2113/529 556/2112/529 557/2111/529
f 561/2118/530 560/2117/530 558/2116/530 559/2115/530
f 563/2122/531 562/2121/531 560/2120/531 561/2119/531
f 565/2126/532 564/2125/532 562/2124/532 563/2123/532
f 567/2130/533 566/2129/533 564/2128/533 565/2127/533
f 569/2134/534 568/2133/534 566/2132/534 567/2131/534
f 571/2138/535 570/2137/535 568/2136/535 569/2135/535
f 548/2142/536 549/2141/536 570/2140/536 571/2139/536
f 550/2146/537 573/2145/537 572/2144/537 549/2143/537
f 552/2150/538 574/2149/538 573/2148/538 550/2147/538
f 554/2154/539 575/2153/539 574/2152/539 552/2151/539
f 556/2158/540 576/2157/540 575/2156/540 554/2155/540
f 558/2162/541 577/2161/541 576/2160/541 556/2159/541
f 560/2166/542 578/2165/542 577/2164/542 558/2163/542
f 562/2170/543 579/2169/543 578/2168/543 560/2167/543
f 564/2174/544 580/2173/544 579/2172/544 562/2171/544
f 566/2178/545 581/2177/545 580/2176/545 564/2175/545
f 568/2182/546 582/2181/546 581/2180/546 566/2179/546
f 570/2186/547 583/2185/547 582/2184/547 568/2183/547
f 549/2190/548 572/2189/548 583/2188/548 570/2187/548
f 573/2194/549 585/2193/549 584/2192/549 572/2191/549
f 574/2198/550 586/2197/550 585/2196/550 573/2195/550
f 575/2202/551 587/2201/551 586/2200/551 574/2199/551
f 576/2206/552 588/2205/552 587/2204/552 575/2203/552
f 577/2210/553 589/2209/553 588/2208/553 576/2207/553
f 578/2214/554 590/2213/554 589/2212/554 577/2211/554
f 579/2218/555 591/2217/555 590/2216/555 578/2215/555
f 580/2222/556 592/2221/556 591/2220/556 579/2219/556
f 581/2226/557 593/2225/557 592/2224/557 580/2223/557
f 582/2230/558 594/2229/558 593/2228/558 581/2227/558
f 583/2234/559 595/2233/559 594/2232/559 582/2231/559
f 572/2238/560 584/2237/560 595/2236/560 583/2235/560
f 585/2242/561 597/2241/561 596/2240/561 584/2239/561
f 586/2246/562 598/2245/562 597/2244/562 585/2243/562
f 587/2250/563 599/2249/563 598/2248/563 586/2247/563
f 588/2254/564 600/2253/564 599/2252/564 587/2251/564
f 589/2258/565 601/2257/565 600/2256/565 588/2255/565
f 590/2262/566 602/2261/566 601/2260/566 589/2259/566
f 591/2266/567 603/2265/567 602/2264/567 590/2263/567
f 592/2270/568 604/2269/568 603/2268/568 591/2267/568
f 593/2274/569 605/2273/569 604/2272/569 592/2271/569
f 594/2278/570 606/2277/570 605/2276/570 593/2275/570
f 595/2282/571 607/2281/571 606/2280/571 594/2279/571
f 584/2286/572 596/2285/572 607/2284/572 595/2283/572
f 597/2290/573 609/2289/573 608/2288/573 596/2287/573
f 598/2294/574 610/2293/574 609/2292/574 597/2291/574
f 599/2298/575 611/2297/575 610/2296/575 598/2295/575
f 600/2302/576 612/2301/576 611/2300/576 599/2299/576
f 601/2306/577 613/2305/577 612/2304/577 600/2303/577
f 602/2310/578 614/2309/578 613/2308/578 601/2307/578
f 603/2314/579 615/2313/579 614/2312/579 602/2311/579
f 604/2318/580 616/2317/580 615/2316/580 603/2315/580
f 605/2322/581 617/2321/581 616/2320/581 604/2319/581
f 606/2326/582 618/2325/582 617/2324/582 605/2323/582
f 607/2330/583 619/2329/583 618/2328/583 606/2327/583
f 596/2334/584 608/2333/584 619/2332/584 607/2331/584
f 609/2338/585 621/2337/585 620/2336/585 608/2335/585
f 610/2342/586 622/2341/586 621/2340/586 609/2339/586
f 611/2346/587 623/2345/587 622/2344/587 610/2343/587
f 612/2350/588 624/2349/588 623/2348/588 611/2347/588
f 613/2354/589 625/2353/589 624/2352/589 612/2351/589
f 614/2358/590 626/2357/590 625/2356/590 613/2355/590
f 615/2362/591 627/2361/591 626/2360/591 614/2359/591
f 616/2366/592 628/2365/592 627/2364/592 615/2363/592
f 617/2370/593 629/2369/593 628/2368/593 616/2367/593
f 618/2374/594 630/2373/594 629/2372/594 617/2371/594
f 619/2378/595 631/2377/595 630/2376/595 618/2375/595
f 608/2382/596 620/2381/596 631/2380/596 619/2379/596
f 621/2386/597 633/2385/597 632/2384/597 620/2383/597
f 622/2390/598 634/2389/598 633/2388/598 621/2387/598
f 623/2394/599 635/2393/599 634/2392/599 622/2391/599
f 624/2398/600 636/2397/600 635/2396/600 623/2395/600
f 625/2402/601 637/2401/601 636/2400/601 624/2399/601
f 626/2406/602 638/2405/602 637/2404/602 625/2403/602
f 627/2410/603 639/2409/603 638/2408/603 626/2407/603
f 628/2414/604 640/2413/604 639/2412/604 627/2411/604
f 629/2418/605 641/2417/605 640/2416/605 628/2415/605
f 630/2422/606 642/2421/606 641/2420/606 629/2419/606
f 631/2426/607 643/2425/607 642/2424/607 630/2423/607
f 620/2430/608 632/2429/608 643/2428/608 631/2427/608
f 633/2434/609 645/2433/609 644/2432/609 632/2431/609
f 634/2438/610 646/2437/610 645/2436/610 633/2435/610
f 635/2442/611 647/2441/611 646/2440/611 634/2439/611
f 636/2446/612 648/2445/612 647/2444/612 635/2443/612
f 637/2450/613 649/2449/613 648/2448/613 636/2447/613
f 638/2454/614 650/2453/614 649/2452/614 637/2451/614
f 639/2458/615 651/2457/615 650/2456/615 638/2455/615
f 640/2462/616 652/2461/616 651/2460/616 639/2459/616
f 641/2466/617 653/2465/617 652/2464/617 640/2463/617
f 642/2470/618 654/2469/618 653/2468/618 641/2467/618
f 643/2474/619 655/2473/619 654/2472/619 642/2471/619
f 632/2478/620 644/2477/620 655/2476/620 643/2475/620
f 645/2482/621 657/2481/621 656/2480/621 644/2479/621
f 646/2486/622 658/2485/622 657/2484/622 645/2483/622
f 647/2490/623 659/2489/623 658/2488/623 646/2487/623
f 648/2494/624 660/2493/624 659/2492/624 647/2491/624
f 649/2498/625 661/2497/625 660/2496/625 648/2495/625
f 650/2502/626 662/2501/626 661/2500/626 649/2499/626
f 651/2506/627 663/2505/627 662/2504/627 650/2503/627
f 652/2510/628 664/2509/628 663/2508/628 651/2507/628
f 653/2514/629 665/2513/629 664/2512/629 652/2511/629
f 654/2518/630 666/2517/630 665/2516/630 653/2515/630
f 655/2522/631 667/2521/631 666/2520/631 654/2519/631
f 644/2526/632 656/2525/632 667/2524/632 655/2523/632
f 657/2530/633 669/2529/633 668/2528/633 656/2527/633
f 658/2534/634 670/2533/634 669/2532/634 657/2531/634
f 659/2538/635 671/2537/635 670/2536/635 658/2535/635
f 660/2542/636 672/2541/636 671/2540/636 659/2539/636
f 661/2546/637 673/2545/637 672/2544/637 660/2543/637
f 662/2550/638 674/2549/638 673/2548/638 661/2547/638
f 663/2554/639 675/2553/639 674/2552/639 662/2551/639
f 664/2558/640 676/2557/640 675/2556/640 663/2555/640
f 665/2562/641 677/2561/641 676/2560/641 664/2559/641
f 666/2566/642 678/2565/642 677/2564/642 665/2563/642
f 667/2570/643 679/2569/643 678/2568/643 666/2567/643
f 656/2574/644 668/2573/644 679/2572/644 667/2571/644
f 669/2578/645 681/2577/645 680/2576/645 668/2575/645
f 670/2582/646 682/2581/646 681/2580/646 669/2579/646
f 671/2586/647 683/2585/647 682/2584/647 670/2583/647
f 672/2590/648 684/2589/648 683/2588/648 671/2587/648
f 673/2594/649 685/2593/649 684/2592/649 672/2591/649
f 674/2598/650 686/2597/650 685/2596/650 673/2595/650
f 675/2602/651 687/2601/651 686/2600/651 674/2599/651
f 676/2606/652 688/2605/652 687/2604/652 675/2603/652
f 677/2610/653 689/2609/653 688/2608/653 676/2607/653
f 678/2614/654 690/2613/654 689/2612/654 677/2611/654
f 679/2618/655 691/2617/655 690/2616/655 678/2615/655
f 668/2622/656 680/2621/656 691/2620/656 679/2619/656
f 681/2626/657 551/2625/657 548/2624/657 680/2623/657
f 682/2630/658 553/2629/658 551/2628/658 681/2627/658
f 683/2634/659 555/2633/659 553/2632/659 682/2631/659
f 684/2638/660 557/2637/660 555/2636/660 683/2635/660
f 685/2642/661 559/2641/661 557/2640/661 684/2639/661
f 686/2646/662 561/2645/662 559/2644/662 685/2643/662
f 687/2650/663 563/2649/663 561/2648/663 686/2647/663
f 688/2654/664 565/2653/664 563/2652/664 687/2651/664
f 689/2658/665 567/2657/665 565/2656/665 688/2655/665
f 690/2662/666 569/2661/666 567/2660/666 689/2659/666
f 691/2666/667 571/2665/667 569/2664/667 690/2663/667
f 680/2670/668 548/2669/668 571/2668/668 691/2667/668
o group1519116127
g mesh1519116127
usemtl mat17
f 695/2674/669 694/2673/669 693/2672/669 692/2671/669
f 699/2678/670 698/2677/670 697/2676/670 696/2675/670
f 693/2682/671 699/2681/671 696/2680/671 692/2679/671
f 697/2686/672 698/2685/672 694/2684/672 695/2683/672
f 696/2690/673 697/2689/673 695/2688/673 692/2687/673
f 694/2694/674 698/2693/674 699/2692/674 693/2691/674
o group1654225467
g mesh1654225467
usemtl mat17
f 703/2698/675 702/2697/675 701/2696/675 700/2695/675
f 707/2702/676 706/2701/676 705/2700/676 704/2699/676
f 701/2706/677 707/2705/677 704/2704/677 700/2703/677
f 705/2710/678 706/2709/678 702/2708/678 703/2707/678
f 704/2714/679 705/2713/679 703/2712/679 700/2711/679
f 702/2718/680 706/2717/680 707/2716/680 701/2715/680
o group567730303
g mesh567730303
usemtl mat20
f 711/2722/681 710/2721/681 709/2720/681 708/2719/681
f 709/2726/682 710/2725/682 711/2724/682 708/2723/682
o group1922875490
g mesh1922875490
usemtl mat20
f 714/2729/683 713/2728/683 712/2727/683
f 716/2732/684 715/2731/684 712/2730/684
f 715/2735/685 716/2734/685 714/2733/685
f 716/2738/686 713/2737/686 714/2736/686
f 712/2741/687 713/2740/687 716/2739/687
f 715/2744/688 714/2743/688 712/2742/688
o group508102541
g mesh508102541
usemtl mat20
f 719/2747/689 718/2746/689 717/2745/689
f 721/2750/690 720/2749/690 717/2748/690
f 720/2753/691 721/2752/691 719/2751/691
f 721/2756/692 718/2755/692 719/2754/692
f 717/2759/693 718/2758/693 721/2757/693
f 720/2762/694 719/2761/694 717/2760/694
o group498508657
g mesh498508657
usemtl mat17
f 725/2766/695 724/2765/695 723/2764/695 722/2763/695
f 727/2770/696 726/2769/696 724/2768/696 725/2767/696
f 729/2774/697 728/2773/697 726/2772/697 727/2771/697
f 731/2778/698 730/2777/698 728/2776/698 729/2775/698
f 733/2782/699 732/2781/699 730/2780/699 731/2779/699
f 735/2786/700 734/2785/700 732/2784/700 733/2783/700
f 737/2790/701 736/2789/701 734/2788/701 735/2787/701
f 739/2794/702 738/2793/702 736/2792/702 737/2791/702
f 741/2798/703 740/2797/703 738/2796/703 739/2795/703
f 743/2802/704 742/2801/704 740/2800/704 741/2799/704
f 745/2806/705 744/2805/705 742/2804/705 743/2803/705
f 722/2810/706 723/2809/706 744/2808/706 745/2807/706
f 724/2814/707 747/2813/707 746/2812/707 723/2811/707
f 726/2818/708 748/2817/708 747/2816/708 724/2815/708
f 728/2822/709 749/2821/709 748/2820/709 726/2819/709
f 730/2826/710 750/2825/710 749/2824/710 728/2823/710
f 732/2830/711 751/2829/711 750/2828/711 730/2827/711
f 734/2834/712 752/2833/712 751/2832/712 732/2831/712
f 736/2838/713 753/2837/713 752/2836/713 734/2835/713
f 738/2842/714 754/2841/714 753/2840/714 736/2839/714
f 740/2846/715 755/2845/715 754/2844/715 738/2843/715
f 742/2850/716 756/2849/716 755/2848/716 740/2847/716
f 744/2854/717 757/2853/717 756/2852/717 742/2851/717
f 723/2858/718 746/2857/718 757/2856/718 744/2855/718
f 747/2862/719 759/2861/719 758/2860/719 746/2859/719
f 748/2866/720 760/2865/720 759/2864/720 747/2863/720
f 749/2870/721 761/2869/721 760/2868/721 748/2867/721
f 750/2874/722 762/2873/722 761/2872/722 749/2871/722
f 751/2878/723 763/2877/723 762/2876/723 750/2875/723
f 752/2882/724 764/2881/724 763/2880/724 751/2879/724
f 753/2886/725 765/2885/725 764/2884/725 752/2883/725
f 754/2890/726 766/2889/726 765/2888/726 753/2887/726
f 755/2894/727 767/2893/727 766/2892/727 754/2891/727
f 756/2898/728 768/2897/728 767/2896/728 755/2895/728
f 757/2902/729 769/2901/729 768/2900/729 756/2899/729
f 746/2906/730 758/2905/730 769/2904/730 757/2903/730
f 759/2910/731 771/2909/731 770/2908/731 758/2907/731
f 760/2914/732 772/2913/732 771/2912/732 759/2911/732
f 761/2918/733 773/2917/733 772/2916/733 760/2915/733
f 762/2922/734 774/2921/734 773/2920/734 761/2919/734
f 763/2926/735 775/2925/735 774/2924/735 762/2923/735
f 764/2930/736 776/2929/736 775/2928/736 763/2927/736
f 765/2934/737 777/2933/737 776/2932/737 764/2931/737
f 766/2938/738 778/2937/738 777/2936/738 765/2935/738
f 767/2942/739 779/2941/739 778/2940/739 766/2939/739
f 768/2946/740 780/2945/740 779/2944/740 767/2943/740
f 769/2950/741 781/2949/741 780/2948/741 768/2947/741
f 758/2954/742 770/2953/742 781/2952/742 769/2951/742
f 771/2958/743 783/2957/743 782/2956/743 770/2955/743
f 772/2962/744 784/2961/744 783/2960/744 771/2959/744
f 773/2966/745 785/2965/745 784/2964/745 772/2963/745
f 774/2970/746 786/2969/746 785/2968/746 773/2967/746
f 775/2974/747 787/2973/747 786/2972/747 774/2971/747
f 776/2978/748 788/2977/748 787/2976/748 775/2975/748
f 777/2982/749 789/2981/749 788/2980/749 776/2979/749
f 778/2986/750 790/2985/750 789/2984/750 777/2983/750
f 779/2990/751 791/2989/751 790/2988/751 778/2987/751
f 780/2994/752 792/2993/752 791/2992/752 779/2991/752
f 781/2998/753 793/2997/753 792/2996/753 780/2995/753
f 770/3002/754 782/3001/754 793/3000/754 781/2999/754
f 783/3006/755 795/3005/755 794/3004/755 782/3003/755
f 784/3010/756 796/3009/756 795/3008/756 783/3007/756
f 785/3014/757 797/3013/757 796/3012/757 784/3011/757
f 786/3018/758 798/3017/758 797/3016/758 785/3015/758
f 787/3022/759 799/3021/759 798/3020/759 786/3019/759
f 788/3026/760 800/3025/760 799/3024/760 787/3023/760
f 789/3030/761 801/3029/761 800/3028/761 788/3027/761
f 790/3034/762 802/3033/762 801/3032/762 789/3031/762
f 791/3038/763 803/3037/763 802/3036/763 790/3035/763
f 792/3042/764 804/3041/764 803/3040/764 791/3039/764
f 793/3046/765 805/3045/765 804/3044/765 792/3043/765
f 782/3050/766 794/3049/766 805/3048/766 793/3047/766
f 795/3054/767 807/3053/767 806/3052/767 794/3051/767
f 796/3058/768 808/3057/768 807/3056/768 795/3055/768
f 797/3062/769 809/3061/769 808/3060/769 796/3059/769
f 798/3066/770 810/3065/770 809/3064/770 797/3063/770
f 799/3070/771 811/3069/771 810/3068/771 798/3067/771
f 800/3074/772 812/3073/772 811/3072/772 799/3071/772
f 801/3078/773 813/3077/773 812/3076/773 800/3075/773
f 802/3082/774 814/3081/774 813/3080/774 801/3079/774
f 803/3086/775 815/3085/775 814/3084/775 802/3083/775
f 804/3090/776 816/3089/776 815/3088/776 803/3087/776
f 805/3094/777 817/3093/777 816/3092/777 804/3091/777
f 794/3098/778 806/3097/778 817/3096/778 805/3095/778
f 807/3102/779 819/3101/779 818/3100/779 806/3099/779
f 808/3106/780 820/3105/780 819/3104/780 807/3103/780
f 809/3110/781 821/3109/781 820/3108/781 808/3107/781
f 810/3114/782 822/3113/782 821/3112/782 809/3111/782
f 811/3118/783 823/3117/783 822/3116/783 810/3115/783
f 812/3122/784 824/3121/784 823/3120/784 811/3119/784
f 813/3126/785 825/3125/785 824/3124/785 812/3123/785
f 814/3130/786 826/3129/786 825/3128/786 813/3127/786
f 815/3134/787 827/3133/787 826/3132/787 814/3131/787
f 816/3138/788 828/3137/788 827/3136/788 815/3135/788
f 817/3142/789 829/3141/789 828/3140/789 816/3139/789
f 806/3146/790 818/3145/790 829/3144/790 817/3143/790
f 819/3150/791 831/3149/791 830/3148/791 818/3147/791
f 820/3154/792 832/3153/792 831/3152/792 819/3151/792
f 821/3158/793 833/3157/793 832/3156/793 820/3155/793
f 822/3162/794 834/3161/794 833/3160/794 821/3159/794
f 823/3166/795 835/3165/795 834/3164/795 822/3163/795
f 824/3170/796 836/3169/796 835/3168/796 823/3167/796
f 825/3174/797 837/3173/797 836/3172/797 824/3171/797
f 826/3178/798 838/3177/798 837/3176/798 825/3175/798
f 827/3182/799 839/3181/799 838/3180/799 826/3179/799
f 828/3186/800 840/3185/800 839/3184/800 827/3183/800
f 829/3190/801 841/3189/801 840/3188/801 828/3187/801
f 818/3194/802 830/3193/802 841/3192/802 829/3191/802
f 831/3198/803 843/3197/803 842/3196/803 830/3195/803
f 832/3202/804 844/3201/804 843/3200/804 831/3199/804
f 833/3206/805 845/3205/805 844/3204/805 832/3203/805
f 834/3210/806 846/3209/806 845/3208/806 833/3207/806
f 835/3214/807 847/3213/807 846/3212/807 834/3211/807
f 836/3218/808 848/3217/808 847/3216/808 835/3215/808
f 837/3222/809 849/3221/809 848/3220/809 836/3219/809
f 838/3226/810 850/3225/810 849/3224/810 837/3223/810
f 839/3230/811 851/3229/811 850/3228/811 838/3227/811
f 840/3234/812 852/3233/812 851/3232/812 839/3231/812
f 841/3238/813 853/3237/813 852/3236/813 840/3235/813
f 830/3242/814 842/3241/814 853/3240/814 841/3239/814
f 843/3246/815 855/3245/815 854/3244/815 842/3243/815
f 844/3250/816 856/3249/816 855/3248/816 843/3247/816
f 845/3254/817 857/3253/817 856/3252/817 844/3251/817
f 846/3258/818 858/3257/818 857/3256/818 845/3255/818
f 847/3262/819 859/3261/819 858/3260/819 846/3259/819
f 848/3266/820 860/3265/820 859/3264/820 847/3263/820
f 849/3270/821 861/3269/821 860/3268/821 848/3267/821
f 850/3274/822 862/3273/822 861/3272/822 849/3271/822
f 851/3278/823 863/3277/823 862/3276/823 850/3275/823
f 852/3282/824 864/3281/824 863/3280/824 851/3279/824
f 853/3286/825 865/3285/825 864/3284/825 852/3283/825
f 842/3290/826 854/3289/826 865/3288/826 853/3287/826
f 855/3294/827 725/3293/827 722/3292/827 854/3291/827
f 856/3298/828 727/3297/828 725/3296/828 855/3295/828
f 857/3302/829 729/3301/829 727/3300/829 856/3299/829
f 858/3306/830 731/3305/830 729/3304/830 857/3303/830
f 859/3310/831 733/3309/831 731/3308/831 858/3307/831
f 860/3314/832 735/3313/832 733/3312/832 859/3311/832
f 861/3318/833 737/3317/833 735/3316/833 860/3315/833
f 862/3322/834 739/3321/834 737/3320/834 861/3319/834
f 863/3326/835 741/3325/835 739/3324/835 862/3323/835
f 864/3330/836 743/3329/836 741/3328/836 863/3327/836
f 865/3334/837 745/3333/837 743/3332/837 864/3331/837
f 854/3338/838 722/3337/838 745/3336/838 865/3335/838
o group1083010024
g mesh1083010024
usemtl mat22
f 869/3342/839 868/3341/839 867/3340/839 866/3339/839
f 868/3346/840 871/3345/840 870/3344/840 867/3343/840
f 871/3350/841 873/3349/841 872/3348/841 870/3347/841
f 873/3354/842 875/3353/842 874/3352/842 872/3351/842
f 875/3358/843 877/3357/843 876/3356/843 874/3355/843
f 877/3362/844 879/3361/844 878/3360/844 876/3359/844
f 879/3366/845 881/3365/845 880/3364/845 878/3363/845
f 881/3370/846 883/3369/846 882/3368/846 880/3367/846
f 883/3374/847 885/3373/847 884/3372/847 882/3371/847
f 885/3378/848 887/3377/848 886/3376/848 884/3375/848
f 887/3382/849 889/3381/849 888/3380/849 886/3379/849
f 889/3386/850 869/3385/850 866/3384/850 888/3383/850
f 889/3410/852 887/3409/852 885/3408/852 883/3407/852 881/3406/852 879/3405/852 877/3404/852 875/3403/852 873/3402/852 871/3401/852 868/3400/852 869/3399/852
usemtl mat13
f 866/3398/851 867/3397/851 870/3396/851 872/3395/851 874/3394/851 876/3393/851 878/3392/851 880/3391/851 882/3390/851 884/3389/851 886/3388/851 888/3387/851
o group1188495678
g mesh1188495678
usemtl mat17
f 893/3414/853 892/3413/853 891/3412/853 890/3411/853
f 895/3418/854 894/3417/854 892/3416/854 893/3415/854
f 897/3422/855 896/3421/855 894/3420/855 895/3419/855
f 899/3426/856 898/3425/856 896/3424/856 897/3423/856
f 901/3430/857 900/3429/857 898/3428/857 899/3427/857
f 903/3434/858 902/3433/858 900/3432/858 901/3431/858
f 905/3438/859 904/3437/859 902/3436/859 903/3435/859
f 907/3442/860 906/3441/860 904/3440/860 905/3439/860
f 909/3446/861 908/3445/861 906/3444/861 907/3443/861
f 911/3450/862 910/3449/862 908/3448/862 909/3447/862
f 913/3454/863 912/3453/863 910/3452/863 911/3451/863
f 890/3458/864 891/3457/864 912/3456/864 913/3455/864
f 892/3462/865 915/3461/865 914/3460/865 891/3459/865
f 894/3466/866 916/3465/866 915/3464/866 892/3463/866
f 896/3470/867 917/3469/867 916/3468/867 894/3467/867
f 898/3474/868 918/3473/868 917/3472/868 896/3471/868
f 900/3478/869 919/3477/869 918/3476/869 898/3475/869
f 902/3482/870 920/3481/870 919/3480/870 900/3479/870
f 904/3486/871 921/3485/871 920/3484/871 902/3483/871
f 906/3490/872 922/3489/872 921/3488/872 904/3487/872
f 908/3494/873 923/3493/873 922/3492/873 906/3491/873
f 910/3498/874 924/3497/874 923/3496/874 908/3495/874
f 912/3502/875 925/3501/875 924/3500/875 910/3499/875
f 891/3506/876 914/3505/876 925/3504/876 912/3503/876
f 915/3510/877 927/3509/877 926/3508/877 914/3507/877
f 916/3514/878 928/3513/878 927/3512/878 915/3511/878
f 917/3518/879 929/3517/879 928/3516/879 916/3515/879
f 918/3522/880 930/3521/880 929/3520/880 917/3519/880
f 919/3526/881 931/3525/881 930/3524/881 918/3523/881
f 920/3530/882 932/3529/882 931/3528/882 919/3527/882
f 921/3534/883 933/3533/883 932/3532/883 920/3531/883
f 922/3538/884 934/3537/884 933/3536/884 921/3535/884
f 923/3542/885 935/3541/885 934/3540/885 922/3539/885
f 924/3546/886 936/3545/886 935/3544/886 923/3543/886
f 925/3550/887 937/3549/887 936/3548/887 924/3547/887
f 914/3554/888 926/3553/888 937/3552/888 925/3551/888
f 927/3558/889 939/3557/889 938/3556/889 926/3555/889
f 928/3562/890 940/3561/890 939/3560/890 927/3559/890
f 929/3566/891 941/3565/891 940/3564/891 928/3563/891
f 930/3570/892 942/3569/892 941/3568/892 929/3567/892
f 931/3574/893 943/3573/893 942/3572/893 930/3571/893
f 932/3578/894 944/3577/894 943/3576/894 931/3575/894
f 933/3582/895 945/3581/895 944/3580/895 932/3579/895
f 934/3586/896 946/3585/896 945/3584/896 933/3583/896
f 935/3590/897 947/3589/897 946/3588/897 934/3587/897
f 936/3594/898 948/3593/898 947/3592/898 935/3591/898
f 937/3598/899 949/3597/899 948/3596/899 936/3595/899
f 926/3602/900 938/3601/900 949/3600/900 937/3599/900
f 939/3606/901 951/3605/901 950/3604/901 938/3603/901
f 940/3610/902 952/3609/902 951/3608/902 939/3607/902
f 941/3614/903 953/3613/903 952/3612/903 940/3611/903
f 942/3618/904 954/3617/904 953/3616/904 941/3615/904
f 943/3622/905 955/3621/905 954/3620/905 942/3619/905
f 944/3626/906 956/3625/906 955/3624/906 943/3623/906
f 945/3630/907 957/3629/907 956/3628/907 944/3627/907
f 946/3634/908 958/3633/908 957/3632/908 945/3631/908
f 947/3638/909 959/3637/909 958/3636/909 946/3635/909
f 948/3642/910 960/3641/910 959/3640/910 947/3639/910
f 949/3646/911 961/3645/911 960/3644/911 948/3643/911
f 938/3650/912 950/3649/912 961/3648/912 949/3647/912
f 951/3654/913 963/3653/913 962/3652/913 950/3651/913
f 952/3658/914 964/3657/914 963/3656/914 951/3655/914
f 953/3662/915 965/3661/915 964/3660/915 952/3659/915
f 954/3666/916 966/3665/916 965/3664/916 953/3663/916
f 955/3670/917 967/3669/917 966/3668/917 954/3667/917
f 956/3674/918 968/3673/918 967/3672/918 955/3671/918
f 957/3678/919 969/3677/919 968/3676/919 956/3675/919
f 958/3682/920 970/3681/920 969/3680/920 957/3679/920
f 959/3686/921 971/3685/921 970/3684/921 958/3683/921
f 960/3690/922 972/3689/922 971/3688/922 959/3687/922
f 961/3694/923 973/3693/923 972/3692/923 960/3691/923
f 950/3698/924 962/3697/924 973/3696/924 961/3695/924
f 963/3702/925 975/3701/925 974/3700/925 962/3699/925
f 964/3706/926 976/3705/926 975/3704/926 963/3703/926
f 965/3710/927 977/3709/927 976/3708/927 964/3707/927
f 966/3714/928 978/3713/928 977/3712/928 965/3711/928
f 967/3718/929 979/3717/929 978/3716/929 966/3715/929
f 968/3722/930 980/3721/930 979/3720/930 967/3719/930
f 969/3726/931 981/3725/931 980/3724/931 968/3723/931
f 970/3730/932 982/3729/932 981/3728/932 969/3727/932
f 971/3734/933 983/3733/933 982/3732/933 970/3731/933
f 972/3738/934 984/3737/934 983/3736/934 971/3735/934
f 973/3742/935 985/3741/935 984/3740/935 972/3739/935
f 962/3746/936 974/3745/936 985/3744/936 973/3743/936
f 975/3750/937 987/3749/937 986/3748/937 974/3747/937
f 976/3754/938 988/3753/938 987/3752/938 975/3751/938
f 977/3758/939 989/3757/939 988/3756/939 976/3755/939
f 978/3762/940 990/3761/940 989/3760/940 977/3759/940
f 979/3766/941 991/3765/941 990/3764/941 978/3763/941
f 980/3770/942 992/3769/942 991/3768/942 979/3767/942
f 981/3774/943 993/3773/943 992/3772/943 980/3771/943
f 982/3778/944 994/3777/944 993/3776/944 981/3775/944
f 983/3782/945 995/3781/945 994/3780/945 982/3779/945
f 984/3786/946 996/3785/946 995/3784/946 983/3783/946
f 985/3790/947 997/3789/947 996/3788/947 984/3787/947
f 974/3794/948 986/3793/948 997/3792/948 985/3791/948
f 987/3798/949 999/3797/949 998/3796/949 986/3795/949
f 988/3802/950 1000/3801/950 999/3800/950 987/3799/950
f 989/3806/951 1001/3805/951 1000/3804/951 988/3803/951
f 990/3810/952 1002/3809/952 1001/3808/952 989/3807/952
f 991/3814/953 1003/3813/953 1002/3812/953 990/3811/953
f 992/3818/954 1004/3817/954 1003/3816/954 991/3815/954
f 993/3822/955 1005/3821/955 1004/3820/955 992/3819/955
f 994/3826/956 1006/3825/956 1005/3824/956 993/3823/956
f 995/3830/957 1007/3829/957 1006/3828/957 994/3827/957
f 996/3834/958 1008/3833/958 1007/3832/958 995/3831/958
f 997/3838/959 1009/3837/959 1008/3836/959 996/3835/959
f 986/3842/960 998/3841/960 1009/3840/960 997/3839/960
f 999/3846/961 1011/3845/961 1010/3844/961 998/3843/961
f 1000/3850/962 1012/3849/962 1011/3848/962 999/3847/962
f 1001/3854/963 1013/3853/963 1012/3852/963 1000/3851/963
f 1002/3858/964 1014/3857/964 1013/3856/964 1001/3855/964
f 1003/3862/965 1015/3861/965 1014/3860/965 1002/3859/965
f 1004/3866/966 1016/3865/966 1015/3864/966 1003/3863/966
f 1005/3870/967 1017/3869/967 1016/3868/967 1004/3867/967
f 1006/3874/968 1018/3873/968 1017/3872/968 1005/3871/968
f 1007/3878/969 1019/3877/969 1018/3876/969 1006/3875/969
f 1008/3882/970 1020/3881/970 1019/3880/970 1007/3879/970
f 1009/3886/971 1021/3885/971 1020/3884/971 1008/3883/971
f 998/3890/972 1010/3889/972 1021/3888/972 1009/3887/972
f 1011/3894/973 1023/3893/973 1022/3892/973 1010/3891/973
f 1012/3898/974 1024/3897/974 1023/3896/974 1011/3895/974
f 1013/3902/975 1025/3901/975 1024/3900/975 1012/3899/975
f 1014/3906/976 1026/3905/976 1025/3904/976 1013/3903/976
f 1015/3910/977 1027/3909/977 1026/3908/977 1014/3907/977
f 1016/3914/978 1028/3913/978 1027/3912/978 1015/3911/978
f 1017/3918/979 1029/3917/979 1028/3916/979 1016/3915/979
f 1018/3922/980 1030/3921/980 1029/3920/980 1017/3919/980
f 1019/3926/981 1031/3925/981 1030/3924/981 1018/3923/981
f 1020/3930/982 1032/3929/982 1031/3928/982 1019/3927/982
f 1021/3934/983 1033/3933/983 1032/3932/983 1020/3931/983
f 1010/3938/984 1022/3937/984 1033/3936/984 1021/3935/984
f 1023/3942/985 893/3941/985 890/3940/985 1022/3939/985
f 1024/3946/986 895/3945/986 893/3944/986 1023/3943/986
f 1025/3950/987 897/3949/987 895/3948/987 1024/3947/987
f 1026/3954/988 899/3953/988 897/3952/988 1025/3951/988
f 1027/3958/989 901/3957/989 899/3956/989 1026/3955/989
f 1028/3962/990 903/3961/990 901/3960/990 1027/3959/990
f 1029/3966/991 905/3965/991 903/3964/991 1028/3963/991
f 1030/3970/992 907/3969/992 905/3968/992 1029/3967/992
f 1031/3974/993 909/3973/993 907/3972/993 1030/3971/993
f 1032/3978/994 911/3977/994 909/3976/994 1031/3975/994
f 1033/3982/995 913/3981/995 911/3980/995 1032/3979/995
f 1022/3986/996 890/3985/996 913/3984/996 1033/3983/996
o group1305974857
g mesh1305974857
usemtl mat24
f 1037/3990/997 1036/3989/997 1035/3988/997 1034/3987/997
f 1041/3994/998 1040/3993/998 1039/3992/998 1038/3991/998
f 1035/3998/999 1041/3997/999 1038/3996/999 1034/3995/999
f 1039/4002/1000 1040/4001/1000 1036/4000/1000 1037/3999/1000
f 1038/4006/1001 1039/4005/1001 1037/4004/1001 1034/4003/1001
f 1036/4010/1002 1040/4009/1002 1041/4008/1002 1035/4007/1002
o group476095752
g mesh476095752
usemtl mat17
f 1045/4014/1003 1044/4013/1003 1043/4012/1003 1042/4011/1003
f 1047/4018/1004 1046/4017/1004 1044/4016/1004 1045/4015/1004
f 1049/4022/1005 1048/4021/1005 1046/4020/1005 1047/4019/1005
f 1051/4026/1006 1050/4025/1006 1048/4024/1006 1049/4023/1006
f 1053/4030/1007 1052/4029/1007 1050/4028/1007 1051/4027/1007
f 1055/4034/1008 1054/4033/1008 1052/4032/1008 1053/4031/1008
f 1057/4038/1009 1056/4037/1009 1054/4036/1009 1055/4035/1009
f 1059/4042/1010 1058/4041/1010 1056/4040/1010 1057/4039/1010
f 1061/4046/1011 1060/4045/1011 1058/4044/1011 1059/4043/1011
f 1063/4050/1012 1062/4049/1012 1060/4048/1012 1061/4047/1012
f 1065/4054/1013 1064/4053/1013 1062/4052/1013 1063/4051/1013
f 1042/4058/1014 1043/4057/1014 1064/4056/1014 1065/4055/1014
f 1044/4062/1015 1067/4061/1015 1066/4060/1015 1043/4059/1015
f 1046/4066/1016 1068/4065/1016 1067/4064/1016 1044/4063/1016
f 1048/4070/1017 1069/4069/1017 1068/4068/1017 1046/4067/1017
f 1050/4074/1018 1070/4073/1018 1069/4072/1018 1048/4071/1018
f 1052/4078/1019 1071/4077/1019 1070/4076/1019 1050/4075/1019
f 1054/4082/1020 1072/4081/1020 1071/4080/1020 1052/4079/1020
f 1056/4086/1021 1073/4085/1021 1072/4084/1021 1054/4083/1021
f 1058/4090/1022 1074/4089/1022 1073/4088/1022 1056/4087/1022
f 1060/4094/1023 1075/4093/1023 1074/4092/1023 1058/4091/1023
f 1062/4098/1024 1076/4097/1024 1075/4096/1024 1060/4095/1024
f 1064/4102/1025 1077/4101/1025 1076/4100/1025 1062/4099/1025
f 1043/4106/1026 1066/4105/1026 1077/4104/1026 1064/4103/1026
f 1067/4110/1027 1079/4109/1027 1078/4108/1027 1066/4107/1027
f 1068/4114/1028 1080/4113/1028 1079/4112/1028 1067/4111/1028
f 1069/4118/1029 1081/4117/1029 1080/4116/1029 1068/4115/1029
f 1070/4122/1030 1082/4121/1030 1081/4120/1030 1069/4119/1030
f 1071/4126/1031 1083/4125/1031 1082/4124/1031 1070/4123/1031
f 1072/4130/1032 1084/4129/1032 1083/4128/1032 1071/4127/1032
f 1073/4134/1033 1085/4133/1033 1084/4132/1033 1072/4131/1033
f 1074/4138/1034 1086/4137/1034 1085/4136/1034 1073/4135/1034
f 1075/4142/1035 1087/4141/1035 1086/4140/1035 1074/4139/1035
f 1076/4146/1036 1088/4145/1036 1087/4144/1036 1075/4143/1036
f 1077/4150/1037 1089/4149/1037 1088/4148/1037 1076/4147/1037
f 1066/4154/1038 1078/4153/1038 1089/4152/1038 1077/4151/1038
f 1079/4158/1039 1091/4157/1039 1090/4156/1039 1078/4155/1039
f 1080/4162/1040 1092/4161/1040 1091/4160/1040 1079/4159/1040
f 1081/4166/1041 1093/4165/1041 1092/4164/1041 1080/4163/1041
f 1082/4170/1042 1094/4169/1042 1093/4168/1042 1081/4167/1042
f 1083/4174/1043 1095/4173/1043 1094/4172/1043 1082/4171/1043
f 1084/4178/1044 1096/4177/1044 1095/4176/1044 1083/4175/1044
f 1085/4182/1045 1097/4181/1045 1096/4180/1045 1084/4179/1045
f 1086/4186/1046 1098/4185/1046 1097/4184/1046 1085/4183/1046
f 1087/4190/1047 1099/4189/1047 1098/4188/1047 1086/4187/1047
f 1088/4194/1048 1100/4193/1048 1099/4192/1048 1087/4191/1048
f 1089/4198/1049 1101/4197/1049 1100/4196/1049 1088/4195/1049
f 1078/4202/1050 1090/4201/1050 1101/4200/1050 1089/4199/1050
f 1091/4206/1051 1103/4205/1051 1102/4204/1051 1090/4203/1051
f 1092/4210/1052 1104/4209/1052 1103/4208/1052 1091/4207/1052
f 1093/4214/1053 1105/4213/1053 1104/4212/1053 1092/4211/1053
f 1094/4218/1054 1106/4217/1054 1105/4216/1054 1093/4215/1054
f 1095/4222/1055 1107/4221/1055 1106/4220/1055 1094/4219/1055
f 1096/4226/1056 1108/4225/1056 1107/4224/1056 1095/4223/1056
f 1097/4230/1057 1109/4229/1057 1108/4228/1057 1096/4227/1057
f 1098/4234/1058 1110/4233/1058 1109/4232/1058 1097/4231/1058
f 1099/4238/1059 1111/4237/1059 1110/4236/1059 1098/4235/1059
f 1100/4242/1060 1112/4241/1060 1111/4240/1060 1099/4239/1060
f 1101/4246/1061 1113/4245/1061 1112/4244/1061 1100/4243/1061
f 1090/4250/1062 1102/4249/1062 1113/4248/1062 1101/4247/1062
f 1103/4254/1063 1115/4253/1063 1114/4252/1063 1102/4251/1063
f 1104/4258/1064 1116/4257/1064 1115/4256/1064 1103/4255/1064
f 1105/4262/1065 1117/4261/1065 1116/4260/1065 1104/4259/1065
f 1106/4266/1066 1118/4265/1066 1117/4264/1066 1105/4263/1066
f 1107/4270/1067 1119/4269/1067 1118/4268/1067 1106/4267/1067
f 1108/4274/1068 1120/4273/1068 1119/4272/1068 1107/4271/1068
f 1109/4278/1069 1121/4277/1069 1120/4276/1069 1108/4275/1069
f 1110/4282/1070 1122/4281/1070 1121/4280/1070 1109/4279/1070
f 1111/4286/1071 1123/4285/1071 1122/4284/1071 1110/4283/1071
f 1112/4290/1072 1124/4289/1072 1123/4288/1072 1111/4287/1072
f 1113/4294/1073 1125/4293/1073 1124/4292/1073 1112/4291/1073
f 1102/4298/1074 1114/4297/1074 1125/4296/1074 1113/4295/1074
f 1115/4302/1075 1127/4301/1075 1126/4300/1075 1114/4299/1075
f 1116/4306/1076 1128/4305/1076 1127/4304/1076 1115/4303/1076
f 1117/4310/1077 1129/4309/1077 1128/4308/1077 1116/4307/1077
f 1118/4314/1078 1130/4313/1078 1129/4312/1078 1117/4311/1078
f 1119/4318/1079 1131/4317/1079 1130/4316/1079 1118/4315/1079
f 1120/4322/1080 1132/4321/1080 1131/4320/1080 1119/4319/1080
f 1121/4326/1081 1133/4325/1081 1132/4324/1081 1120/4323/1081
f 1122/4330/1082 1134/4329/1082 1133/4328/1082 1121/4327/1082
f 1123/4334/1083 1135/4333/1083 1134/4332/1083 1122/4331/1083
f 1124/4338/1084 1136/4337/1084 1135/4336/1084 1123/4335/1084
f 1125/4342/1085 1137/4341/1085 1136/4340/1085 1124/4339/1085
f 1114/4346/1086 1126/4345/1086 1137/4344/1086 1125/4343/1086
f 1127/4350/1087 1139/4349/1087 1138/4348/1087 1126/4347/1087
f 1128/4354/1088 1140/4353/1088 1139/4352/1088 1127/4351/1088
f 1129/4358/1089 1141/4357/1089 1140/4356/1089 1128/4355/1089
f 1130/4362/1090 1142/4361/1090 1141/4360/1090 1129/4359/1090
f 1131/4366/1091 1143/4365/1091 1142/4364/1091 1130/4363/1091
f 1132/4370/1092 1144/4369/1092 1143/4368/1092 1131/4367/1092
f 1133/4374/1093 1145/4373/1093 1144/4372/1093 1132/4371/1093
f 1134/4378/1094 1146/4377/1094 1145/4376/1094 1133/4375/1094
f 1135/4382/1095 1147/4381/1095 1146/4380/1095 1134/4379/1095
f 1136/4386/1096 1148/4385/1096 1147/4384/1096 1135/4383/1096
f 1137/4390/1097 1149/4389/1097 1148/4388/1097 1136/4387/1097
f 1126/4394/1098 1138/4393/1098 1149/4392/1098 1137/4391/1098
f 1139/4398/1099 1151/4397/1099 1150/4396/1099 1138/4395/1099
f 1140/4402/1100 1152/4401/1100 1151/4400/1100 1139/4399/1100
f 1141/4406/1101 1153/4405/1101 1152/4404/1101 1140/4403/1101
f 1142/4410/1102 1154/4409/1102 1153/4408/1102 1141/4407/1102
f 1143/4414/1103 1155/4413/1103 1154/4412/1103 1142/4411/1103
f 1144/4418/1104 1156/4417/1104 1155/4416/1104 1143/4415/1104
f 1145/4422/1105 1157/4421/1105 1156/4420/1105 1144/4419/1105
f 1146/4426/1106 1158/4425/1106 1157/4424/1106 1145/4423/1106
f 1147/4430/1107 1159/4429/1107 1158/4428/1107 1146/4427/1107
f 1148/4434/1108 1160/4433/1108 1159/4432/1108 1147/4431/1108
f 1149/4438/1109 1161/4437/1109 1160/4436/1109 1148/4435/1109
f 1138/4442/1110 1150/4441/1110 1161/4440/1110 1149/4439/1110
f 1151/4446/1111 1163/4445/1111 1162/4444/1111 1150/4443/1111
f 1152/4450/1112 1164/4449/1112 1163/4448/1112 1151/4447/1112
f 1153/4454/1113 1165/4453/1113 1164/4452/1113 1152/4451/1113
f 1154/4458/1114 1166/4457/1114 1165/4456/1114 1153/4455/1114
f 1155/4462/1115 1167/4461/1115 1166/4460/1115 1154/4459/1115
f 1156/4466/1116 1168/4465/1116 1167/4464/1116 1155/4463/1116
f 1157/4470/1117 1169/4469/1117 1168/4468/1117 1156/4467/1117
f 1158/4474/1118 1170/4473/1118 1169/4472/1118 1157/4471/1118
f 1159/4478/1119 1171/4477/1119 1170/4476/1119 1158/4475/1119
f 1160/4482/1120 1172/4481/1120 1171/4480/1120 1159/4479/1120
f 1161/4486/1121 1173/4485/1121 1172/4484/1121 1160/4483/1121
f 1150/4490/1122 1162/4489/1122 1173/4488/1122 1161/4487/1122
f 1163/4494/1123 1175/4493/1123 1174/4492/1123 1162/4491/1123
f 1164/4498/1124 1176/4497/1124 1175/4496/1124 1163/4495/1124
f 1165/4502/1125 1177/4501/1125 1176/4500/1125 1164/4499/1125
f 1166/4506/1126 1178/4505/1126 1177/4504/1126 1165/4503/1126
f 1167/4510/1127 1179/4509/1127 1178/4508/1127 1166/4507/1127
f 1168/4514/1128 1180/4513/1128 1179/4512/1128 1167/4511/1128
f 1169/4518/1129 1181/4517/1129 1180/4516/1129 1168/4515/1129
f 1170/4522/1130 1182/4521/1130 1181/4520/1130 1169/4519/1130
f 1171/4526/1131 1183/4525/1131 1182/4524/1131 1170/4523/1131
f 1172/4530/1132 1184/4529/1132 1183/4528/1132 1171/4527/1132
f 1173/4534/1133 1185/4533/1133 1184/4532/1133 1172/4531/1133
f 1162/4538/1134 1174/4537/1134 1185/4536/1134 1173/4535/1134
f 1175/4542/1135 1045/4541/1135 1042/4540/1135 1174/4539/1135
f 1176/4546/1136 1047/4545/1136 1045/4544/1136 1175/4543/1136
f 1177/4550/1137 1049/4549/1137 1047/4548/1137 1176/4547/1137
f 1178/4554/1138 1051/4553/1138 1049/4552/1138 1177/4551/1138
f 1179/4558/1139 1053/4557/1139 1051/4556/1139 1178/4555/1139
f 1180/4562/1140 1055/4561/1140 1053/4560/1140 1179/4559/1140
f 1181/4566/1141 1057/4565/1141 1055/4564/1141 1180/4563/1141
f 1182/4570/1142 1059/4569/1142 1057/4568/1142 1181/4567/1142
f 1183/4574/1143 1061/4573/1143 1059/4572/1143 1182/4571/1143
f 1184/4578/1144 1063/4577/1144 1061/4576/1144 1183/4575/1144
f 1185/4582/1145 1065/4581/1145 1063/4580/1145 1184/4579/1145
f 1174/4586/1146 1042/4585/1146 1065/4584/1146 1185/4583/1146
o group1984601680
g mesh1984601680
usemtl mat22
f 1189/4590/1147 1188/4589/1147 1187/4588/1147 1186/4587/1147
f 1188/4594/1148 1191/4593/1148 1190/4592/1148 1187/4591/1148
f 1191/4598/1149 1193/4597/1149 1192/4596/1149 1190/4595/1149
f 1193/4602/1150 1195/4601/1150 1194/4600/1150 1192/4599/1150
f 1195/4606/1151 1197/4605/1151 1196/4604/1151 1194/4603/1151
f 1197/4610/1152 1199/4609/1152 1198/4608/1152 1196/4607/1152
f 1199/4614/1153 1201/4613/1153 1200/4612/1153 1198/4611/1153
f 1201/4618/1154 1203/4617/1154 1202/4616/1154 1200/4615/1154
f 1203/4622/1155 1205/4621/1155 1204/4620/1155 1202/4619/1155
f 1205/4626/1156 1207/4625/1156 1206/4624/1156 1204/4623/1156
f 1207/4630/1157 1209/4629/1157 1208/4628/1157 1206/4627/1157
f 1209/4634/1158 1189/4633/1158 1186/4632/1158 1208/4631/1158
f 1209/4658/1160 1207/4657/1160 1205/4656/1160 1203/4655/1160 1201/4654/1160 1199/4653/1160 1197/4652/1160 1195/4651/1160 1193/4650/1160 1191/4649/1160 1188/4648/1160 1189/4647/1160
usemtl mat12
f 1186/4646/1159 1187/4645/1159 1190/4644/1159 1192/4643/1159 1194/4642/1159 1196/4641/1159 1198/4640/1159 1200/4639/1159 1202/4638/1159 1204/4637/1159 1206/4636/1159 1208/4635/1159
o group698406343
g mesh698406343
usemtl mat20
f 1212/4661/1161 1211/4660/1161 1210/4659/1161
f 1214/4664/1162 1213/4663/1162 1210/4662/1162
f 1213/4667/1163 1214/4666/1163 1212/4665/1163
f 1214/4670/1164 1211/4669/1164 1212/4668/1164
f 1210/4673/1165 1211/4672/1165 1214/4671/1165
f 1213/4676/1166 1212/4675/1166 1210/4674/1166
o group1262095852
g mesh1262095852
usemtl mat20
f 1217/4679/1167 1216/4678/1167 1215/4677/1167
f 1219/4682/1168 1218/4681/1168 1215/4680/1168
f 1218/4685/1169 1219/4684/1169 1217/4683/1169
f 1219/4688/1170 1216/4687/1170 1217/4686/1170
f 1215/4691/1171 1216/4690/1171 1219/4689/1171
f 1218/4694/1172 1217/4693/1172 1215/4692/1172
o group2071021733
g mesh2071021733
usemtl mat20
f 1222/4697/1173 1221/4696/1173 1220/4695/1173
f 1224/4700/1174 1223/4699/1174 1220/4698/1174
f 1223/4703/1175 1224/4702/1175 1222/4701/1175
f 1224/4706/1176 1221/4705/1176 1222/4704/1176
f 1220/4709/1177 1221/4708/1177 1224/4707/1177
f 1223/4712/1178 1222/4711/1178 1220/4710/1178
o group1832772049
g mesh1832772049
usemtl mat12
f 1227/4715/1179 1226/4714/1179 1225/4713/1179
f 1226/4718/1180 1228/4717/1180 1225/4716/1180
f 1228/4721/1181 1229/4720/1181 1225/4719/1181
f 1229/4724/1182 1230/4723/1182 1225/4722/1182
f 1230/4727/1183 1231/4726/1183 1225/4725/1183
f 1231/4730/1184 1232/4729/1184 1225/4728/1184
f 1232/4733/1185 1233/4732/1185 1225/4731/1185
f 1233/4736/1186 1234/4735/1186 1225/4734/1186
f 1234/4739/1187 1235/4738/1187 1225/4737/1187
f 1235/4742/1188 1236/4741/1188 1225/4740/1188
f 1236/4745/1189 1237/4744/1189 1225/4743/1189
f 1237/4748/1190 1227/4747/1190 1225/4746/1190
f 1239/4752/1191 1238/4751/1191 1226/4750/1191 1227/4749/1191
f 1238/4756/1192 1240/4755/1192 1228/4754/1192 1226/4753/1192
f 1240/4760/1193 1241/4759/1193 1229/4758/1193 1228/4757/1193
f 1241/4764/1194 1242/4763/1194 1230/4762/1194 1229/4761/1194
f 1242/4768/1195 1243/4767/1195 1231/4766/1195 1230/4765/1195
f 1243/4772/1196 1244/4771/1196 1232/4770/1196 1231/4769/1196
f 1244/4776/1197 1245/4775/1197 1233/4774/1197 1232/4773/1197
f 1245/4780/1198 1246/4779/1198 1234/4778/1198 1233/4777/1198
f 1246/4784/1199 1247/4783/1199 1235/4782/1199 1234/4781/1199
f 1247/4788/1200 1248/4787/1200 1236/4786/1200 1235/4785/1200
f 1248/4792/1201 1249/4791/1201 1237/4790/1201 1236/4789/1201
f 1249/4796/1202 1239/4795/1202 1227/4794/1202 1237/4793/1202
f 1251/4800/1203 1250/4799/1203 1238/4798/1203 1239/4797/1203
f 1250/4804/1204 1252/4803/1204 1240/4802/1204 1238/4801/1204
f 1252/4808/1205 1253/4807/1205 1241/4806/1205 1240/4805/1205
f 1253/4812/1206 1254/4811/1206 1242/4810/1206 1241/4809/1206
f 1254/4816/1207 1255/4815/1207 1243/4814/1207 1242/4813/1207
f 1255/4820/1208 1256/4819/1208 1244/4818/1208 1243/4817/1208
f 1256/4824/1209 1257/4823/1209 1245/4822/1209 1244/4821/1209
f 1257/4828/1210 1258/4827/1210 1246/4826/1210 1245/4825/1210
f 1258/4832/1211 1259/4831/1211 1247/4830/1211 1246/4829/1211
f 1259/4836/1212 1260/4835/1212 1248/4834/1212 1247/4833/1212
f 1260/4840/1213 1261/4839/1213 1249/4838/1213 1248/4837/1213
f 1261/4844/1214 1251/4843/1214 1239/4842/1214 1249/4841/1214
f 1263/4848/1215 1262/4847/1215 1250/4846/1215 1251/4845/1215
f 1262/4852/1216 1264/4851/1216 1252/4850/1216 1250/4849/1216
f 1264/4856/1217 1265/4855/1217 1253/4854/1217 1252/4853/1217
f 1265/4860/1218 1266/4859/1218 1254/4858/1218 1253/4857/1218
f 1266/4864/1219 1267/4863/1219 1255/4862/1219 1254/4861/1219
f 1267/4868/1220 1268/4867/1220 1256/4866/1220 1255/4865/1220
f 1268/4872/1221 1269/4871/1221 1257/4870/1221 1256/4869/1221
f 1269/4876/1222 1270/4875/1222 1258/4874/1222 1257/4873/1222
f 1270/4880/1223 1271/4879/1223 1259/4878/1223 1258/4877/1223
f 1271/4884/1224 1272/4883/1224 1260/4882/1224 1259/4881/1224
f 1272/4888/1225 1273/4887/1225 1261/4886/1225 1260/4885/1225
f 1273/4892/1226 1263/4891/1226 1251/4890/1226 1261/4889/1226
f 1275/4896/1227 1274/4895/1227 1262/4894/1227 1263/4893/1227
f 1274/4900/1228 1276/4899/1228 1264/4898/1228 1262/4897/1228
f 1276/4904/1229 1277/4903/1229 1265/4902/1229 1264/4901/1229
f 1277/4908/1230 1278/4907/1230 1266/4906/1230 1265/4905/1230
f 1278/4912/1231 1279/4911/1231 1267/4910/1231 1266/4909/1231
f 1279/4916/1232 1280/4915/1232 1268/4914/1232 1267/4913/1232
f 1280/4920/1233 1281/4919/1233 1269/4918/1233 1268/4917/1233
f 1281/4924/1234 1282/4923/1234 1270/4922/1234 1269/4921/1234
f 1282/4928/1235 1283/4927/1235 1271/4926/1235 1270/4925/1235
f 1283/4932/1236 1284/4931/1236 1272/4930/1236 1271/4929/1236
f 1284/4936/1237 1285/4935/1237 1273/4934/1237 1272/4933/1237
f 1285/4940/1238 1275/4939/1238 1263/4938/1238 1273/4937/1238
f 1287/4944/1239 1286/4943/1239 1274/4942/1239 1275/4941/1239
f 1286/4948/1240 1288/4947/1240 1276/4946/1240 1274/4945/1240
f 1288/4952/1241 1289/4951/1241 1277/4950/1241 1276/4949/1241
f 1289/4956/1242 1290/4955/1242 1278/4954/1242 1277/4953/1242
f 1290/4960/1243 1291/4959/1243 1279/4958/1243 1278/4957/1243
f 1291/4964/1244 1292/4963/1244 1280/4962/1244 1279/4961/1244
f 1292/4968/1245 1293/4967/1245 1281/4966/1245 1280/4965/1245
f 1293/4972/1246 1294/4971/1246 1282/4970/1246 1281/4969/1246
f 1294/4976/1247 1295/4975/1247 1283/4974/1247 1282/4973/1247
f 1295/4980/1248 1296/4979/1248 1284/4978/1248 1283/4977/1248
f 1296/4984/1249 1297/4983/1249 1285/4982/1249 1284/4981/1249
f 1297/4988/1250 1287/4987/1250 1275/4986/1250 1285/4985/1250
f 1299/4992/1251 1298/4991/1251 1286/4990/1251 1287/4989/1251
f 1298/4996/1252 1300/4995/1252 1288/4994/1252 1286/4993/1252
f 1300/5000/1253 1301/4999/1253 1289/4998/1253 1288/4997/1253
f 1301/5004/1254 1302/5003/1254 1290/5002/1254 1289/5001/1254
f 1302/5008/1255 1303/5007/1255 1291/5006/1255 1290/5005/1255
f 1303/5012/1256 1304/5011/1256 1292/5010/1256 1291/5009/1256
f 1304/5016/1257 1305/5015/1257 1293/5014/1257 1292/5013/1257
f 1305/5020/1258 1306/5019/1258 1294/5018/1258 1293/5017/1258
f 1306/5024/1259 1307/5023/1259 1295/5022/1259 1294/5021/1259
f 1307/5028/1260 1308/5027/1260 1296/5026/1260 1295/5025/1260
f 1308/5032/1261 1309/5031/1261 1297/5030/1261 1296/5029/1261
f 1309/5036/1262 1299/5035/1262 1287/5034/1262 1297/5033/1262
f 1311/5040/1263 1310/5039/1263 1298/5038/1263 1299/5037/1263
f 1310/5044/1264 1312/5043/1264 1300/5042/1264 1298/5041/1264
f 1312/5048/1265 1313/5047/1265 1301/5046/1265 1300/5045/1265
f 1313/5052/1266 1314/5051/1266 1302/5050/1266 1301/5049/1266
f 1314/5056/1267 1315/5055/1267 1303/5054/1267 1302/5053/1267
f 1315/5060/1268 1316/5059/1268 1304/5058/1268 1303/5057/1268
f 1316/5064/1269 1317/5063/1269 1305/5062/1269 1304/5061/1269
f 1317/5068/1270 1318/5067/1270 1306/5066/1270 1305/5065/1270
f 1318/5072/1271 1319/5071/1271 1307/5070/1271 1306/5069/1271
f 1319/5076/1272 1320/5075/1272 1308/5074/1272 1307/5073/1272
f 1320/5080/1273 1321/5079/1273 1309/5078/1273 1308/5077/1273
f 1321/5084/1274 1311/5083/1274 1299/5082/1274 1309/5081/1274
f 1322/5087/1275 1310/5086/1275 1311/5085/1275
f 1322/5090/1276 1312/5089/1276 1310/5088/1276
f 1322/5093/1277 1313/5092/1277 1312/5091/1277
f 1322/5096/1278 1314/5095/1278 1313/5094/1278
f 1322/5099/1279 1315/5098/1279 1314/5097/1279
f 1322/5102/1280 1316/5101/1280 1315/5100/1280
f 1322/5105/1281 1317/5104/1281 1316/5103/1281
f 1322/5108/1282 1318/5107/1282 1317/5106/1282
f 1322/5111/1283 1319/5110/1283 1318/5109/1283
f 1322/5114/1284 1320/5113/1284 1319/5112/1284
f 1322/5117/1285 1321/5116/1285 1320/5115/1285
f 1322/5120/1286 1311/5119/1286 1321/5118/1286
o group1302064607
g mesh1302064607
usemtl mat12
f 1325/5123/1287 1324/5122/1287 1323/5121/1287
f 1324/5126/1288 1326/5125/1288 1323/5124/1288
f 1326/5129/1289 1327/5128/1289 1323/5127/1289
f 1327/5132/1290 1328/5131/1290 1323/5130/1290
f 1328/5135/1291 1329/5134/1291 1323/5133/1291
f 1329/5138/1292 1330/5137/1292 1323/5136/1292
f 1330/5141/1293 1331/5140/1293 1323/5139/1293
f 1331/5144/1294 1332/5143/1294 1323/5142/1294
f 1332/5147/1295 1333/5146/1295 1323/5145/1295
f 1333/5150/1296 1334/5149/1296 1323/5148/1296
f 1334/5153/1297 1335/5152/1297 1323/5151/1297
f 1335/5156/1298 1325/5155/1298 1323/5154/1298
f 1337/5160/1299 1336/5159/1299 1324/5158/1299 1325/5157/1299
f 1336/5164/1300 1338/5163/1300 1326/5162/1300 1324/5161/1300
f 1338/5168/1301 1339/5167/1301 1327/5166/1301 1326/5165/1301
f 1339/5172/1302 1340/5171/1302 1328/5170/1302 1327/5169/1302
f 1340/5176/1303 1341/5175/1303 1329/5174/1303 1328/5173/1303
f 1341/5180/1304 1342/5179/1304 1330/5178/1304 1329/5177/1304
f 1342/5184/1305 1343/5183/1305 1331/5182/1305 1330/5181/1305
f 1343/5188/1306 1344/5187/1306 1332/5186/1306 1331/5185/1306
f 1344/5192/1307 1345/5191/1307 1333/5190/1307 1332/5189/1307
f 1345/5196/1308 1346/5195/1308 1334/5194/1308 1333/5193/1308
f 1346/5200/1309 1347/5199/1309 1335/5198/1309 1334/5197/1309
f 1347/5204/1310 1337/5203/1310 1325/5202/1310 1335/5201/1310
f 1349/5208/1311 1348/5207/1311 1336/5206/1311 1337/5205/1311
f 1348/5212/1312 1350/5211/1312 1338/5210/1312 1336/5209/1312
f 1350/5216/1313 1351/5215/1313 1339/5214/1313 1338/5213/1313
f 1351/5220/1314 1352/5219/1314 1340/5218/1314 1339/5217/1314
f 1352/5224/1315 1353/5223/1315 1341/5222/1315 1340/5221/1315
f 1353/5228/1316 1354/5227/1316 1342/5226/1316 1341/5225/1316
f 1354/5232/1317 1355/5231/1317 1343/5230/1317 1342/5229/1317
f 1355/5236/1318 1356/5235/1318 1344/5234/1318 1343/5233/1318
f 1356/5240/1319 1357/5239/1319 1345/5238/1319 1344/5237/1319
f 1357/5244/1320 1358/5243/1320 1346/5242/1320 1345/5241/1320
f 1358/5248/1321 1359/5247/1321 1347/5246/1321 1346/5245/1321
f 1359/5252/1322 1349/5251/1322 1337/5250/1322 1347/5249/1322
f 1361/5256/1323 1360/5255/1323 1348/5254/1323 1349/5253/1323
f 1360/5260/1324 1362/5259/1324 1350/5258/1324 1348/5257/1324
f 1362/5264/1325 1363/5263/1325 1351/5262/1325 1350/5261/1325
f 1363/5268/1326 1364/5267/1326 1352/5266/1326 1351/5265/1326
f 1364/5272/1327 1365/5271/1327 1353/5270/1327 1352/5269/1327
f 1365/5276/1328 1366/5275/1328 1354/5274/1328 1353/5273/1328
f 1366/5280/1329 1367/5279/1329 1355/5278/1329 1354/5277/1329
f 1367/5284/1330 1368/5283/1330 1356/5282/1330 1355/5281/1330
f 1368/5288/1331 1369/5287/1331 1357/5286/1331 1356/5285/1331
f 1369/5292/1332 1370/5291/1332 1358/5290/1332 1357/5289/1332
f 1370/5296/1333 1371/5295/1333 1359/5294/1333 1358/5293/1333
f 1371/5300/1334 1361/5299/1334 1349/5298/1334 1359/5297/1334
f 1373/5304/1335 1372/5303/1335 1360/5302/1335 1361/5301/1335
f 1372/5308/1336 1374/5307/1336 1362/5306/1336 1360/5305/1336
f 1374/5312/1337 1375/5311/1337 1363/5310/1337 1362/5309/1337
f 1375/5316/1338 1376/5315/1338 1364/5314/1338 1363/5313/1338
f 1376/5320/1339 1377/5319/1339 1365/5318/1339 1364/5317/1339
f 1377/5324/1340 1378/5323/1340 1366/5322/1340 1365/5321/1340
f 1378/5328/1341 1379/5327/1341 1367/5326/1341 1366/5325/1341
f 1379/5332/1342 1380/5331/1342 1368/5330/1342 1367/5329/1342
f 1380/5336/1343 1381/5335/1343 1369/5334/1343 1368/5333/1343
f 1381/5340/1344 1382/5339/1344 1370/5338/1344 1369/5337/1344
f 1382/5344/1345 1383/5343/1345 1371/5342/1345 1370/5341/1345
f 1383/5348/1346 1373/5347/1346 1361/5346/1346 1371/5345/1346
f 1385/5352/1347 1384/5351/1347 1372/5350/1347 1373/5349/1347
f 1384/5356/1348 1386/5355/1348 1374/5354/1348 1372/5353/1348
f 1386/5360/1349 1387/5359/1349 1375/5358/1349 1374/5357/1349
f 1387/5364/1350 1388/5363/1350 1376/5362/1350 1375/5361/1350
f 1388/5368/1351 1389/5367/1351 1377/5366/1351 1376/5365/1351
f 1389/5372/1352 1390/5371/1352 1378/5370/1352 1377/5369/1352
f 1390/5376/1353 1391/5375/1353 1379/5374/1353 1378/5373/1353
f 1391/5380/1354 1392/5379/1354 1380/5378/1354 1379/5377/1354
f 1392/5384/1355 1393/5383/1355 1381/5382/1355 1380/5381/1355
f 1393/5388/1356 1394/5387/1356 1382/5386/1356 1381/5385/1356
f 1394/5392/1357 1395/5391/1357 1383/5390/1357 1382/5389/1357
f 1395/5396/1358 1385/5395/1358 1373/5394/1358 1383/5393/1358
f 1397/5400/1359 1396/5399/1359 1384/5398/1359 1385/5397/1359
f 1396/5404/1360 1398/5403/1360 1386/5402/1360 1384/5401/1360
f 1398/5408/1361 1399/5407/1361 1387/5406/1361 1386/5405/1361
f 1399/5412/1362 1400/5411/1362 1388/5410/1362 1387/5409/1362
f 1400/5416/1363 1401/5415/1363 1389/5414/1363 1388/5413/1363
f 1401/5420/1364 1402/5419/1364 1390/5418/1364 1389/5417/1364
f 1402/5424/1365 1403/5423/1365 1391/5422/1365 1390/5421/1365
f 1403/5428/1366 1404/5427/1366 1392/5426/1366 1391/5425/1366
f 1404/5432/1367 1405/5431/1367 1393/5430/1367 1392/5429/1367
f 1405/5436/1368 1406/5435/1368 1394/5434/1368 1393/5433/1368
f 1406/5440/1369 1407/5439/1369 1395/5438/1369 1394/5437/1369
f 1407/5444/1370 1397/5443/1370 1385/5442/1370 1395/5441/1370
f 1409/5448/1371 1408/5447/1371 1396/5446/1371 1397/5445/1371
f 1408/5452/1372 1410/5451/1372 1398/5450/1372 1396/5449/1372
f 1410/5456/1373 1411/5455/1373 1399/5454/1373 1398/5453/1373
f 1411/5460/1374 1412/5459/1374 1400/5458/1374 1399/5457/1374
f 1412/5464/1375 1413/5463/1375 1401/5462/1375 1400/5461/1375
f 1413/5468/1376 1414/5467/1376 1402/5466/1376 1401/5465/1376
f 1414/5472/1377 1415/5471/1377 1403/5470/1377 1402/5469/1377
f 1415/5476/1378 1416/5475/1378 1404/5474/1378 1403/5473/1378
f 1416/5480/1379 1417/5479/1379 1405/5478/1379 1404/5477/1379
f 1417/5484/1380 1418/5483/1380 1406/5482/1380 1405/5481/1380
f 1418/5488/1381 1419/5487/1381 1407/5486/1381 1406/5485/1381
f 1419/5492/1382 1409/5491/1382 1397/5490/1382 1407/5489/1382
f 1420/5495/1383 1408/5494/1383 1409/5493/1383
f 1420/5498/1384 1410/5497/1384 1408/5496/1384
f 1420/5501/1385 1411/5500/1385 1410/5499/1385
f 1420/5504/1386 1412/5503/1386 1411/5502/1386
f 1420/5507/1387 1413/5506/1387 1412/5505/1387
f 1420/5510/1388 1414/5509/1388 1413/5508/1388
f 1420/5513/1389 1415/5512/1389 1414/5511/1389
f 1420/5516/1390 1416/5515/1390 1415/5514/1390
f 1420/5519/1391 1417/5518/1391 1416/5517/1391
f 1420/5522/1392 1418/5521/1392 1417/5520/1392
f 1420/5525/1393 1419/5524/1393 1418/5523/1393
f 1420/5528/1394 1409/5527/1394 1419/5526/1394
o group380907867
g mesh380907867
usemtl mat12
f 1423/5531/1395 1422/5530/1395 1421/5529/1395
f 1422/5534/1396 1424/5533/1396 1421/5532/1396
f 1424/5537/1397 1425/5536/1397 1421/5535/1397
f 1425/5540/1398 1426/5539/1398 1421/5538/1398
f 1426/5543/1399 1427/5542/1399 1421/5541/1399
f 1427/5546/1400 1428/5545/1400 1421/5544/1400
f 1428/5549/1401 1429/5548/1401 1421/5547/1401
f 1429/5552/1402 1430/5551/1402 1421/5550/1402
f 1430/5555/1403 1431/5554/1403 1421/5553/1403
f 1431/5558/1404 1432/5557/1404 1421/5556/1404
f 1432/5561/1405 1433/5560/1405 1421/5559/1405
f 1433/5564/1406 1423/5563/1406 1421/5562/1406
f 1435/5568/1407 1434/5567/1407 1422/5566/1407 1423/5565/1407
f 1434/5572/1408 1436/5571/1408 1424/5570/1408 1422/5569/1408
f 1436/5576/1409 1437/5575/1409 1425/5574/1409 1424/5573/1409
f 1437/5580/1410 1438/5579/1410 1426/5578/1410 1425/5577/1410
f 1438/5584/1411 1439/5583/1411 1427/5582/1411 1426/5581/1411
f 1439/5588/1412 1440/5587/1412 1428/5586/1412 1427/5585/1412
f 1440/5592/1413 1441/5591/1413 1429/5590/1413 1428/5589/1413
f 1441/5596/1414 1442/5595/1414 1430/5594/1414 1429/5593/1414
f 1442/5600/1415 1443/5599/1415 1431/5598/1415 1430/5597/1415
f 1443/5604/1416 1444/5603/1416 1432/5602/1416 1431/5601/1416
f 1444/5608/1417 1445/5607/1417 1433/5606/1417 1432/5605/1417
f 1445/5612/1418 1435/5611/1418 1423/5610/1418 1433/5609/1418
f 1447/5616/1419 1446/5615/1419 1434/5614/1419 1435/5613/1419
f 1446/5620/1420 1448/5619/1420 1436/5618/1420 1434/5617/1420
f 1448/5624/1421 1449/5623/1421 1437/5622/1421 1436/5621/1421
f 1449/5628/1422 1450/5627/1422 1438/5626/1422 1437/5625/1422
f 1450/5632/1423 1451/5631/1423 1439/5630/1423 1438/5629/1423
f 1451/5636/1424 1452/5635/1424 1440/5634/1424 1439/5633/1424
f 1452/5640/1425 1453/5639/1425 1441/5638/1425 1440/5637/1425
f 1453/5644/1426 1454/5643/1426 1442/5642/1426 1441/5641/1426
f 1454/5648/1427 1455/5647/1427 1443/5646/1427 1442/5645/1427
f 1455/5652/1428 1456/5651/1428 1444/5650/1428 1443/5649/1428
f 1456/5656/1429 1457/5655/1429 1445/5654/1429 1444/5653/1429
f 1457/5660/1430 1447/5659/1430 1435/5658/1430 1445/5657/1430
f 1459/5664/1431 1458/5663/1431 1446/5662/1431 1447/5661/1431
f 1458/5668/1432 1460/5667/1432 1448/5666/1432 1446/5665/1432
f 1460/5672/1433 1461/5671/1433 1449/5670/1433 1448/5669/1433
f 1461/5676/1434 1462/5675/1434 1450/5674/1434 1449/5673/1434
f 1462/5680/1435 1463/5679/1435 1451/5678/1435 1450/5677/1435
f 1463/5684/1436 1464/5683/1436 1452/5682/1436 1451/5681/1436
f 1464/5688/1437 1465/5687/1437 1453/5686/1437 1452/5685/1437
f 1465/5692/1438 1466/5691/1438 1454/5690/1438 1453/5689/1438
f 1466/5696/1439 1467/5695/1439 1455/5694/1439 1454/5693/1439
f 1467/5700/1440 1468/5699/1440 1456/5698/1440 1455/5697/1440
f 1468/5704/1441 1469/5703/1441 1457/5702/1441 1456/5701/1441
f 1469/5708/1442 1459/5707/1442 1447/5706/1442 1457/5705/1442
f 1471/5712/1443 1470/5711/1443 1458/5710/1443 1459/5709/1443
f 1470/5716/1444 1472/5715/1444 1460/5714/1444 1458/5713/1444
f 1472/5720/1445 1473/5719/1445 1461/5718/1445 1460/5717/1445
f 1473/5724/1446 1474/5723/1446 1462/5722/1446 1461/5721/1446
f 1474/5728/1447 1475/5727/1447 1463/5726/1447 1462/5725/1447
f 1475/5732/1448 1476/5731/1448 1464/5730/1448 1463/5729/1448
f 1476/5736/1449 1477/5735/1449 1465/5734/1449 1464/5733/1449
f 1477/5740/1450 1478/5739/1450 1466/5738/1450 1465/5737/1450
f 1478/5744/1451 1479/5743/1451 1467/5742/1451 1466/5741/1451
f 1479/5748/1452 1480/5747/1452 1468/5746/1452 1467/5745/1452
f 1480/5752/1453 1481/5751/1453 1469/5750/1453 1468/5749/1453
f 1481/5756/1454 1471/5755/1454 1459/5754/1454 1469/5753/1454
f 1483/5760/1455 1482/5759/1455 1470/5758/1455 1471/5757/1455
f 1482/5764/1456 1484/5763/1456 1472/5762/1456 1470/5761/1456
f 1484/5768/1457 1485/5767/1457 1473/5766/1457 1472/5765/1457
f 1485/5772/1458 1486/5771/1458 1474/5770/1458 1473/5769/1458
f 1486/5776/1459 1487/5775/1459 1475/5774/1459 1474/5773/1459
f 1487/5780/1460 1488/5779/1460 1476/5778/1460 1475/5777/1460
f 1488/5784/1461 1489/5783/1461 1477/5782/1461 1476/5781/1461
f 1489/5788/1462 1490/5787/1462 1478/5786/1462 1477/5785/1462
f 1490/5792/1463 1491/5791/1463 1479/5790/1463 1478/5789/1463
f 1491/5796/1464 1492/5795/1464 1480/5794/1464 1479/5793/1464
f 1492/5800/1465 1493/5799/1465 1481/5798/1465 1480/5797/1465
f 1493/5804/1466 1483/5803/1466 1471/5802/1466 1481/5801/1466
f 1495/5808/1467 1494/5807/1467 1482/5806/1467 1483/5805/1467
f 1494/5812/1468 1496/5811/1468 1484/5810/1468 1482/5809/1468
f 1496/5816/1469 1497/5815/1469 1485/5814/1469 1484/5813/1469
f 1497/5820/1470 1498/5819/1470 1486/5818/1470 1485/5817/1470
f 1498/5824/1471 1499/5823/1471 1487/5822/1471 1486/5821/1471
f 1499/5828/1472 1500/5827/1472 1488/5826/1472 1487/5825/1472
f 1500/5832/1473 1501/5831/1473 1489/5830/1473 1488/5829/1473
f 1501/5836/1474 1502/5835/1474 1490/5834/1474 1489/5833/1474
f 1502/5840/1475 1503/5839/1475 1491/5838/1475 1490/5837/1475
f 1503/5844/1476 1504/5843/1476 1492/5842/1476 1491/5841/1476
f 1504/5848/1477 1505/5847/1477 1493/5846/1477 1492/5845/1477
f 1505/5852/1478 1495/5851/1478 1483/5850/1478 1493/5849/1478
f 1507/5856/1479 1506/5855/1479 1494/5854/1479 1495/5853/1479
f 1506/5860/1480 1508/5859/1480 1496/5858/1480 1494/5857/1480
f 1508/5864/1481 1509/5863/1481 1497/5862/1481 1496/5861/1481
f 1509/5868/1482 1510/5867/1482 1498/5866/1482 1497/5865/1482
f 1510/5872/1483 1511/5871/1483 1499/5870/1483 1498/5869/1483
f 1511/5876/1484 1512/5875/1484 1500/5874/1484 1499/5873/1484
f 1512/5880/1485 1513/5879/1485 1501/5878/1485 1500/5877/1485
f 1513/5884/1486 1514/5883/1486 1502/5882/1486 1501/5881/1486
f 1514/5888/1487 1515/5887/1487 1503/5886/1487 1502/5885/1487
f 1515/5892/1488 1516/5891/1488 1504/5890/1488 1503/5889/1488
f 1516/5896/1489 1517/5895/1489 1505/5894/1489 1504/5893/1489
f 1517/5900/1490 1507/5899/1490 1495/5898/1490 1505/5897/1490
f 1518/5903/1491 1506/5902/1491 1507/5901/1491
f 1518/5906/1492 1508/5905/1492 1506/5904/1492
f 1518/5909/1493 1509/5908/1493 1508/5907/1493
f 1518/5912/1494 1510/5911/1494 1509/5910/1494
f 1518/5915/1495 1511/5914/1495 1510/5913/1495
f 1518/5918/1496 1512/5917/1496 1511/5916/1496
f 1518/5921/1497 1513/5920/1497 1512/5919/1497
f 1518/5924/1498 1514/5923/1498 1513/5922/1498
f 1518/5927/1499 1515/5926/1499 1514/5925/1499
f 1518/5930/1500 1516/5929/1500 1515/5928/1500
f 1518/5933/1501 1517/5932/1501 1516/5931/1501
f 1518/5936/1502 1507/5935/1502 1517/5934/1502
o group1374110975
g mesh1374110975
usemtl mat17
f 1522/5940/1503 1521/5939/1503 1520/5938/1503 1519/5937/1503
f 1526/5944/1504 1525/5943/1504 1524/5942/1504 1523/5941/1504
f 1520/5948/1505 1526/5947/1505 1523/5946/1505 1519/5945/1505
f 1524/5952/1506 1525/5951/1506 1521/5950/1506 1522/5949/1506
f 1523/5956/1507 1524/5955/1507 1522/5954/1507 1519/5953/1507
f 1521/5960/1508 1525/5959/1508 1526/5958/1508 1520/5957/1508
o group1453492297
g mesh1453492297
usemtl mat12
f 1529/5963/1509 1528/5962/1509 1527/5961/1509
f 1528/5966/1510 1530/5965/1510 1527/5964/1510
f 1530/5969/1511 1531/5968/1511 1527/5967/1511
f 1531/5972/1512 1532/5971/1512 1527/5970/1512
f 1532/5975/1513 1533/5974/1513 1527/5973/1513
f 1533/5978/1514 1534/5977/1514 1527/5976/1514
f 1534/5981/1515 1535/5980/1515 1527/5979/1515
f 1535/5984/1516 1536/5983/1516 1527/5982/1516
f 1536/5987/1517 1537/5986/1517 1527/5985/1517
f 1537/5990/1518 1538/5989/1518 1527/5988/1518
f 1538/5993/1519 1539/5992/1519 1527/5991/1519
f 1539/5996/1520 1529/5995/1520 1527/5994/1520
f 1541/6000/1521 1540/5999/1521 1528/5998/1521 1529/5997/1521
f 1540/6004/1522 1542/6003/1522 1530/6002/1522 1528/6001/1522
f 1542/6008/1523 1543/6007/1523 1531/6006/1523 1530/6005/1523
f 1543/6012/1524 1544/6011/1524 1532/6010/1524 1531/6009/1524
f 1544/6016/1525 1545/6015/1525 1533/6014/1525 1532/6013/1525
f 1545/6020/1526 1546/6019/1526 1534/6018/1526 1533/6017/1526
f 1546/6024/1527 1547/6023/1527 1535/6022/1527 1534/6021/1527
f 1547/6028/1528 1548/6027/1528 1536/6026/1528 1535/6025/1528
f 1548/6032/1529 1549/6031/1529 1537/6030/1529 1536/6029/1529
f 1549/6036/1530 1550/6035/1530 1538/6034/1530 1537/6033/1530
f 1550/6040/1531 1551/6039/1531 1539/6038/1531 1538/6037/1531
f 1551/6044/1532 1541/6043/1532 1529/6042/1532 1539/6041/1532
f 1553/6048/1533 1552/6047/1533 1540/6046/1533 1541/6045/1533
f 1552/6052/1534 1554/6051/1534 1542/6050/1534 1540/6049/1534
f 1554/6056/1535 1555/6055/1535 1543/6054/1535 1542/6053/1535
f 1555/6060/1536 1556/6059/1536 1544/6058/1536 1543/6057/1536
f 1556/6064/1537 1557/6063/1537 1545/6062/1537 1544/6061/1537
f 1557/6068/1538 1558/6067/1538 1546/6066/1538 1545/6065/1538
f 1558/6072/1539 1559/6071/1539 1547/6070/1539 1546/6069/1539
f 1559/6076/1540 1560/6075/1540 1548/6074/1540 1547/6073/1540
f 1560/6080/1541 1561/6079/1541 1549/6078/1541 1548/6077/1541
f 1561/6084/1542 1562/6083/1542 1550/6082/1542 1549/6081/1542
f 1562/6088/1543 1563/6087/1543 1551/6086/1543 1550/6085/1543
f 1563/6092/1544 1553/6091/1544 1541/6090/1544 1551/6089/1544
f 1565/6096/1545 1564/6095/1545 1552/6094/1545 1553/6093/1545
f 1564/6100/1546 1566/6099/1546 1554/6098/1546 1552/6097/1546
f 1566/6104/1547 1567/6103/1547 1555/6102/1547 1554/6101/1547
f 1567/6108/1548 1568/6107/1548 1556/6106/1548 1555/6105/1548
f 1568/6112/1549 1569/6111/1549 1557/6110/1549 1556/6109/1549
f 1569/6116/1550 1570/6115/1550 1558/6114/1550 1557/6113/1550
f 1570/6120/1551 1571/6119/1551 1559/6118/1551 1558/6117/1551
f 1571/6124/1552 1572/6123/1552 1560/6122/1552 1559/6121/1552
f 1572/6128/1553 1573/6127/1553 1561/6126/1553 1560/6125/1553
f 1573/6132/1554 1574/6131/1554 1562/6130/1554 1561/6129/1554
f 1574/6136/1555 1575/6135/1555 1563/6134/1555 1562/6133/1555
f 1575/6140/1556 1565/6139/1556 1553/6138/1556 1563/6137/1556
f 1577/6144/1557 1576/6143/1557 1564/6142/1557 1565/6141/1557
f 1576/6148/1558 1578/6147/1558 1566/6146/1558 1564/6145/1558
f 1578/6152/1559 1579/6151/1559 1567/6150/1559 1566/6149/1559
f 1579/6156/1560 1580/6155/1560 1568/6154/1560 1567/6153/1560
f 1580/6160/1561 1581/6159/1561 1569/6158/1561 1568/6157/1561
f 1581/6164/1562 1582/6163/1562 1570/6162/1562 1569/6161/1562
f 1582/6168/1563 1583/6167/1563 1571/6166/1563 1570/6165/1563
f 1583/6172/1564 1584/6171/1564 1572/6170/1564 1571/6169/1564
f 1584/6176/1565 1585/6175/1565 1573/6174/1565 1572/6173/1565
f 1585/6180/1566 1586/6179/1566 1574/6178/1566 1573/6177/1566
f 1586/6184/1567 1587/6183/1567 1575/6182/1567 1574/6181/1567
f 1587/6188/1568 1577/6187/1568 1565/6186/1568 1575/6185/1568
f 1589/6192/1569 1588/6191/1569 1576/6190/1569 1577/6189/1569
f 1588/6196/1570 1590/6195/1570 1578/6194/1570 1576/6193/1570
f 1590/6200/1571 1591/6199/1571 1579/6198/1571 1578/6197/1571
f 1591/6204/1572 1592/6203/1572 1580/6202/1572 1579/6201/1572
f 1592/6208/1573 1593/6207/1573 1581/6206/1573 1580/6205/1573
f 1593/6212/1574 1594/6211/1574 1582/6210/1574 1581/6209/1574
f 1594/6216/1575 1595/6215/1575 1583/6214/1575 1582/6213/1575
f 1595/6220/1576 1596/6219/1576 1584/6218/1576 1583/6217/1576
f 1596/6224/1577 1597/6223/1577 1585/6222/1577 1584/6221/1577
f 1597/6228/1578 1598/6227/1578 1586/6226/1578 1585/6225/1578
f 1598/6232/1579 1599/6231/1579 1587/6230/1579 1586/6229/1579
f 1599/6236/1580 1589/6235/1580 1577/6234/1580 1587/6233/1580
f 1601/6240/1581 1600/6239/1581 1588/6238/1581 1589/6237/1581
f 1600/6244/1582 1602/6243/1582 1590/6242/1582 1588/6241/1582
f 1602/6248/1583 1603/6247/1583 1591/6246/1583 1590/6245/1583
f 1603/6252/1584 1604/6251/1584 1592/6250/1584 1591/6249/1584
f 1604/6256/1585 1605/6255/1585 1593/6254/1585 1592/6253/1585
f 1605/6260/1586 1606/6259/1586 1594/6258/1586 1593/6257/1586
f 1606/6264/1587 1607/6263/1587 1595/6262/1587 1594/6261/1587
f 1607/6268/1588 1608/6267/1588 1596/6266/1588 1595/6265/1588
f 1608/6272/1589 1609/6271/1589 1597/6270/1589 1596/6269/1589
f 1609/6276/1590 1610/6275/1590 1598/6274/1590 1597/6273/1590
f 1610/6280/1591 1611/6279/1591 1599/6278/1591 1598/6277/1591
f 1611/6284/1592 1601/6283/1592 1589/6282/1592 1599/6281/1592
f 1613/6288/1593 1612/6287/1593 1600/6286/1593 1601/6285/1593
f 1612/6292/1594 1614/6291/1594 1602/6290/1594 1600/6289/1594
f 1614/6296/1595 1615/6295/1595 1603/6294/1595 1602/6293/1595
f 1615/6300/1596 1616/6299/1596 1604/6298/1596 1603/6297/1596
f 1616/6304/1597 1617/6303/1597 1605/6302/1597 1604/6301/1597
f 1617/6308/1598 1618/6307/1598 1606/6306/1598 1605/6305/1598
f 1618/6312/1599 1619/6311/1599 1607/6310/1599 1606/6309/1599
f 1619/6316/1600 1620/6315/1600 1608/6314/1600 1607/6313/1600
f 1620/6320/1601 1621/6319/1601 1609/6318/1601 1608/6317/1601
f 1621/6324/1602 1622/6323/1602 1610/6322/1602 1609/6321/1602
f 1622/6328/1603 1623/6327/1603 1611/6326/1603 1610/6325/1603
f 1623/6332/1604 1613/6331/1604 1601/6330/1604 1611/6329/1604
f 1624/6335/1605 1612/6334/1605 1613/6333/1605
f 1624/6338/1606 1614/6337/1606 1612/6336/1606
f 1624/6341/1607 1615/6340/1607 1614/6339/1607
f 1624/6344/1608 1616/6343/1608 1615/6342/1608
f 1624/6347/1609 1617/6346/1609 1616/6345/1609
f 1624/6350/1610 1618/6349/1610 1617/6348/1610
f 1624/6353/1611 1619/6352/1611 1618/6351/1611
f 1624/6356/1612 1620/6355/1612 1619/6354/1612
f 1624/6359/1613 1621/6358/1613 1620/6357/1613
f 1624/6362/1614 1622/6361/1614 1621/6360/1614
f 1624/6365/1615 1623/6364/1615 1622/6363/1615
f 1624/6368/1616 1613/6367/1616 1623/6366/1616
o group788893895
g mesh788893895
usemtl mat22
f 1628/6372/1617 1627/6371/1617 1626/6370/1617 1625/6369/1617
f 1627/6376/1618 1630/6375/1618 1629/6374/1618 1626/6373/1618
f 1630/6380/1619 1632/6379/1619 1631/6378/1619 1629/6377/1619
f 1632/6384/1620 1634/6383/1620 1633/6382/1620 1631/6381/1620
f 1634/6388/1621 1636/6387/1621 1635/6386/1621 1633/6385/1621
f 1636/6392/1622 1638/6391/1622 1637/6390/1622 1635/6389/1622
f 1638/6396/1623 1640/6395/1623 1639/6394/1623 1637/6393/1623
f 1640/6400/1624 1642/6399/1624 1641/6398/1624 1639/6397/1624
f 1642/6404/1625 1644/6403/1625 1643/6402/1625 1641/6401/1625
f 1644/6408/1626 1646/6407/1626 1645/6406/1626 1643/6405/1626
f 1646/6412/1627 1648/6411/1627 1647/6410/1627 1645/6409/1627
f 1648/6416/1628 1628/6415/1628 1625/6414/1628 1647/6413/1628
f 1648/6440/1630 1646/6439/1630 1644/6438/1630 1642/6437/1630 1640/6436/1630 1638/6435/1630 1636/6434/1630 1634/6433/1630 1632/6432/1630 1630/6431/1630 1627/6430/1630 1628/6429/1630
usemtl mat13
f 1625/6428/1629 1626/6427/1629 1629/6426/1629 1631/6425/1629 1633/6424/1629 1635/6423/1629 1637/6422/1629 1639/6421/1629 1641/6420/1629 1643/6419/1629 1645/6418/1629 1647/6417/1629
